# Simplified from Natural Earth 1:50m admin-0 countries (public domain, naturalearthdata.com)
# C|iso2|name|continent|labelLon|labelLat   R|lon,lat lon,lat ... (outer rings, 2dp)
C|ZW|Zimbabwe|Africa|29.93|-18.91
R|31.29,-22.40 29.36,-22.19 29.04,-22.02 29.03,-21.80 28.01,-21.55 27.67,-21.06 27.70,-20.53 27.28,-20.48 27.18,-20.10 26.17,-19.54 25.94,-18.94 25.24,-17.97 25.26,-17.79 26.00,-17.97 26.78,-18.04 27.02,-17.96 27.93,-16.90 28.76,-16.53 28.91,-15.99 29.73,-15.64 30.40,-15.64 30.44,-16.00 31.24,-16.02 31.94,-16.43 32.95,-16.71 32.99,-18.36 32.70,-18.94 32.85,-19.10 32.78,-19.39 32.99,-19.98 32.49,-20.66 32.35,-21.14 32.43,-21.30 31.29,-22.40
C|ZM|Zambia|Africa|26.40|-14.66
R|30.40,-15.64 29.49,-15.70 28.91,-15.99 28.76,-16.53 27.93,-16.90 27.02,-17.96 26.78,-18.04 25.86,-17.95 24.73,-17.52 23.38,-17.64 22.15,-16.60 22.04,-16.26 21.98,-13.00 23.96,-12.99 23.88,-12.80 24.05,-11.41 23.97,-10.87 24.37,-11.13 24.38,-11.42 25.29,-11.21 25.35,-11.62 26.03,-11.89 26.82,-11.97 27.16,-11.58 27.57,-12.23 28.41,-12.52 29.01,-13.37 29.55,-13.25 29.78,-13.44 29.80,-12.16 29.51,-12.23 29.49,-12.42 29.06,-12.35 28.48,-11.81 28.38,-11.57 28.65,-10.55 28.60,-9.68 28.40,-9.22 28.87,-8.79 28.90,-8.49 30.75,-8.19 31.03,-8.60 31.45,-8.65 31.67,-8.91 32.43,-9.16 32.92,-9.41 33.00,-9.62 33.20,-9.63 33.35,-9.86 33.31,-10.04 33.66,-10.55 33.26,-10.89 33.38,-11.16 33.23,-11.42 33.25,-12.11 33.34,-12.31 33.51,-12.35 33.02,-12.63 32.97,-13.22 32.67,-13.59 32.99,-14.02 33.20,-14.01 30.23,-14.99 30.40,-15.64
C|YE|Yemen|Asia|45.87|15.33
R|53.09,16.65 52.33,16.29 52.17,15.96 52.22,15.66 51.60,15.34 49.35,14.64 48.67,14.05 47.99,14.05 47.41,13.66 46.79,13.47 45.66,13.34 45.04,12.82 44.62,12.82 44.01,12.61 43.49,12.70 43.23,13.27 43.28,13.69 43.09,14.01 42.94,14.94 42.66,15.23 42.80,15.33 42.72,15.65 42.80,16.37 43.17,16.69 43.19,17.36 43.35,17.49 43.92,17.32 45.15,17.43 45.54,17.30 46.73,17.27 46.98,16.95 47.14,16.95 47.44,17.11 48.17,18.16 49.19,18.62 51.98,19.00 53.09,16.65
R|53.76,12.64 54.51,12.55 53.72,12.32 53.32,12.53 53.53,12.72 53.76,12.64
C|VN|Vietnam|Asia|105.39|21.72
R|107.97,21.51 107.41,21.28 107.35,21.06 107.16,20.95 106.68,21.00 106.75,20.74 106.55,20.53 106.52,20.29 105.98,19.94 105.62,18.97 105.89,18.50 106.50,17.95 106.48,17.72 106.37,17.75 107.83,16.32 108.03,16.33 108.82,15.38 109.30,13.86 109.27,13.28 109.44,12.60 109.34,12.75 109.22,12.65 109.26,11.95 108.99,11.34 107.26,10.40 107.01,10.66 106.95,10.40 106.73,10.54 106.61,10.46 106.74,10.44 106.76,10.30 106.46,10.30 106.79,10.12 106.60,9.86 106.14,10.22 106.57,9.64 106.38,9.56 105.83,10.00 106.16,9.59 106.17,9.40 105.50,9.09 105.11,8.63 104.77,8.60 104.90,8.75 104.85,9.61 105.09,9.95 104.43,10.41 104.85,10.53 105.05,10.70 105.05,10.91 105.31,10.85 105.76,10.99 106.16,10.79 106.16,11.04 105.86,11.29 105.85,11.64 106.01,11.76 106.40,11.69 106.41,11.95 107.51,12.36 107.48,13.03 107.61,13.44 107.33,14.13 107.54,14.65 107.48,14.98 107.65,15.26 107.17,15.80 107.40,16.04 106.85,16.52 106.66,16.49 106.50,16.95 105.11,18.41 105.15,18.65 103.89,19.30 104.06,19.48 104.03,19.68 104.59,19.62 104.93,20.02 104.85,20.20 104.37,20.44 104.58,20.65 104.10,20.95 103.64,20.70 103.10,20.89 102.85,21.27 102.95,21.68 102.82,21.81 102.66,21.68 102.13,22.38 102.47,22.75 102.98,22.45 103.33,22.77 103.49,22.59 103.62,22.78 103.94,22.54 104.14,22.80 104.37,22.70 104.69,22.82 104.86,23.14 105.28,23.35 105.84,22.92 106.15,22.97 106.78,22.78 106.55,22.50 106.66,21.98 106.97,21.92 107.35,21.61 107.76,21.66 107.97,21.51
C|VE|Venezuela|South America|-64.60|7.18
R|-63.85,11.13 -63.92,10.89 -64.40,10.98 -63.85,11.13
R|-60.02,8.55 -59.85,8.25 -60.51,7.81 -60.72,7.54 -60.63,7.21 -60.35,7.15 -60.35,7.00 -60.72,6.77 -61.15,6.69 -61.13,6.21 -61.39,5.94 -60.67,5.16 -60.63,4.89 -61.00,4.54 -61.28,4.52 -61.55,4.29 -62.71,4.02 -62.86,3.59 -63.34,3.94 -64.02,3.93 -64.19,4.13 -64.58,4.14 -64.79,4.28 -64.22,3.59 -64.05,2.50 -63.39,2.41 -63.39,2.22 -64.01,1.93 -64.21,1.53 -65.03,1.16 -65.56,0.69 -65.64,0.97 -66.30,0.75 -66.88,1.22 -67.21,2.39 -67.62,2.79 -67.86,2.79 -67.31,3.42 -67.66,3.86 -67.86,4.51 -67.82,5.27 -67.47,5.93 -67.48,6.18 -67.86,6.29 -69.43,6.12 -70.13,6.95 -70.74,7.09 -71.13,6.99 -72.01,7.03 -72.21,7.37 -72.47,7.52 -72.39,8.29 -72.67,8.63 -72.80,9.11 -73.06,9.26 -73.37,9.19 -73.01,9.79 -72.69,10.84 -72.25,11.20 -71.96,11.67 -71.32,11.86 -71.96,11.57 -71.84,11.19 -71.64,11.01 -71.73,10.99 -71.59,10.66 -72.11,9.82 -71.69,9.07 -71.24,9.16 -71.09,9.35 -71.05,9.71 -71.49,10.53 -71.47,10.96 -70.23,11.37 -70.10,11.52 -69.80,11.47 -69.82,11.67 -70.19,11.62 -70.29,11.89 -70.20,12.10 -70.00,12.18 -69.63,11.48 -68.83,11.43 -68.40,11.16 -68.14,10.49 -66.25,10.63 -65.85,10.26 -65.13,10.07 -64.85,10.10 -64.19,10.46 -63.73,10.50 -64.30,10.64 -61.88,10.74 -62.38,10.55 -62.91,10.53 -62.69,10.29 -62.74,10.06 -62.55,10.20 -62.32,9.78 -62.08,9.98 -61.74,9.63 -61.77,9.81 -61.59,9.89 -60.79,9.36 -61.02,9.15 -61.25,8.60 -61.62,8.60 -61.30,8.41 -60.80,8.59 -60.02,8.55
C|VA|Vatican|Europe|12.45|41.90
R|12.44,41.90 12.43,41.90 12.43,41.91 12.44,41.91 12.44,41.90
C|VU|Vanuatu|Oceania|166.91|-15.37
R|166.75,-14.83 166.81,-15.16 167.08,-14.94 167.20,-15.44 167.09,-15.58 166.76,-15.63 166.63,-15.41 166.53,-14.76 166.61,-14.64 166.75,-14.83
R|167.41,-16.10 167.84,-16.45 167.45,-16.55 167.35,-16.15 167.15,-16.08 167.25,-15.88 167.41,-16.10
R|168.45,-16.78 168.18,-16.80 168.14,-16.64 168.45,-16.78
R|168.30,-16.34 167.93,-16.23 168.16,-16.08 168.30,-16.34
R|168.45,-17.54 168.58,-17.70 168.52,-17.80 168.16,-17.71 168.45,-17.54
R|167.91,-15.44 167.67,-15.45 168.00,-15.28 167.91,-15.44
R|168.21,-15.97 168.20,-15.97 168.18,-15.93 168.12,-15.68 168.16,-15.46 168.18,-15.51 168.27,-15.89 168.26,-15.96 168.21,-15.97
R|168.19,-15.33 168.17,-15.39 168.13,-15.32 168.10,-15.02 168.11,-14.99 168.14,-14.99 168.19,-15.20 168.19,-15.33
R|167.22,-15.72 167.20,-15.75 167.09,-15.69 167.12,-15.62 167.23,-15.65 167.22,-15.72
R|167.58,-14.26 167.43,-14.29 167.41,-14.20 167.51,-14.14 167.58,-14.26
R|167.49,-13.91 167.39,-13.79 167.48,-13.71 167.49,-13.91
R|169.90,-20.19 169.86,-20.24 169.81,-20.24 169.74,-20.20 169.75,-20.15 169.83,-20.14 169.90,-20.19
R|169.49,-19.54 169.35,-19.62 169.25,-19.34 169.49,-19.54
R|169.33,-18.94 168.99,-18.87 169.02,-18.64 169.14,-18.63 169.33,-18.94
C|UZ|Uzbekistan|Asia|64.01|41.69
R|70.95,42.25 71.23,42.16 70.86,42.03 70.20,41.51 70.69,41.45 70.86,41.22 71.39,41.12 71.42,41.34 71.59,41.33 71.66,41.54 71.88,41.20 72.16,41.17 72.19,41.03 73.14,40.81 72.60,40.53 72.40,40.58 72.36,40.40 72.13,40.44 71.69,40.15 71.30,40.29 70.60,40.21 70.38,40.44 70.75,40.74 70.40,41.04 69.71,40.66 69.41,40.80 69.21,40.57 69.27,40.20 68.63,40.17 68.97,40.09 68.80,40.05 68.87,39.91 68.64,39.84 68.51,39.56 67.72,39.62 67.43,39.47 67.36,39.22 67.65,39.13 67.69,38.99 68.13,38.93 68.09,38.47 68.35,38.21 67.81,37.49 67.76,37.17 66.52,37.35 66.57,38.01 65.97,38.24 65.61,38.24 63.76,39.16 62.48,39.98 61.90,41.09 61.50,41.28 60.45,41.22 60.09,41.40 60.08,41.76 60.20,41.80 59.94,41.97 59.99,42.21 59.35,42.32 58.59,42.78 58.15,42.63 58.47,42.30 58.03,42.49 57.81,42.19 57.29,42.12 56.96,41.86 57.12,41.35 57.02,41.26 55.98,41.32 55.98,44.99 58.56,45.56 61.01,44.39 61.99,43.49 63.21,43.63 64.44,43.55 64.91,43.71 65.50,43.31 65.80,42.88 66.10,42.99 66.01,42.00 66.50,41.99 66.71,41.18 67.94,41.20 68.11,41.03 68.05,40.81 68.42,40.62 68.57,40.62 68.58,40.88 69.15,41.43 70.95,42.25
C|UY|Uruguay|South America|-55.97|-32.96
R|-53.37,-33.74 -53.79,-34.38 -54.17,-34.67 -54.90,-34.93 -55.67,-34.78 -56.25,-34.90 -57.17,-34.45 -57.87,-34.45 -58.40,-33.91 -58.44,-33.72 -58.36,-33.18 -58.09,-32.97 -58.19,-31.92 -57.99,-31.62 -58.05,-31.49 -57.81,-30.86 -57.87,-30.59 -57.65,-30.23 -57.21,-30.28 -57.12,-30.14 -56.83,-30.11 -56.04,-30.78 -56.00,-31.08 -55.60,-30.85 -55.17,-31.28 -54.59,-31.49 -54.22,-31.86 -53.76,-32.06 -53.60,-32.40 -53.13,-32.74 -53.53,-33.17 -53.53,-33.66 -53.37,-33.74
C|FM|Micronesia|Oceania|158.23|6.89
R|162.98,5.33 162.99,5.28 162.93,5.30 162.92,5.32 162.96,5.34 162.98,5.33
R|138.14,9.50 138.07,9.42 138.06,9.45 138.09,9.49 138.15,9.58 138.19,9.59 138.21,9.55 138.18,9.51 138.14,9.50
R|151.65,7.35 151.64,7.33 151.57,7.35 151.60,7.36 151.61,7.38 151.59,7.38 151.63,7.39 151.65,7.35
R|151.88,7.43 151.86,7.43 151.87,7.47 151.91,7.46 151.88,7.43
R|158.31,6.81 158.18,6.80 158.13,6.94 158.29,6.95 158.31,6.81
C|MH|Marshall Is.|Oceania|171.19|7.08
R|169.64,5.83 169.62,5.80 169.59,5.80 169.63,5.86 169.65,5.95 169.73,6.01 169.73,5.98 169.67,5.94 169.64,5.83
R|168.83,7.31 168.82,7.29 168.72,7.30 168.68,7.32 168.68,7.34 168.83,7.31
R|171.58,7.05 171.61,7.03 171.69,7.03 171.76,6.97 171.66,7.01 171.61,7.01 171.58,7.05
R|171.10,7.14 171.23,7.09 171.39,7.11 171.24,7.07 171.10,7.11 171.04,7.16 171.05,7.17 171.10,7.14
R|166.89,11.15 166.84,11.15 166.89,11.17 166.90,11.17 166.89,11.15
C|MP|N. Mariana Is.|Oceania|145.73|15.19
R|145.71,18.76 145.68,18.73 145.65,18.75 145.65,18.81 145.71,18.79 145.71,18.76
R|145.71,16.34 145.66,16.34 145.64,16.35 145.63,16.38 145.70,16.38 145.72,16.36 145.71,16.34
R|145.26,14.16 145.22,14.11 145.16,14.14 145.15,14.16 145.23,14.19 145.27,14.18 145.26,14.16
R|145.78,18.08 145.73,18.06 145.81,18.17 145.84,18.14 145.78,18.08
R|145.75,15.13 145.75,15.11 145.68,15.13 145.71,15.22 145.82,15.27 145.75,15.13
R|145.66,14.97 145.62,14.92 145.59,15.03 145.62,15.06 145.65,15.06 145.66,14.97
C|VI|U.S. Virgin Is.|North America|-64.78|17.75
R|-64.85,18.33 -64.92,18.32 -65.02,18.37 -64.94,18.39 -64.89,18.37 -64.85,18.33
R|-64.66,18.35 -64.73,18.33 -64.79,18.34 -64.75,18.37 -64.66,18.35
R|-64.77,17.79 -64.58,17.75 -64.89,17.70 -64.77,17.79
C|GU|Guam|Oceania|144.70|13.35
R|144.74,13.26 144.65,13.43 144.88,13.61 144.74,13.26
C|AS|American Samoa|Oceania|-170.75|-14.33
R|-170.73,-14.35 -170.77,-14.36 -170.82,-14.31 -170.69,-14.26 -170.57,-14.27 -170.64,-14.28 -170.73,-14.35
C|PR|Puerto Rico|North America|-66.48|18.23
R|-66.13,18.44 -65.63,18.38 -65.62,18.24 -65.97,17.97 -67.20,17.99 -67.26,18.36 -67.16,18.50 -66.13,18.44
C|US|United States of America|North America|-97.48|39.54
R|-132.75,56.53 -132.95,56.57 -132.84,56.79 -132.57,56.58 -132.75,56.53
R|-171.46,63.64 -170.43,63.70 -169.55,63.37 -168.72,63.31 -168.85,63.17 -169.36,63.17 -169.68,62.96 -169.82,63.12 -170.85,63.44 -171.63,63.35 -171.82,63.48 -171.75,63.70 -171.46,63.64
R|-166.14,60.38 -165.73,60.31 -165.59,59.91 -166.15,59.76 -167.14,60.01 -167.44,60.21 -166.14,60.38
R|-152.90,57.82 -152.43,57.83 -152.48,57.70 -152.22,57.58 -152.41,57.45 -152.94,57.50 -152.68,57.35 -153.73,57.05 -153.64,56.96 -153.97,56.77 -154.07,56.82 -153.79,56.99 -154.24,57.14 -154.38,57.10 -154.18,57.01 -154.34,56.92 -154.71,57.34 -154.54,57.56 -154.12,57.65 -153.69,57.31 -153.84,57.64 -153.69,57.66 -153.91,57.79 -153.84,57.86 -153.49,57.73 -153.22,57.80 -153.16,57.97 -152.85,57.90 -152.90,57.82
R|-130.03,55.89 -130.15,55.65 -130.04,55.30 -130.58,54.77 -130.85,54.81 -131.05,55.16 -130.75,55.32 -131.13,55.96 -131.03,56.09 -131.78,55.88 -131.95,55.55 -132.12,55.57 -132.21,55.75 -131.84,56.16 -131.55,56.21 -132.18,56.42 -132.49,56.77 -132.80,56.90 -132.82,57.06 -133.47,57.17 -133.44,57.34 -133.65,57.64 -133.12,57.57 -133.54,57.83 -133.19,57.88 -133.72,57.84 -134.03,58.07 -134.05,58.29 -133.88,58.52 -134.21,58.23 -134.78,58.45 -135.13,58.84 -135.36,59.42 -135.48,59.31 -135.40,59.21 -135.50,59.20 -135.09,58.25 -135.90,58.40 -135.86,58.58 -136.04,58.82 -135.83,58.90 -136.02,58.87 -136.15,59.05 -136.12,58.82 -136.23,58.77 -137.00,59.02 -136.95,58.93 -137.06,58.87 -136.61,58.81 -136.41,58.70 -136.48,58.62 -136.06,58.45 -136.61,58.24 -137.54,58.58 -138.51,59.17 -139.77,59.53 -139.51,59.70 -139.51,59.95 -139.33,59.88 -139.29,59.61 -139.22,59.82 -138.99,59.84 -139.43,60.01 -140.42,59.71 -141.41,59.90 -141.29,60.00 -141.41,60.12 -141.67,59.97 -142.95,60.10 -144.15,60.02 -144.19,60.15 -144.90,60.34 -144.69,60.67 -145.25,60.38 -145.90,60.48 -145.67,60.65 -146.57,60.73 -146.39,60.81 -146.64,60.99 -146.38,61.14 -147.81,60.89 -148.01,60.97 -147.75,61.22 -148.34,61.06 -148.21,61.03 -148.34,60.85 -148.56,60.80 -148.27,60.70 -148.28,60.61 -148.64,60.49 -148.12,60.58 -147.96,60.48 -148.18,60.39 -148.20,60.17 -148.43,59.99 -149.27,60.00 -149.40,60.11 -149.60,59.77 -149.71,59.92 -149.78,59.75 -150.01,59.78 -149.97,59.69 -150.20,59.57 -150.61,59.56 -150.93,59.25 -151.74,59.19 -151.95,59.27 -151.88,59.39 -151.40,59.52 -151.05,59.77 -151.45,59.65 -151.85,59.78 -151.40,60.27 -151.36,60.72 -150.44,61.02 -149.08,60.88 -150.05,61.17 -149.43,61.50 -149.98,61.28 -150.95,61.20 -151.73,60.91 -151.75,60.75 -152.27,60.53 -152.37,60.34 -152.65,60.24 -153.03,60.30 -152.66,60.13 -152.66,60.00 -153.21,59.84 -153.02,59.79 -153.09,59.71 -153.65,59.65 -154.09,59.36 -154.18,59.16 -153.42,58.96 -153.33,58.88 -153.44,58.75 -154.29,58.30 -154.25,58.16 -155.01,58.02 -155.78,57.57 -156.44,57.36 -156.40,57.20 -156.63,57.01 -158.41,56.44 -158.55,56.31 -158.28,56.20 -158.48,56.08 -158.59,56.18 -158.79,55.99 -159.52,55.81 -159.66,55.63 -159.77,55.84 -161.18,55.39 -161.46,55.38 -161.41,55.54 -161.20,55.54 -161.52,55.62 -162.07,55.14 -162.39,55.05 -162.63,55.25 -162.67,55.00 -163.12,55.06 -163.13,54.92 -163.34,54.84 -163.28,55.12 -162.91,55.20 -161.70,55.91 -161.22,56.02 -160.90,55.99 -161.01,55.89 -160.80,55.75 -160.71,55.87 -160.29,55.81 -160.54,56.01 -160.30,56.31 -158.92,56.88 -158.68,56.79 -158.66,57.04 -158.32,57.30 -157.85,57.53 -157.46,57.51 -157.70,57.68 -157.61,58.05 -157.19,58.19 -157.49,58.25 -157.52,58.42 -156.97,58.74 -156.81,59.13 -157.14,58.88 -158.19,58.61 -158.50,58.85 -158.43,59.00 -158.08,58.98 -158.42,59.09 -158.68,58.93 -158.81,58.97 -158.79,58.44 -158.95,58.40 -159.67,58.91 -159.92,58.82 -160.36,59.05 -161.25,58.80 -161.36,58.67 -162.14,58.64 -161.72,58.79 -161.79,59.02 -161.64,59.11 -161.98,59.15 -162.02,59.28 -161.83,59.59 -162.42,60.28 -161.95,60.68 -162.14,60.69 -162.68,60.27 -162.53,60.20 -162.57,59.99 -163.91,59.81 -164.66,60.30 -165.06,60.41 -165.03,60.50 -165.35,60.54 -164.81,60.89 -164.32,60.77 -164.37,60.59 -164.00,60.77 -163.73,60.59 -163.42,60.76 -163.91,60.85 -163.59,60.90 -165.11,60.93 -164.87,61.11 -165.28,61.17 -165.27,61.27 -165.38,61.11 -165.57,61.10 -165.86,61.34 -165.85,61.54 -166.09,61.51 -166.17,61.65 -165.81,61.70 -166.08,61.80 -165.61,61.87 -165.71,62.10 -165.19,62.47 -164.76,62.50 -164.84,62.58 -164.59,62.71 -164.79,62.62 -164.80,62.92 -164.38,63.03 -164.53,63.13 -164.41,63.22 -163.94,63.25 -163.62,63.13 -163.74,63.02 -163.29,63.05 -162.62,63.27 -162.28,63.53 -161.51,63.47 -160.93,63.66 -160.78,63.82 -160.99,64.25 -161.49,64.43 -160.93,64.58 -160.89,64.80 -161.13,64.93 -161.76,64.82 -162.71,64.38 -163.20,64.65 -163.30,64.61 -163.05,64.52 -163.14,64.42 -163.71,64.59 -164.98,64.45 -166.14,64.58 -166.48,64.73 -166.42,64.93 -166.93,65.16 -166.16,65.29 -167.40,65.42 -168.09,65.66 -166.40,66.14 -165.63,66.13 -165.84,66.25 -165.78,66.32 -164.46,66.59 -163.64,66.57 -163.89,66.58 -163.78,66.53 -164.03,66.22 -163.70,66.08 -161.93,66.04 -161.46,66.28 -161.03,66.19 -161.12,66.33 -161.92,66.41 -162.19,66.69 -162.54,66.81 -162.61,66.89 -162.36,66.95 -162.02,66.78 -162.05,66.67 -161.91,66.56 -161.59,66.46 -160.23,66.42 -160.36,66.61 -160.86,66.67 -161.40,66.55 -161.86,66.70 -161.88,66.80 -161.62,66.98 -161.72,67.02 -163.53,67.10 -164.13,67.61 -166.79,68.36 -166.38,68.43 -166.21,68.89 -164.30,68.94 -163.54,69.17 -163.16,69.39 -162.95,69.76 -161.88,70.33 -161.76,70.26 -162.07,70.16 -161.00,70.30 -160.12,70.59 -159.96,70.57 -160.10,70.33 -159.87,70.28 -159.81,70.50 -159.39,70.52 -160.08,70.63 -159.68,70.79 -157.91,70.86 -156.47,71.41 -156.57,71.34 -156.47,71.29 -155.58,71.12 -156.15,70.93 -155.97,70.84 -154.94,71.08 -154.67,70.99 -154.79,70.89 -154.20,70.80 -153.23,70.93 -152.30,70.85 -152.47,70.65 -151.77,70.56 -151.94,70.45 -149.27,70.50 -147.71,70.22 -145.82,70.16 -144.62,69.98 -143.22,70.12 -141.41,69.65 -141.00,69.65 -141.00,60.30 -139.97,60.18 -139.68,60.33 -139.08,60.34 -139.19,60.08 -137.59,59.23 -137.44,58.90 -136.58,59.15 -136.47,59.46 -136.25,59.53 -136.32,59.60 -135.48,59.79 -135.05,59.58 -134.94,59.29 -133.40,58.41 -132.23,57.20 -132.34,57.08 -132.03,57.03 -132.10,56.86 -131.87,56.79 -131.82,56.59 -130.10,56.11 -130.03,55.89
R|-163.48,54.98 -163.08,54.67 -164.07,54.62 -164.59,54.40 -164.82,54.42 -164.90,54.54 -164.48,54.91 -163.81,55.05 -163.48,54.98
R|-133.31,55.54 -133.65,55.27 -133.74,55.50 -133.31,55.54
R|-131.34,55.08 -131.23,54.90 -131.45,54.91 -131.59,55.03 -131.58,55.25 -131.34,55.08
R|-132.11,56.11 -132.13,55.94 -132.37,55.94 -132.70,56.20 -132.38,56.50 -132.07,56.24 -132.11,56.11
R|-130.98,55.49 -131.19,55.21 -131.42,55.28 -131.45,55.41 -131.81,55.22 -131.85,55.42 -131.65,55.59 -131.62,55.83 -131.27,55.96 -131.00,55.73 -130.98,55.49
R|-133.37,57.00 -133.00,56.93 -132.96,56.68 -133.03,56.62 -133.33,56.83 -133.16,56.50 -133.48,56.45 -133.63,56.48 -133.68,56.80 -133.98,57.01 -133.37,57.00
R|-132.86,54.89 -132.62,54.89 -132.71,54.68 -132.81,54.71 -133.43,55.30 -133.10,55.21 -132.86,54.89
R|-146.39,60.45 -146.10,60.41 -146.60,60.27 -146.70,60.40 -146.39,60.45
R|-147.74,59.81 -147.85,59.80 -147.81,59.90 -147.18,60.36 -146.96,60.29 -147.74,59.81
R|-160.68,55.31 -160.55,55.38 -160.49,55.18 -160.80,55.15 -160.84,55.34 -160.72,55.40 -160.68,55.31
R|-159.87,55.13 -160.23,54.92 -160.17,55.12 -159.89,55.27 -159.87,55.13
R|-172.74,60.46 -172.23,60.30 -172.64,60.33 -173.07,60.49 -172.92,60.61 -172.74,60.46
R|-177.15,51.72 -177.67,51.70 -177.13,51.93 -177.15,51.72
R|-134.97,57.35 -134.62,56.72 -134.68,56.22 -134.98,56.52 -134.88,56.68 -135.33,56.82 -135.20,57.03 -135.45,57.25 -135.81,57.01 -135.82,57.28 -135.45,57.53 -134.97,57.35
R|-134.68,58.16 -134.24,58.14 -133.82,57.63 -134.31,58.03 -133.94,57.58 -133.91,57.37 -134.44,57.06 -134.61,57.14 -134.49,57.48 -134.66,57.64 -134.93,58.33 -134.68,58.16
R|-135.73,58.24 -135.59,58.15 -135.69,58.04 -135.61,57.99 -135.35,58.12 -134.95,58.02 -134.97,57.82 -135.34,57.77 -134.98,57.72 -134.93,57.48 -135.56,57.67 -135.69,57.42 -135.91,57.45 -136.57,57.97 -136.32,58.22 -136.14,58.10 -135.73,58.24
R|-133.57,56.34 -133.20,56.32 -133.10,56.09 -132.60,55.90 -132.17,55.48 -132.51,55.59 -132.63,55.47 -132.42,55.48 -132.16,55.32 -132.21,55.22 -131.98,55.21 -132.02,54.73 -132.55,54.95 -132.62,55.14 -132.78,55.05 -133.12,55.33 -132.96,55.40 -133.03,55.59 -133.68,55.79 -133.24,55.92 -133.37,56.04 -133.74,55.96 -133.53,56.15 -133.57,56.34
R|-133.99,56.84 -133.74,56.65 -133.86,56.58 -133.95,56.13 -134.19,56.08 -134.20,56.41 -134.08,56.46 -134.29,56.58 -134.37,56.84 -134.14,56.93 -133.99,56.84
R|-152.42,58.36 -151.97,58.31 -152.11,58.16 -152.27,58.25 -152.31,58.13 -152.60,58.16 -152.93,57.99 -153.38,58.09 -152.77,58.28 -152.84,58.42 -152.42,58.36
R|-167.96,53.35 -169.09,52.83 -168.69,53.23 -168.38,53.28 -168.29,53.50 -167.83,53.51 -167.96,53.35
R|-166.62,53.90 -166.23,53.93 -166.55,53.73 -166.35,53.67 -167.52,53.28 -167.81,53.32 -167.14,53.53 -167.02,53.70 -166.81,53.65 -166.74,53.71 -167.11,53.81 -167.04,53.94 -166.67,54.01 -166.62,53.90
R|-174.68,52.04 -175.30,52.02 -174.31,52.22 -174.44,52.32 -174.17,52.42 -174.02,52.33 -174.18,52.20 -174.12,52.14 -174.68,52.04
R|-176.59,51.87 -176.45,51.74 -176.96,51.60 -176.70,51.99 -176.55,51.94 -176.59,51.87
R|-177.88,51.65 -178.06,51.67 -177.99,51.76 -178.19,51.88 -177.64,51.83 -177.88,51.65
R|172.81,53.01 173.44,52.85 172.94,52.75 172.49,52.94 172.81,53.01
R|-155.58,19.01 -155.88,19.07 -156.05,19.75 -155.82,20.01 -155.83,20.28 -155.20,19.99 -154.80,19.52 -155.58,19.01
R|-157.21,21.22 -156.71,21.16 -156.86,21.06 -157.29,21.11 -157.21,21.22
R|-156.49,20.93 -156.28,20.95 -155.99,20.76 -156.41,20.61 -156.48,20.80 -156.69,20.90 -156.66,21.02 -156.49,20.93
R|-157.80,21.46 -157.69,21.28 -158.11,21.32 -158.27,21.59 -157.96,21.70 -157.80,21.46
R|-159.37,21.93 -159.61,21.91 -159.79,22.04 -159.58,22.22 -159.35,22.22 -159.37,21.93
R|-74.71,45.00 -71.52,45.01 -71.33,45.29 -70.87,45.27 -70.30,45.91 -70.01,46.71 -69.24,47.46 -69.05,47.43 -68.94,47.21 -68.24,47.35 -67.81,47.08 -67.80,45.73 -67.43,45.60 -67.47,45.28 -67.12,45.17 -67.11,44.89 -66.99,44.83 -67.19,44.68 -67.84,44.58 -68.06,44.38 -68.15,44.50 -68.45,44.51 -68.53,44.26 -68.81,44.34 -68.76,44.57 -68.96,44.43 -69.14,44.04 -69.62,43.88 -69.65,43.99 -69.81,43.77 -70.06,43.83 -70.27,43.67 -70.20,43.63 -70.83,42.83 -70.61,42.62 -71.05,42.33 -70.74,42.23 -70.43,41.76 -70.00,41.83 -70.24,42.07 -70.11,42.08 -69.95,41.68 -70.66,41.53 -70.70,41.71 -71.17,41.49 -71.15,41.75 -71.27,41.68 -71.39,41.80 -71.52,41.38 -72.92,41.29 -73.99,40.75 -73.87,41.06 -73.97,41.25 -73.93,40.91 -74.26,40.53 -73.97,40.40 -74.08,39.79 -74.10,39.98 -74.26,39.61 -74.79,39.00 -74.95,38.95 -74.90,39.15 -75.52,39.49 -75.42,39.79 -75.07,39.98 -75.59,39.64 -75.39,39.09 -75.09,38.78 -75.19,38.59 -75.04,38.43 -75.93,37.15 -75.98,37.40 -75.66,37.95 -75.85,37.97 -75.86,38.36 -76.05,38.28 -76.26,38.44 -76.26,38.60 -76.02,38.63 -76.34,38.71 -76.17,38.85 -76.33,38.91 -76.14,39.08 -76.24,39.19 -76.07,39.37 -75.88,39.38 -76.00,39.41 -75.87,39.51 -76.06,39.56 -76.42,39.23 -76.57,39.27 -76.43,39.13 -76.56,39.07 -76.39,38.37 -76.67,38.54 -76.34,38.09 -76.87,38.39 -76.89,38.29 -77.00,38.45 -77.23,38.41 -77.03,38.89 -77.26,38.60 -77.27,38.35 -77.05,38.36 -76.26,37.89 -76.34,37.68 -76.49,37.68 -77.11,38.17 -76.25,37.43 -76.45,37.27 -76.76,37.51 -76.33,37.15 -76.28,37.05 -76.40,36.99 -76.63,37.22 -77.25,37.33 -76.67,37.17 -76.49,36.90 -76.00,36.91 -75.53,35.82 -75.95,36.66 -75.99,36.47 -75.82,36.11 -76.15,36.28 -76.15,36.15 -76.56,36.02 -76.73,36.23 -76.73,35.96 -76.07,35.97 -76.08,35.69 -75.85,35.96 -75.76,35.84 -75.77,35.65 -76.17,35.35 -76.49,35.40 -76.58,35.53 -76.74,35.43 -77.04,35.53 -76.51,35.27 -76.78,34.99 -77.07,35.15 -76.97,35.03 -76.46,34.99 -76.36,34.94 -76.44,34.84 -77.30,34.60 -77.41,34.73 -77.38,34.53 -77.75,34.28 -77.93,33.94 -77.95,34.17 -78.01,33.91 -78.41,33.92 -78.84,33.72 -79.19,33.24 -79.23,33.40 -79.28,33.14 -79.93,32.81 -79.94,32.67 -80.63,32.51 -80.47,32.42 -80.58,32.29 -80.80,32.45 -80.69,32.22 -81.11,31.88 -81.26,31.54 -81.18,31.53 -81.38,31.35 -81.29,31.26 -81.46,31.13 -81.52,30.80 -81.25,29.79 -80.52,28.49 -80.58,28.27 -80.46,27.90 -80.61,28.18 -80.61,28.52 -80.69,28.34 -80.69,28.58 -80.84,28.76 -80.75,28.38 -80.05,26.81 -80.13,25.83 -80.48,25.23 -81.11,25.14 -81.14,25.31 -80.94,25.26 -81.36,25.83 -81.72,25.98 -81.96,26.49 -81.83,26.69 -82.04,26.55 -82.01,26.96 -82.29,26.87 -82.71,27.50 -82.41,27.86 -82.68,27.96 -82.61,27.78 -82.74,27.71 -82.84,27.85 -82.65,28.89 -83.69,29.93 -84.04,30.10 -84.31,30.06 -84.38,29.91 -85.32,29.68 -85.35,29.88 -85.68,30.12 -85.60,30.29 -85.79,30.17 -86.45,30.40 -86.12,30.41 -86.26,30.49 -87.20,30.34 -86.99,30.43 -87.00,30.57 -87.17,30.54 -87.28,30.34 -88.01,30.23 -87.79,30.29 -88.01,30.69 -88.14,30.37 -88.91,30.42 -89.59,30.17 -90.13,30.37 -90.33,30.28 -90.41,30.14 -90.18,30.03 -89.74,30.17 -89.67,30.12 -89.82,30.01 -89.63,29.90 -89.40,30.05 -89.35,29.82 -89.72,29.62 -89.02,29.20 -89.16,29.02 -89.38,28.98 -89.44,29.19 -90.16,29.54 -90.05,29.34 -90.21,29.10 -90.38,29.30 -90.75,29.13 -91.29,29.29 -91.15,29.32 -91.25,29.56 -91.51,29.56 -91.89,29.84 -92.26,29.56 -93.18,29.78 -93.83,29.73 -93.84,29.98 -93.89,29.69 -94.76,29.38 -94.53,29.55 -94.78,29.55 -94.74,29.75 -95.02,29.70 -94.89,29.37 -95.27,28.96 -96.23,28.49 -96.01,28.63 -96.45,28.59 -96.64,28.71 -96.42,28.46 -96.68,28.34 -96.77,28.42 -96.84,28.19 -97.16,28.14 -97.03,28.09 -97.07,27.99 -97.43,27.84 -97.29,27.67 -97.44,27.33 -97.77,27.46 -97.69,27.29 -97.49,27.24 -97.55,26.97 -97.44,26.49 -97.14,26.03 -97.36,25.87 -99.11,26.45 -99.46,27.06 -99.51,27.55 -100.30,28.33 -100.75,29.18 -101.38,29.74 -102.34,29.86 -102.73,29.64 -102.89,29.22 -103.26,29.00 -104.40,29.57 -104.92,30.58 -106.45,31.77 -108.21,31.78 -108.21,31.33 -111.04,31.32 -114.84,32.51 -114.72,32.72 -117.13,32.53 -117.47,33.30 -118.08,33.72 -118.41,33.74 -118.51,34.02 -119.14,34.11 -119.61,34.42 -120.48,34.47 -120.64,34.58 -120.66,35.12 -121.88,36.33 -121.81,36.85 -122.39,37.21 -122.50,37.54 -122.45,37.80 -122.07,37.48 -122.39,37.96 -122.31,38.01 -121.53,38.06 -122.39,38.14 -122.52,37.83 -122.93,38.06 -123.00,37.99 -122.91,38.20 -123.70,38.91 -123.83,39.78 -124.32,40.25 -124.37,40.49 -124.19,40.77 -124.07,41.46 -124.54,42.81 -124.15,43.69 -123.93,45.58 -123.99,46.22 -123.22,46.15 -123.46,46.27 -124.07,46.28 -124.04,46.61 -123.95,46.43 -123.89,46.66 -124.11,46.86 -123.84,46.96 -124.14,46.95 -124.38,47.66 -124.66,47.97 -124.71,48.38 -123.98,48.17 -122.78,48.14 -122.66,47.88 -123.14,47.39 -122.92,47.41 -123.05,47.48 -122.53,47.92 -122.68,47.61 -122.58,47.29 -122.77,47.22 -122.83,47.34 -123.03,47.14 -122.70,47.11 -122.35,47.37 -122.40,47.78 -122.24,48.01 -122.52,48.16 -122.41,48.29 -122.67,48.47 -122.50,48.51 -122.51,48.67 -122.79,48.99 -95.16,48.99 -95.16,49.37 -94.85,49.30 -94.62,48.74 -93.71,48.53 -93.00,48.61 -92.50,48.44 -92.41,48.28 -92.01,48.30 -91.52,48.06 -90.92,48.21 -89.46,48.00 -88.38,48.30 -84.88,46.90 -84.56,46.46 -84.15,46.54 -83.98,46.08 -83.62,46.12 -83.47,45.99 -83.59,45.82 -82.55,45.35 -82.14,43.57 -82.55,42.62 -83.15,42.14 -83.03,41.83 -82.69,41.68 -82.44,41.67 -81.28,42.21 -80.25,42.37 -79.04,42.80 -78.92,42.91 -79.17,43.47 -78.85,43.58 -76.82,43.63 -76.15,44.30 -75.18,44.90 -74.71,45.00
R|-72.51,40.99 -71.90,41.06 -73.19,40.65 -74.03,40.64 -73.57,40.92 -72.63,40.99 -72.27,41.15 -72.51,40.99
C|GS|S. Geo. and the Is.|Seven seas (open ocean)|-31.06|-55.68
R|-26.26,-58.44 -26.26,-58.49 -26.45,-58.42 -26.40,-58.38 -26.30,-58.38 -26.26,-58.44
R|-37.10,-54.07 -36.70,-54.11 -36.65,-54.26 -36.33,-54.25 -36.07,-54.55 -35.90,-54.55 -35.91,-54.71 -35.80,-54.76 -36.09,-54.87 -36.89,-54.34 -38.02,-54.01 -37.10,-54.07
C|IO|Br. Indian Ocean Ter.|Seven seas (open ocean)|71.35|-6.19
R|72.49,-7.38 72.43,-7.44 72.35,-7.26 72.45,-7.40 72.45,-7.22 72.49,-7.38
C|SH|Saint Helena|Seven seas (open ocean)|-5.71|-15.95
R|-5.69,-16.00 -5.78,-16.00 -5.71,-15.91 -5.69,-16.00
R|-14.36,-7.97 -14.40,-7.98 -14.41,-7.94 -14.38,-7.88 -14.30,-7.94 -14.36,-7.97
C|PN|Pitcairn Is.|Oceania|-128.32|-24.36
R|-128.29,-24.40 -128.30,-24.41 -128.34,-24.37 -128.35,-24.34 -128.33,-24.32 -128.30,-24.33 -128.29,-24.40
C|AI|Anguilla|North America|-63.03|18.24
R|-63.00,18.22 -63.16,18.17 -63.15,18.20 -63.03,18.27 -62.98,18.26 -63.00,18.22
C|FK|Falkland Is.|South America|-58.74|-51.61
R|-58.85,-51.27 -58.43,-51.32 -58.51,-51.48 -58.27,-51.57 -58.26,-51.42 -57.92,-51.40 -57.81,-51.52 -57.96,-51.58 -57.79,-51.64 -57.84,-51.71 -58.68,-51.94 -58.65,-52.10 -59.20,-52.02 -59.07,-52.17 -59.34,-52.20 -59.40,-52.31 -59.53,-52.24 -59.65,-52.13 -59.57,-51.93 -59.06,-51.69 -59.10,-51.49 -58.85,-51.27
R|-60.29,-51.46 -59.27,-51.43 -59.92,-51.97 -60.25,-51.99 -60.51,-52.19 -60.96,-52.06 -60.24,-51.77 -60.58,-51.71 -60.25,-51.64 -60.57,-51.36 -60.29,-51.46
R|-61.02,-51.79 -60.88,-51.79 -60.95,-51.95 -61.15,-51.84 -61.02,-51.79
C|KY|Cayman Is.|North America|-81.24|19.32
R|-81.37,19.35 -81.34,19.33 -81.30,19.34 -81.28,19.36 -81.13,19.35 -81.11,19.31 -81.22,19.30 -81.30,19.27 -81.40,19.28 -81.42,19.37 -81.39,19.38 -81.37,19.35
R|-79.98,19.71 -80.02,19.71 -80.09,19.67 -80.13,19.67 -80.08,19.71 -79.99,19.72 -79.98,19.71
R|-79.82,19.71 -79.91,19.70 -79.79,19.77 -79.74,19.76 -79.82,19.71
C|BM|Bermuda|North America|-64.76|32.30
R|-64.73,32.29 -64.86,32.27 -64.69,32.39 -64.73,32.29
C|VG|British Virgin Is.|North America|-64.64|18.43
R|-64.40,18.46 -64.44,18.46 -64.43,18.51 -64.32,18.52 -64.40,18.46
R|-64.59,18.40 -64.67,18.40 -64.70,18.41 -64.65,18.44 -64.57,18.45 -64.55,18.44 -64.59,18.40
R|-64.29,18.74 -64.28,18.71 -64.41,18.75 -64.29,18.74
C|TC|Turks and Caicos Is.|North America|-71.75|21.82
R|-71.66,21.77 -71.67,21.75 -71.72,21.79 -71.83,21.79 -71.85,21.84 -71.81,21.85 -71.67,21.83 -71.64,21.79 -71.66,21.77
R|-71.88,21.84 -71.90,21.83 -71.96,21.86 -71.96,21.89 -72.02,21.92 -72.01,21.95 -71.93,21.95 -71.88,21.84
R|-72.33,21.85 -72.14,21.79 -72.34,21.76 -72.33,21.85
C|MS|Montserrat|North America|-62.19|16.74
R|-62.15,16.74 -62.15,16.68 -62.22,16.70 -62.22,16.75 -62.19,16.80 -62.18,16.81 -62.15,16.74
C|JE|Jersey|Europe|-2.09|49.22
R|-2.02,49.23 -2.24,49.18 -2.22,49.27 -2.02,49.23
C|GG|Guernsey|Europe|-2.56|49.46
R|-2.51,49.49 -2.55,49.43 -2.64,49.45 -2.65,49.47 -2.54,49.51 -2.51,49.49
C|IM|Isle of Man|Europe|-4.53|54.22
R|-4.41,54.19 -4.79,54.07 -4.42,54.41 -4.41,54.19
C|GB|United Kingdom|Europe|-2.12|54.40
R|-2.67,51.62 -3.29,51.39 -3.56,51.41 -3.89,51.59 -4.23,51.57 -4.09,51.66 -4.39,51.74 -4.90,51.63 -5.26,51.88 -4.15,52.33 -3.98,52.54 -4.10,52.92 -4.68,52.81 -4.27,53.14 -3.76,53.31 -3.10,53.26 -3.17,53.39 -3.06,53.43 -2.75,53.31 -3.06,53.51 -2.87,54.18 -3.17,54.13 -3.59,54.56 -3.46,54.77 -3.04,54.95 -3.55,54.95 -3.96,54.78 -4.82,54.85 -4.91,54.69 -5.14,54.86 -5.17,54.99 -5.06,54.99 -4.68,55.50 -4.89,55.70 -4.83,55.93 -4.58,55.94 -4.84,56.05 -4.80,56.16 -5.21,55.89 -5.22,56.07 -5.00,56.23 -5.38,56.02 -5.56,55.39 -5.77,55.36 -5.50,55.80 -5.62,55.81 -5.53,56.25 -5.19,56.76 -5.65,56.53 -6.13,56.72 -5.73,56.85 -5.86,56.90 -5.56,57.23 -5.79,57.38 -5.58,57.55 -5.74,57.67 -5.61,57.88 -5.16,57.88 -5.41,58.07 -5.34,58.24 -5.01,58.26 -5.02,58.57 -3.05,58.63 -3.21,58.32 -3.99,57.96 -4.04,57.85 -3.86,57.82 -4.13,57.58 -3.29,57.71 -1.87,57.61 -1.78,57.47 -2.50,56.64 -3.31,56.36 -2.89,56.40 -2.67,56.25 -3.36,56.03 -3.79,56.10 -2.15,55.90 -1.66,55.57 -1.23,54.70 -0.08,54.12 -0.21,54.02 0.12,53.61 -0.66,53.72 -0.29,53.69 0.27,53.34 0.36,53.16 0.05,52.91 0.28,52.81 0.56,52.97 1.06,52.96 1.72,52.68 1.75,52.47 1.56,52.09 1.23,51.97 1.19,51.80 0.75,51.73 0.90,51.69 0.89,51.57 0.42,51.47 1.41,51.36 1.40,51.18 0.96,50.93 0.21,50.76 -1.42,50.90 -1.33,50.82 -1.52,50.75 -2.03,50.73 -2.04,50.60 -3.00,50.72 -3.40,50.63 -3.68,50.24 -4.19,50.39 -4.73,50.29 -5.12,50.04 -5.62,50.05 -5.66,50.13 -4.89,50.53 -4.19,51.19 -3.14,51.21 -2.67,51.62
R|-4.20,53.32 -4.08,53.26 -4.37,53.13 -4.57,53.39 -4.20,53.32
R|-1.31,60.54 -1.05,60.44 -1.30,59.88 -1.29,60.15 -1.66,60.28 -1.37,60.33 -1.57,60.49 -1.36,60.61 -1.31,60.54
R|-3.06,59.03 -2.76,58.96 -3.20,58.93 -3.35,58.99 -3.31,59.13 -3.06,59.03
R|-5.78,56.34 -6.31,56.29 -6.14,56.49 -6.32,56.57 -6.10,56.65 -5.76,56.49 -5.78,56.34
R|-6.13,55.93 -6.09,55.66 -6.31,55.61 -6.30,55.78 -6.49,55.70 -6.41,55.85 -6.13,55.93
R|-6.20,58.36 -6.55,58.09 -6.43,58.02 -6.96,57.75 -7.08,57.81 -6.86,57.92 -7.06,58.00 -7.03,58.22 -6.73,58.19 -6.78,58.30 -6.24,58.50 -6.20,58.36
R|-6.14,57.50 -6.14,57.31 -5.67,57.25 -5.95,57.05 -6.03,57.20 -6.32,57.20 -6.76,57.44 -6.36,57.67 -6.14,57.50
R|-6.22,54.09 -6.65,54.06 -7.01,54.41 -7.32,54.13 -7.61,54.14 -8.14,54.45 -7.75,54.59 -7.91,54.70 -7.55,54.77 -7.22,55.09 -6.13,55.22 -5.72,54.82 -5.88,54.64 -5.58,54.66 -5.47,54.50 -5.67,54.55 -5.61,54.27 -6.02,54.05 -6.22,54.09
C|AE|United Arab Emirates|Asia|54.55|23.47
R|56.30,25.65 56.39,24.98 56.06,24.74 56.00,24.95 55.80,24.87 55.76,24.24 55.93,24.22 55.99,24.06 55.47,23.94 55.51,23.72 55.12,22.62 52.56,22.93 51.57,24.13 51.61,24.34 51.91,23.99 52.65,24.15 53.89,24.08 54.40,24.28 54.75,24.81 55.94,25.79 56.08,26.06 56.17,26.05 56.14,25.69 56.30,25.65
C|UA|Ukraine|Europe|32.14|49.72
R|38.21,47.09 37.54,47.07 36.79,46.71 35.83,46.62 35.06,46.10 35.28,46.28 35.23,46.44 34.85,46.19 34.95,45.73 34.69,45.98 33.81,46.21 33.43,46.06 33.20,46.18 32.48,46.08 31.83,46.28 32.01,46.43 31.55,46.55 32.36,46.47 32.58,46.62 32.04,46.64 31.76,47.21 31.91,46.93 31.87,46.65 31.53,46.66 31.56,46.78 31.40,46.63 30.80,46.55 30.22,45.87 29.63,45.72 29.71,45.26 29.40,45.42 28.76,45.23 28.21,45.45 28.50,45.52 28.49,45.67 28.95,46.05 28.96,46.46 29.19,46.52 29.20,46.38 29.71,46.45 29.84,46.35 30.13,46.42 29.92,46.54 29.88,46.83 29.57,46.96 29.54,47.27 29.13,47.49 29.21,47.77 29.13,47.96 28.92,47.95 28.77,48.12 28.46,48.09 27.55,48.48 26.85,48.39 26.31,48.20 26.16,47.99 24.89,47.72 24.48,47.95 23.14,48.09 22.88,47.95 22.77,48.11 22.13,48.41 22.14,48.57 22.54,49.07 22.84,49.04 22.71,49.17 22.71,49.61 23.71,50.38 24.09,50.53 23.98,50.79 24.10,50.87 23.66,51.31 23.61,51.61 23.98,51.59 24.36,51.87 25.93,51.91 27.14,51.75 27.30,51.60 27.69,51.57 27.70,51.48 28.18,51.61 28.73,51.43 29.10,51.63 29.35,51.38 30.16,51.48 30.54,51.27 30.58,51.69 30.98,52.05 32.12,52.05 32.44,52.31 33.74,52.34 34.40,51.78 34.12,51.68 34.21,51.26 35.06,51.20 35.31,51.04 35.41,50.54 35.59,50.37 36.12,50.41 36.62,50.21 37.42,50.41 38.05,49.92 38.26,50.05 38.92,49.82 39.17,49.86 39.78,49.57 40.08,49.58 40.11,49.25 39.69,49.01 40.00,48.82 39.79,48.81 39.64,48.59 39.84,48.54 39.85,48.30 39.96,48.27 39.78,47.89 38.90,47.86 38.37,47.61 38.21,47.09
C|UG|Uganda|Africa|32.95|1.97
R|33.90,-1.00 30.81,-0.99 30.36,-1.07 29.93,-1.47 29.83,-1.34 29.58,-1.39 29.72,0.10 29.93,0.50 29.94,0.82 31.25,2.04 31.18,2.27 30.73,2.46 30.84,3.49 31.05,3.73 31.55,3.68 31.80,3.80 32.14,3.52 32.34,3.71 33.00,3.88 33.49,3.76 33.98,4.22 34.17,3.81 34.44,3.65 34.45,3.16 34.91,2.48 34.98,1.72 34.80,1.24 34.48,1.04 33.94,0.17 33.90,-1.00
C|TM|Turkmenistan|Asia|58.68|39.86
R|55.98,41.32 57.02,41.26 57.12,41.35 56.96,41.86 57.29,42.12 57.81,42.19 58.03,42.49 58.47,42.30 58.15,42.63 58.59,42.78 59.35,42.32 59.99,42.21 59.94,41.97 60.20,41.80 60.08,41.76 60.09,41.40 60.45,41.22 61.50,41.28 61.90,41.09 62.48,39.98 63.76,39.16 65.61,38.24 65.97,38.24 66.57,38.01 66.52,37.35 65.77,37.57 65.55,37.25 64.82,37.13 64.51,36.34 64.01,36.01 63.13,35.85 63.06,35.45 62.31,35.17 61.98,35.44 61.62,35.43 61.26,35.62 61.12,36.64 60.34,36.64 60.06,36.96 59.45,37.25 59.30,37.51 58.82,37.68 58.26,37.67 57.35,37.97 57.19,38.22 56.44,38.25 56.27,38.08 55.38,38.05 54.90,37.78 54.70,37.47 53.91,37.34 53.87,38.95 53.70,39.21 53.34,39.34 53.16,39.26 53.24,39.61 53.60,39.55 53.47,39.67 53.49,39.91 52.99,39.99 53.04,39.77 52.80,40.05 52.73,40.40 52.94,41.04 53.15,40.82 53.62,40.82 53.87,40.65 54.38,40.69 54.32,40.83 54.69,40.87 54.70,41.07 54.09,41.52 53.80,42.12 53.16,42.09 52.97,41.98 52.81,41.71 52.85,41.20 52.49,41.78 53.06,42.15 54.12,42.34 54.85,41.97 55.43,41.30 55.98,41.32
C|TR|Turkey|Asia|34.51|39.35
R|41.51,41.52 42.47,41.44 42.79,41.56 43.63,40.93 43.72,40.72 43.57,40.48 43.67,40.13 44.40,40.00 44.82,39.65 44.59,39.77 44.39,39.42 44.02,39.38 44.27,38.84 44.30,38.39 44.45,38.33 44.21,37.91 44.56,37.74 44.57,37.44 44.80,37.27 44.77,37.14 44.61,37.18 44.28,36.98 44.11,37.30 43.68,37.23 42.77,37.37 42.36,37.11 42.20,37.30 41.52,37.09 40.71,37.10 39.36,36.68 38.77,36.69 38.19,36.90 37.44,36.64 36.66,36.80 36.54,36.46 36.64,36.23 36.38,36.17 36.13,35.83 35.89,35.92 35.81,36.31 36.19,36.66 36.05,36.91 35.39,36.58 34.70,36.82 33.69,36.18 32.79,36.04 31.35,36.80 30.64,36.87 30.45,36.27 29.69,36.16 29.22,36.32 28.97,36.72 28.30,36.81 28.02,36.63 28.08,36.75 27.45,36.71 28.01,36.83 28.24,37.03 27.26,36.98 27.30,37.13 27.54,37.16 27.07,37.66 27.22,37.73 27.23,37.98 26.29,38.28 26.42,38.37 26.44,38.64 26.67,38.34 27.14,38.45 26.91,38.48 26.76,38.71 27.01,38.89 26.81,38.96 26.85,39.12 26.68,39.29 26.90,39.55 26.11,39.47 26.18,39.99 26.74,40.40 27.28,40.46 27.73,40.33 27.85,40.38 27.73,40.48 27.87,40.51 27.99,40.49 27.96,40.37 29.01,40.39 28.79,40.53 28.96,40.63 29.85,40.76 29.11,40.94 29.15,41.22 31.25,41.11 32.31,41.73 33.28,42.00 34.75,41.96 35.01,42.06 35.15,42.03 35.12,41.89 35.30,41.73 36.05,41.68 36.41,41.27 36.78,41.36 37.07,41.18 38.38,40.92 39.43,41.11 40.27,40.96 41.51,41.52
R|28.01,41.97 28.20,41.55 29.06,41.23 28.96,41.01 28.17,41.08 27.50,40.97 27.26,40.69 26.77,40.50 26.20,40.08 26.25,40.31 26.79,40.63 26.11,40.61 26.04,40.73 26.33,40.95 26.33,41.24 26.62,41.40 26.58,41.60 26.33,41.77 26.62,41.96 27.24,42.09 27.53,41.92 28.01,41.97
C|TN|Tunisia|Africa|9.01|33.69
R|11.50,33.18 11.50,32.41 10.27,31.68 10.11,31.46 10.22,30.78 9.90,30.39 9.52,30.23 9.04,32.07 8.33,32.54 8.11,33.06 7.73,33.27 7.50,33.83 7.51,34.08 8.25,34.73 8.39,35.20 8.25,35.80 8.35,36.37 8.21,36.52 8.60,36.83 8.58,36.94 9.69,37.34 9.84,37.31 9.83,37.14 9.88,37.25 10.20,37.21 10.29,36.78 10.41,36.73 11.05,37.07 11.13,36.87 10.48,36.18 10.59,35.89 11.00,35.63 11.12,35.24 10.69,34.68 10.12,34.28 10.05,34.06 10.31,33.73 10.71,33.69 10.72,33.51 10.96,33.63 11.20,33.25 11.50,33.18
C|TT|Trinidad and Tobago|North America|-60.92|11.00
R|-60.76,11.18 -60.81,11.17 -60.80,11.21 -60.71,11.28 -60.53,11.33 -60.55,11.26 -60.76,11.18
R|-61.01,10.13 -61.91,10.07 -61.50,10.27 -61.48,10.60 -61.65,10.72 -61.08,10.83 -60.92,10.84 -61.03,10.67 -61.01,10.13
C|TO|Tonga|Oceania|-175.16|-21.21
R|-175.16,-21.17 -175.08,-21.13 -175.16,-21.26 -175.36,-21.11 -175.16,-21.17
R|-173.95,-18.64 -173.99,-18.70 -174.01,-18.70 -174.07,-18.64 -174.00,-18.57 -173.97,-18.57 -173.92,-18.59 -173.95,-18.64
R|-174.91,-21.30 -174.92,-21.45 -174.97,-21.38 -174.97,-21.35 -174.91,-21.30
C|TG|Togo|Africa|1.06|8.81
R|0.90,10.99 0.76,10.39 1.33,10.00 1.39,9.36 1.60,9.05 1.62,7.00 1.53,6.99 1.78,6.29 1.19,6.09 0.74,6.45 0.53,6.85 0.63,7.35 0.50,7.55 0.69,8.30 0.37,8.76 0.49,8.85 0.53,9.40 0.23,9.46 0.34,9.60 0.26,9.64 0.38,10.29 -0.09,10.72 0.01,11.02 -0.07,11.12 0.49,10.95 0.90,10.99
C|TL|Timor-Leste|Asia|125.85|-8.80
R|125.07,-9.51 124.96,-9.21 125.15,-9.04 124.94,-9.05 124.92,-8.94 125.18,-8.65 126.97,-8.32 127.30,-8.42 126.92,-8.72 125.41,-9.28 125.07,-9.51
R|124.04,-9.34 124.44,-9.19 124.28,-9.43 124.04,-9.34
C|TH|Thailand|Asia|101.07|15.46
R|100.12,20.32 100.32,20.39 100.52,20.18 100.40,19.76 100.51,19.55 101.21,19.55 101.29,18.98 101.05,18.44 101.14,18.14 100.96,17.54 101.17,17.50 102.10,18.21 102.66,17.82 103.05,18.03 103.29,18.41 103.95,18.32 104.82,17.30 104.82,16.47 105.64,15.66 105.49,15.26 105.48,14.53 105.07,14.23 104.78,14.43 103.20,14.33 102.91,14.14 102.55,13.59 102.32,13.54 102.50,12.67 102.76,12.43 102.74,12.09 102.93,11.71 102.59,12.20 102.54,12.11 101.84,12.64 100.90,12.65 100.96,13.43 100.60,13.57 100.02,13.35 99.99,12.17 99.17,10.32 99.16,9.73 99.25,9.27 99.84,9.29 99.99,8.59 100.28,8.27 100.55,7.23 100.28,7.55 100.26,7.77 100.16,7.60 100.42,7.19 101.02,6.86 101.50,6.87 102.10,6.24 101.87,5.83 101.68,5.78 101.56,5.91 101.11,5.64 100.98,5.77 101.05,6.24 100.87,6.25 100.75,6.46 100.35,6.55 100.26,6.68 100.12,6.44 99.70,6.88 99.60,7.36 99.36,7.37 98.70,8.26 98.58,8.34 98.36,8.19 98.24,8.42 98.76,10.66 99.61,11.78 99.41,12.55 99.12,13.03 99.14,13.72 98.20,14.98 98.19,15.20 98.56,15.37 98.59,16.05 98.89,16.35 98.66,16.33 98.44,16.98 97.71,17.80 97.63,18.29 97.37,18.52 97.75,18.59 97.82,19.46 98.02,19.75 98.92,19.77 99.07,20.10 99.49,20.15 99.46,20.36 99.89,20.42 100.12,20.32
C|TZ|Tanzania|Africa|34.96|-6.05
R|39.50,-6.17 39.57,-6.39 39.48,-6.45 39.18,-6.17 39.31,-5.72 39.50,-6.17
R|39.87,-4.91 39.75,-5.44 39.65,-5.37 39.67,-4.93 39.87,-4.91
R|32.92,-9.41 31.94,-9.05 31.35,-8.61 30.97,-8.55 30.21,-7.04 29.71,-6.62 29.54,-6.31 29.48,-6.03 29.61,-5.72 29.32,-4.90 29.40,-4.45 29.72,-4.46 29.95,-4.31 30.81,-3.20 30.78,-2.98 30.42,-2.82 30.53,-2.43 30.83,-2.34 30.88,-2.14 30.81,-1.56 30.51,-1.21 30.52,-1.06 33.98,-1.00 37.64,-3.05 37.61,-3.50 39.22,-4.69 38.80,-6.07 38.87,-6.33 39.55,-7.02 39.29,-7.52 39.29,-7.79 39.43,-7.81 39.44,-8.01 39.30,-8.44 39.64,-9.19 39.73,-10.00 40.46,-10.46 39.99,-10.82 38.49,-11.41 37.92,-11.29 37.72,-11.58 37.37,-11.71 36.98,-11.57 36.31,-11.71 35.91,-11.45 35.56,-11.60 34.96,-11.58 34.61,-11.08 34.57,-10.24 34.32,-9.73 34.00,-9.50 33.89,-9.67 32.92,-9.41
C|TJ|Tajikistan|Asia|72.59|38.20
R|67.76,37.17 67.81,37.49 68.35,38.21 68.09,38.47 68.13,38.93 67.69,38.99 67.65,39.13 67.36,39.22 67.43,39.47 67.72,39.62 68.46,39.54 68.64,39.84 68.87,39.91 68.80,40.05 68.97,40.09 68.63,40.17 69.27,40.20 69.21,40.57 69.36,40.77 69.71,40.66 70.40,41.04 70.75,40.72 70.37,40.38 70.60,40.21 70.95,40.19 70.52,39.95 69.97,40.20 69.53,40.10 69.48,39.92 69.28,39.92 69.30,39.52 70.50,39.59 70.80,39.39 71.47,39.60 71.78,39.28 72.04,39.35 72.23,39.21 72.56,39.38 73.63,39.45 73.80,38.61 74.03,38.54 74.28,38.66 74.81,38.46 74.89,37.60 75.12,37.39 74.89,37.23 74.35,37.42 73.75,37.23 73.63,37.26 73.72,37.42 73.38,37.46 72.90,37.27 72.66,37.03 71.67,36.70 71.43,37.13 71.58,37.91 71.28,37.92 71.26,38.31 70.88,38.46 70.21,37.92 70.19,37.58 69.49,37.55 69.30,37.12 68.91,37.33 68.07,36.95 67.76,37.17
C|TW|Taiwan|Asia|120.87|23.65
R|121.01,22.62 120.84,21.93 120.74,21.96 120.08,23.09 120.13,23.65 121.04,25.03 121.59,25.28 121.93,24.97 121.40,23.17 121.01,22.62
C|SY|Syria|Asia|38.28|35.01
R|35.89,35.92 36.15,35.83 36.38,36.17 36.64,36.23 36.54,36.46 36.66,36.80 37.44,36.64 38.19,36.90 38.77,36.69 39.36,36.68 40.71,37.10 41.52,37.09 42.20,37.30 42.36,37.11 41.79,36.60 41.30,36.38 41.35,35.64 41.19,34.77 40.99,34.43 36.82,32.32 36.37,32.39 35.79,32.73 35.89,32.94 35.79,33.33 36.03,33.59 35.97,33.73 36.37,33.84 36.28,33.93 36.58,34.22 36.50,34.43 36.33,34.50 36.38,34.66 35.98,34.63 35.90,35.42 35.76,35.57 35.89,35.92
C|CH|Switzerland|Europe|7.46|46.72
R|9.52,47.52 9.63,47.47 9.49,47.06 10.13,46.85 10.35,46.98 10.45,46.90 10.43,46.55 10.09,46.60 10.13,46.24 9.94,46.36 9.53,46.31 9.30,46.50 8.95,45.83 8.82,46.08 8.46,46.25 8.42,46.45 7.79,45.92 7.06,45.90 6.77,46.17 6.76,46.42 6.43,46.43 6.20,46.19 5.97,46.15 6.16,46.61 6.95,47.27 6.90,47.39 7.05,47.49 8.45,47.60 8.57,47.65 8.40,47.69 8.57,47.78 9.52,47.52
C|SE|Sweden|Europe|19.02|65.86
R|19.08,57.84 18.81,57.71 18.79,57.48 18.91,57.40 18.15,56.92 18.29,57.08 18.11,57.27 18.14,57.56 18.54,57.83 18.90,57.92 19.08,57.84
R|16.53,56.29 16.40,56.31 16.41,56.57 17.00,57.32 17.12,57.32 16.53,56.29
R|11.39,59.04 11.47,58.91 11.64,58.93 11.80,59.29 11.68,59.59 11.93,59.86 12.49,60.11 12.59,60.45 12.29,61.00 12.71,61.06 12.88,61.35 12.16,61.72 12.30,62.29 12.11,62.59 12.11,62.92 12.22,63.00 12.00,63.29 12.21,63.49 12.18,63.60 12.79,64.00 13.96,64.01 14.14,64.17 14.08,64.46 13.65,64.58 14.48,65.30 14.63,65.79 14.54,66.13 15.48,66.31 15.42,66.49 16.40,67.05 16.43,67.16 16.13,67.43 16.19,67.51 16.46,67.55 16.78,67.90 17.32,68.10 17.92,67.96 18.18,68.20 18.16,68.53 19.97,68.36 20.24,68.48 19.97,68.54 20.35,68.85 20.12,69.02 20.90,68.98 22.00,68.52 22.85,68.37 23.64,67.95 23.50,67.88 23.45,67.46 23.73,67.42 23.64,67.13 23.99,66.81 23.70,66.48 23.70,66.25 24.16,65.81 23.10,65.74 22.40,65.86 22.25,65.60 21.57,65.41 21.61,65.26 21.41,65.32 21.57,65.13 21.14,64.81 21.52,64.46 21.02,64.18 20.76,63.87 18.61,63.18 18.31,63.00 18.50,62.99 18.46,62.90 18.17,62.79 17.88,62.87 17.90,62.66 18.04,62.60 17.38,62.46 17.63,62.23 17.37,61.87 17.47,61.68 17.20,61.72 17.13,61.58 17.25,60.70 17.66,60.54 17.96,60.59 18.56,60.25 18.54,60.15 18.79,60.08 18.99,59.83 17.96,59.36 18.56,59.39 18.62,59.33 18.41,59.29 18.29,59.11 16.98,58.65 16.21,58.64 16.92,58.49 16.65,58.43 16.77,58.21 16.56,57.81 16.65,57.50 16.48,57.27 16.53,57.07 16.00,56.22 15.83,56.12 14.71,56.13 14.75,56.03 14.56,56.05 14.22,55.83 14.34,55.53 14.17,55.40 12.89,55.41 12.97,55.75 12.47,56.29 12.80,56.26 12.66,56.44 12.86,56.45 12.88,56.62 12.42,56.91 11.88,57.68 11.73,57.72 11.70,57.97 11.45,58.12 11.43,58.34 11.25,58.37 11.15,58.99 11.39,59.04
C|SZ|eSwatini|Africa|31.47|-26.53
R|31.95,-25.96 32.06,-26.02 32.11,-26.84 31.99,-26.82 31.96,-27.31 31.47,-27.30 31.06,-27.11 30.79,-26.76 30.79,-26.46 31.09,-25.98 31.38,-25.74 31.95,-25.96
C|SR|Suriname|South America|-55.91|4.14
R|-54.16,5.36 -54.45,5.01 -54.45,4.49 -54.35,4.05 -53.99,3.59 -54.40,2.46 -54.66,2.33 -54.98,2.60 -55.73,2.41 -55.96,2.52 -56.14,2.26 -55.92,2.04 -55.96,1.86 -56.70,2.04 -57.20,2.85 -57.30,3.38 -57.65,3.39 -58.03,4.00 -57.88,4.88 -57.31,5.05 -57.21,5.21 -57.32,5.34 -56.97,5.99 -56.24,5.89 -55.90,5.70 -55.83,5.96 -54.36,5.91 -54.05,5.81 -54.16,5.36
C|SS|S. Sudan|Africa|30.39|7.23
R|33.98,4.22 33.49,3.76 33.00,3.88 32.34,3.71 32.14,3.52 31.80,3.80 31.55,3.68 31.15,3.79 30.84,3.49 29.55,4.64 29.22,4.39 28.73,4.50 28.43,4.32 28.19,4.35 27.49,4.97 27.14,5.72 26.51,6.07 26.31,6.46 26.36,6.64 25.28,7.43 25.20,7.81 24.85,8.14 24.29,8.29 24.16,8.70 24.53,8.89 25.07,10.29 25.80,10.42 25.92,10.17 26.66,9.48 27.07,9.61 27.88,9.60 28.05,9.33 28.84,9.33 28.98,9.59 29.47,9.77 29.61,10.07 30.00,10.28 30.76,9.73 31.15,9.77 32.42,11.09 32.34,11.71 32.07,12.01 32.74,12.01 32.72,12.22 33.20,12.22 33.07,11.61 33.13,10.75 33.91,10.18 33.87,9.51 34.08,9.46 34.10,8.68 33.95,8.44 33.28,8.44 33.00,7.90 33.90,7.51 34.71,6.66 34.98,5.86 35.27,5.49 33.98,4.22
C|SD|Sudan|Africa|29.26|16.33
R|34.08,9.46 33.87,9.51 33.91,10.18 33.13,10.75 33.07,11.61 33.20,12.22 32.72,12.22 32.74,12.01 32.07,12.01 32.34,11.71 32.42,11.09 31.15,9.77 30.76,9.73 30.00,10.28 29.61,10.07 29.47,9.77 28.98,9.59 28.84,9.33 28.05,9.33 27.88,9.60 27.07,9.61 26.66,9.48 25.92,10.17 25.80,10.42 25.07,10.29 24.53,8.89 24.15,8.67 23.54,8.82 23.47,9.11 23.62,9.34 23.65,9.82 22.86,10.92 22.92,11.34 22.59,11.58 22.35,12.66 21.93,12.68 21.83,12.79 22.23,13.33 22.11,13.80 22.54,14.16 22.38,14.55 22.67,14.72 22.93,15.16 22.93,15.53 23.11,15.70 23.97,15.72 23.98,20.00 24.98,20.00 24.98,22.00 31.21,21.99 31.40,22.20 31.43,22.00 36.87,22.00 36.93,21.59 37.26,21.11 37.14,20.98 37.19,20.12 37.47,18.82 38.61,18.01 38.25,17.58 37.55,17.32 37.41,17.06 37.01,17.06 36.91,16.30 36.43,15.13 36.52,14.26 36.13,12.76 35.67,12.62 35.11,11.82 34.93,10.86 34.77,10.75 34.57,10.88 34.34,10.66 34.08,9.46
C|LK|Sri Lanka|Asia|80.70|7.58
R|79.98,9.81 80.25,9.80 80.71,9.37 81.37,8.43 81.87,7.29 81.86,6.90 81.64,6.43 80.72,5.98 80.27,6.01 80.10,6.15 79.86,6.83 79.71,8.18 79.75,8.29 79.81,8.05 80.09,9.58 80.43,9.48 80.05,9.65 79.98,9.81
C|ES|Spain|Europe|-3.46|40.09
R|3.15,39.79 3.46,39.70 3.07,39.30 2.70,39.54 2.50,39.48 2.37,39.57 2.90,39.91 3.20,39.96 3.15,39.79
R|4.29,39.84 3.87,39.96 3.85,40.06 4.23,40.03 4.29,39.84
R|-1.79,43.41 -1.41,43.24 -1.43,43.04 -1.30,43.10 -0.04,42.69 0.63,42.69 0.70,42.85 1.35,42.69 1.45,42.44 1.71,42.50 1.99,42.36 2.65,42.34 3.21,42.43 3.31,42.29 3.15,42.16 3.25,41.94 2.08,41.29 1.03,41.06 0.71,40.82 0.89,40.72 0.60,40.61 -0.33,39.52 -0.20,39.06 0.20,38.76 -0.52,38.32 -0.81,37.77 -0.72,37.63 -1.33,37.56 -1.64,37.39 -2.11,36.78 -4.37,36.72 -4.67,36.51 -5.17,36.42 -5.36,36.13 -5.63,36.03 -6.04,36.19 -6.38,36.64 -6.22,36.91 -6.40,36.83 -6.86,37.28 -7.41,37.18 -7.44,37.73 -6.96,38.19 -7.11,38.18 -7.34,38.46 -7.00,39.06 -7.54,39.66 -6.98,39.80 -6.90,40.02 -7.03,40.17 -6.81,40.34 -6.93,41.01 -6.21,41.53 -6.54,41.67 -6.62,41.94 -7.15,41.98 -7.40,41.83 -8.15,41.81 -8.22,41.90 -8.13,42.02 -8.27,42.14 -8.85,41.93 -8.89,42.11 -8.69,42.27 -8.82,42.29 -8.73,42.41 -8.81,42.64 -9.03,42.59 -8.93,42.80 -9.24,42.98 -9.18,43.17 -8.36,43.40 -8.26,43.58 -7.70,43.76 -7.06,43.55 -5.85,43.65 -4.52,43.42 -3.60,43.52 -3.05,43.37 -1.79,43.41
R|-16.33,28.38 -16.42,28.15 -16.66,28.01 -16.91,28.34 -16.12,28.58 -16.33,28.38
R|-13.72,28.91 -13.86,28.87 -13.82,29.01 -13.46,29.24 -13.48,29.01 -13.72,28.91
R|-14.20,28.17 -14.49,28.10 -14.23,28.22 -14.00,28.71 -13.86,28.74 -13.93,28.25 -14.20,28.17
R|-15.40,28.15 -15.44,27.81 -15.66,27.76 -15.81,27.89 -15.68,28.15 -15.40,28.15
C|KR|South Korea|Asia|128.13|36.38
R|126.63,37.78 127.09,38.28 128.04,38.31 128.37,38.62 129.42,37.06 129.40,36.05 129.57,36.05 129.56,35.95 129.21,35.18 128.51,35.10 128.44,34.87 128.04,35.02 127.71,34.95 127.72,34.72 127.40,34.82 127.48,34.63 127.32,34.46 127.17,34.55 127.25,34.76 126.90,34.44 126.75,34.51 126.53,34.31 126.26,34.67 126.52,34.70 126.59,34.82 126.42,34.82 126.29,35.15 126.61,35.57 126.49,35.65 126.75,35.87 126.54,36.17 126.49,36.69 126.16,36.77 126.49,37.01 126.87,36.82 126.98,36.94 126.75,37.19 126.56,37.72 126.63,37.78
R|126.33,33.22 126.17,33.31 126.34,33.46 126.90,33.52 126.87,33.34 126.33,33.22
C|ZA|South Africa|Africa|23.67|-29.71
R|29.36,-22.19 31.29,-22.40 31.55,-23.48 31.97,-24.38 31.95,-25.96 31.42,-25.75 31.21,-25.84 30.80,-26.41 30.81,-26.79 31.27,-27.24 31.74,-27.31 31.96,-27.31 31.99,-26.82 32.89,-26.85 32.38,-28.50 31.34,-29.38 30.29,-30.97 27.86,-33.05 26.61,-33.71 25.81,-33.74 25.57,-34.04 25.00,-33.97 24.83,-34.17 24.60,-34.17 23.70,-33.99 23.27,-34.08 22.55,-34.01 21.79,-34.37 20.53,-34.46 20.02,-34.79 19.30,-34.62 19.33,-34.49 19.10,-34.35 18.83,-34.36 18.75,-34.08 18.50,-34.11 18.46,-34.35 18.33,-34.07 18.43,-33.72 17.85,-32.83 17.97,-32.71 18.12,-32.75 18.33,-32.50 18.21,-31.74 17.35,-30.44 16.95,-29.40 16.45,-28.62 16.76,-28.45 16.88,-28.13 17.06,-28.03 17.36,-28.27 17.45,-28.70 18.10,-28.87 19.25,-28.90 19.54,-28.57 19.98,-28.45 19.98,-24.78 20.43,-25.15 20.79,-25.92 20.82,-26.16 20.63,-26.44 20.69,-26.82 21.69,-26.84 22.60,-26.13 22.88,-25.46 23.06,-25.31 23.39,-25.29 23.89,-25.60 24.75,-25.82 25.44,-25.71 25.91,-24.75 26.40,-24.61 26.84,-24.24 27.09,-23.58 27.76,-23.20 28.21,-22.69 29.36,-22.19
C|SO|Somalia|Africa|45.19|3.57
R|41.53,-1.70 40.98,-0.87 40.98,2.84 42.02,4.14 42.79,4.29 43.13,4.64 43.58,4.85 44.94,4.91 47.98,8.00 48.94,9.45 48.94,11.26 50.11,11.53 50.79,11.98 51.25,11.83 51.08,11.34 51.14,10.66 51.03,10.44 51.19,10.55 51.38,10.39 50.93,10.34 50.83,9.43 49.85,7.96 49.05,6.17 47.98,4.50 46.05,2.48 44.33,1.39 43.47,0.62 41.98,-0.97 41.53,-1.70
C|SB|Solomon Is.|Oceania|159.17|-8.03
R|159.69,-8.51 159.64,-8.52 159.57,-8.48 159.54,-8.45 159.55,-8.40 159.59,-8.38 159.64,-8.41 159.65,-8.45 159.69,-8.51
R|166.93,-11.67 166.81,-11.68 166.75,-11.59 166.79,-11.57 166.86,-11.58 166.88,-11.63 166.93,-11.67
R|166.13,-10.76 165.79,-10.78 166.02,-10.66 166.13,-10.76
R|160.58,-11.80 160.51,-11.83 160.44,-11.81 160.39,-11.79 160.36,-11.71 160.27,-11.66 160.15,-11.64 160.09,-11.59 160.00,-11.58 159.98,-11.54 159.99,-11.49 160.00,-11.47 160.08,-11.49 160.45,-11.70 160.58,-11.80
R|161.55,-9.63 161.55,-9.77 161.41,-9.68 161.36,-9.35 161.55,-9.63
R|159.19,-9.12 159.04,-9.07 159.13,-8.99 159.19,-9.12
R|160.17,-9.00 160.41,-9.14 160.11,-9.08 160.17,-9.00
R|157.76,-8.24 157.90,-8.51 157.82,-8.61 157.59,-8.45 157.56,-8.27 157.22,-8.26 157.49,-7.97 157.76,-8.24
R|158.11,-8.68 157.94,-8.74 157.91,-8.57 158.11,-8.54 158.11,-8.68
R|157.39,-8.71 157.21,-8.57 157.38,-8.42 157.39,-8.71
R|156.69,-7.92 156.51,-7.71 156.56,-7.57 156.81,-7.72 156.69,-7.92
R|156.60,-8.17 156.59,-8.20 156.54,-8.07 156.55,-7.97 156.57,-7.96 156.61,-8.10 156.60,-8.17
R|157.17,-8.11 156.96,-8.01 157.02,-7.87 157.19,-7.94 157.17,-8.11
R|155.84,-7.10 155.68,-7.09 155.74,-6.97 155.84,-7.10
R|157.65,-8.76 157.64,-8.79 157.59,-8.78 157.46,-8.73 157.45,-8.71 157.58,-8.70 157.65,-8.76
R|159.75,-9.27 159.97,-9.43 160.35,-9.42 160.82,-9.86 160.65,-9.93 159.80,-9.76 159.61,-9.47 159.63,-9.31 159.75,-9.27
R|159.88,-8.53 158.94,-8.04 158.46,-7.54 159.43,-8.03 159.84,-8.33 159.88,-8.53
R|157.49,-7.33 157.44,-7.43 157.10,-7.32 156.45,-6.64 157.03,-6.89 157.19,-7.16 157.49,-7.33
R|160.75,-8.31 161.00,-8.61 160.94,-8.80 161.16,-8.96 161.37,-9.61 160.77,-8.96 160.59,-8.37 160.75,-8.31
R|161.72,-10.39 162.11,-10.45 162.37,-10.82 161.91,-10.76 161.54,-10.57 161.30,-10.20 161.72,-10.39
C|SK|Slovakia|Europe|19.05|48.73
R|22.54,49.07 22.11,48.39 21.72,48.35 21.45,48.55 20.49,48.53 20.33,48.30 19.95,48.15 19.63,48.22 18.79,48.00 18.72,47.79 17.64,47.81 17.09,48.04 16.87,48.39 17.14,48.84 17.76,48.89 18.60,49.49 19.15,49.40 19.44,49.60 19.77,49.37 19.80,49.19 20.06,49.18 20.36,49.39 20.95,49.32 21.35,49.43 22.54,49.07
C|SI|Slovenia|Europe|14.92|46.06
R|16.52,46.50 16.32,46.53 16.23,46.37 15.64,46.20 15.65,45.86 15.28,45.73 15.34,45.47 15.24,45.44 14.79,45.48 14.57,45.66 14.37,45.48 13.62,45.48 13.87,45.61 13.49,45.99 13.63,46.18 13.38,46.26 13.70,46.52 14.55,46.40 14.89,46.61 15.96,46.68 16.09,46.86 16.28,46.86 16.52,46.50
C|SG|Singapore|Asia|103.82|1.37
R|103.97,1.33 103.65,1.33 103.82,1.45 103.97,1.33
C|SL|Sierra Leone|Africa|-11.76|8.62
R|-10.28,8.49 -10.65,7.76 -11.51,6.91 -12.49,7.39 -12.48,7.75 -12.85,7.82 -12.96,8.15 -13.27,8.43 -13.09,8.42 -12.89,8.63 -13.18,8.58 -13.21,8.84 -13.06,8.88 -13.29,9.05 -13.03,9.10 -12.43,9.90 -11.27,10.00 -10.69,9.31 -10.75,9.10 -10.62,9.06 -10.50,8.69 -10.71,8.34 -10.28,8.49
C|SC|Seychelles|Seven seas (open ocean)|55.48|-4.68
R|55.54,-4.69 55.54,-4.79 55.38,-4.61 55.54,-4.69
C|RS|Serbia|Europe|20.79|44.19
R|21.36,44.83 22.09,44.54 22.50,44.71 22.72,44.61 22.50,44.49 22.71,44.24 22.42,44.01 22.37,43.78 22.55,43.45 22.98,43.19 22.71,42.88 22.47,42.84 22.53,42.48 22.42,42.33 21.56,42.25 21.75,42.67 21.39,42.75 20.80,43.26 20.34,42.83 19.22,43.45 19.25,43.58 19.50,43.64 19.25,43.97 19.58,44.04 19.12,44.36 19.35,44.88 19.00,44.90 19.14,45.20 19.40,45.21 19.00,45.40 19.06,45.51 18.84,45.84 19.53,46.16 20.21,46.13 20.77,45.75 20.79,45.47 21.49,45.15 21.35,45.01 21.53,44.90 21.36,44.83
C|SN|Senegal|Africa|-14.78|15.14
R|-12.28,14.81 -12.23,14.46 -12.02,14.21 -12.05,13.63 -11.83,13.32 -11.76,13.39 -11.58,13.29 -11.39,12.94 -11.38,12.48 -12.29,12.33 -13.06,12.49 -13.08,12.63 -13.73,12.67 -15.20,12.68 -15.57,12.49 -16.71,12.35 -16.76,12.53 -16.44,12.61 -16.60,12.72 -16.77,12.63 -16.76,13.06 -16.65,13.15 -15.83,13.16 -15.81,13.33 -15.29,13.40 -15.15,13.56 -14.25,13.24 -13.83,13.41 -13.98,13.54 -14.41,13.50 -15.11,13.81 -15.43,13.73 -15.51,13.59 -16.56,13.59 -16.77,13.90 -16.62,14.04 -16.79,14.00 -17.17,14.64 -17.54,14.76 -17.15,14.92 -16.84,15.29 -16.24,16.53 -15.77,16.49 -14.96,16.68 -14.30,16.58 -13.87,16.15 -13.51,16.14 -13.21,15.62 -12.28,14.81
C|SA|Saudi Arabia|Asia|44.70|23.81
R|41.99,16.72 42.06,16.80 42.17,16.71 42.16,16.57 41.90,16.68 41.78,16.85 41.86,17.00 41.99,16.72
R|51.98,19.00 49.04,18.58 48.17,18.16 47.44,17.11 47.14,16.95 46.98,16.95 46.73,17.27 45.54,17.30 45.15,17.43 43.92,17.32 43.42,17.52 43.19,17.36 43.17,16.69 42.80,16.37 42.29,17.43 41.75,17.89 41.23,18.68 40.76,19.76 39.73,20.39 39.28,20.97 38.99,21.88 39.06,22.59 38.46,23.71 37.92,24.19 37.54,24.29 37.18,24.82 37.27,24.96 37.15,25.29 35.18,28.03 34.62,28.06 34.95,29.35 36.07,29.20 36.76,29.87 37.47,30.00 37.65,30.33 37.98,30.50 36.96,31.49 39.15,32.12 40.37,31.94 42.07,31.08 44.69,29.20 47.43,28.99 47.67,28.53 48.44,28.54 48.80,27.72 49.24,27.49 49.18,27.44 49.41,27.18 50.15,26.66 50.01,26.68 50.21,26.31 50.16,26.10 50.03,26.11 50.08,25.96 50.86,24.68 50.97,24.57 51.41,24.57 51.31,24.34 51.57,24.29 51.59,24.08 52.56,22.93 55.10,22.62 55.19,22.70 55.64,22.00 54.98,20.00 51.98,19.00
C|ST|São Tomé and Principe|Africa|7.02|0.97
R|7.42,1.57 7.33,1.60 7.41,1.70 7.42,1.57
R|6.66,0.12 6.52,0.07 6.47,0.23 6.69,0.40 6.66,0.12
C|SM|San Marino|Europe|12.44|43.93
R|12.49,43.90 12.40,43.93 12.50,43.99 12.49,43.90
C|WS|Samoa|Oceania|-172.44|-13.64
R|-172.33,-13.47 -172.18,-13.68 -172.22,-13.80 -172.54,-13.79 -172.78,-13.52 -172.33,-13.47
R|-171.45,-14.05 -171.91,-14.00 -172.05,-13.86 -171.60,-13.88 -171.45,-14.05
C|VC|St. Vin. and Gren.|North America|-61.34|13.09
R|-61.17,13.16 -61.27,13.29 -61.14,13.36 -61.17,13.16
R|-61.23,12.99 -61.24,12.98 -61.28,13.00 -61.24,13.00 -61.25,13.02 -61.20,13.05 -61.19,13.04 -61.23,12.99
R|-61.33,12.70 -61.35,12.70 -61.32,12.74 -61.33,12.70
C|LC|Saint Lucia|North America|-60.98|13.89
R|-60.90,13.82 -60.95,13.72 -61.07,13.87 -60.91,14.09 -60.90,13.82
C|KN|St. Kitts and Nevis|North America|-62.76|17.34
R|-62.53,17.12 -62.58,17.10 -62.62,17.13 -62.62,17.20 -62.57,17.20 -62.53,17.17 -62.53,17.12
R|-62.63,17.24 -62.66,17.22 -62.70,17.29 -62.78,17.30 -62.84,17.34 -62.83,17.39 -62.79,17.40 -62.71,17.35 -62.63,17.24
C|RW|Rwanda|Africa|30.10|-1.90
R|29.58,-1.39 29.83,-1.34 29.93,-1.47 30.51,-1.07 30.81,-1.56 30.83,-2.34 29.93,-2.34 29.87,-2.72 29.70,-2.79 29.39,-2.81 29.10,-2.60 28.92,-2.68 28.86,-2.45 29.13,-2.20 29.14,-1.82 29.58,-1.39
C|RU|Russia|Europe|44.69|58.25
R|120.26,73.09 120.01,73.04 119.79,73.05 119.64,73.12 119.76,73.16 119.96,73.17 120.08,73.16 120.26,73.09
R|86.65,74.98 87.12,74.94 86.93,74.83 86.39,74.85 86.26,74.89 86.33,74.94 86.65,74.98
R|-179.80,68.94 -178.87,68.75 -178.54,68.59 -178.75,68.66 -178.69,68.55 -178.10,68.42 -178.06,68.26 -177.80,68.34 -178.25,68.54 -177.53,68.29 -177.59,68.22 -175.35,67.68 -175.23,67.45 -175.37,67.36 -175.00,67.44 -174.85,67.35 -174.94,67.09 -174.77,66.78 -174.92,66.62 -174.50,66.54 -174.39,66.34 -174.08,66.47 -174.07,66.23 -173.77,66.43 -174.23,66.63 -174.01,66.78 -174.09,66.94 -174.55,67.09 -173.68,67.14 -173.16,67.07 -173.32,66.95 -173.26,66.84 -173.19,66.99 -172.52,66.95 -173.01,67.06 -171.80,66.93 -170.51,66.34 -170.60,66.25 -170.30,66.29 -170.24,66.17 -169.73,66.06 -170.54,65.87 -170.67,65.62 -171.42,65.81 -171.05,65.55 -171.17,65.50 -171.91,65.50 -172.78,65.68 -172.23,65.46 -172.31,65.28 -172.66,65.25 -172.29,65.21 -172.21,65.05 -173.07,64.85 -172.80,64.79 -172.90,64.63 -172.38,64.43 -172.74,64.41 -172.90,64.53 -172.92,64.37 -173.16,64.28 -173.38,64.35 -173.33,64.54 -173.73,64.36 -174.57,64.72 -175.44,64.82 -175.85,65.01 -175.86,65.23 -176.09,65.47 -177.06,65.61 -178.41,65.50 -178.50,65.74 -178.94,66.03 -178.75,66.01 -178.53,66.40 -178.87,66.19 -179.11,66.23 -179.14,66.38 -179.34,66.29 -179.33,66.16 -179.68,66.18 -179.79,65.90 -179.37,65.64 -179.35,65.52 -180.00,65.07 -180.00,68.98 -179.80,68.94
R|130.69,42.30 130.42,42.73 131.07,42.90 131.26,43.38 131.17,43.70 131.26,44.07 130.98,44.84 131.45,44.98 131.85,45.33 132.94,45.03 133.11,45.13 133.19,45.49 133.44,45.60 133.51,45.88 133.86,46.25 133.87,46.50 134.20,47.13 134.17,47.30 134.75,47.72 134.57,48.02 134.67,48.25 134.29,48.37 133.47,48.10 133.14,48.11 132.71,47.95 132.48,47.71 130.96,47.71 130.73,48.02 130.80,48.34 130.55,48.60 130.55,48.86 130.20,48.89 129.50,49.39 129.07,49.37 128.70,49.60 128.00,49.57 127.55,49.80 127.59,50.21 127.34,50.35 127.31,50.71 126.92,51.10 126.34,52.36 126.02,52.61 126.05,52.74 125.65,53.04 125.08,53.20 124.81,53.13 123.61,53.55 120.99,53.28 120.09,52.79 120.07,52.63 120.66,52.57 120.68,51.97 120.07,51.60 119.16,50.41 119.35,50.28 119.26,50.07 118.45,49.84 117.87,49.51 116.22,50.01 115.43,49.90 114.74,50.23 114.30,50.27 113.57,50.01 112.81,49.52 111.34,49.36 110.71,49.14 108.61,49.32 107.97,49.65 107.92,49.95 107.23,49.99 106.71,50.31 105.38,50.47 104.08,50.15 103.30,50.20 102.29,50.59 102.11,51.35 99.92,51.76 98.89,52.12 98.64,51.80 98.04,51.45 97.84,51.05 98.03,50.64 98.28,50.53 98.25,50.30 98.00,50.01 97.36,49.74 96.07,50.00 95.52,49.91 94.61,50.02 94.35,50.22 94.25,50.56 93.10,50.60 92.94,50.78 92.63,50.69 92.35,50.86 92.19,50.70 91.80,50.69 91.42,50.47 90.05,50.09 89.64,49.90 89.65,49.72 89.11,49.50 88.19,49.45 87.99,49.19 87.42,49.08 86.63,49.56 86.68,49.78 86.18,49.50 85.23,49.62 84.99,50.06 84.32,50.24 83.95,50.77 83.36,50.99 82.49,50.73 81.47,50.74 81.39,50.96 81.07,50.97 81.13,51.19 80.74,51.29 80.45,51.18 80.42,50.95 79.99,50.77 77.86,53.27 76.48,54.02 76.42,54.15 76.65,54.15 76.84,54.44 75.44,54.09 75.22,53.89 74.45,53.65 74.35,53.49 73.86,53.62 73.41,53.45 73.31,53.71 73.68,53.93 73.67,54.06 73.23,53.96 72.62,54.13 72.45,53.94 72.19,54.33 72.00,54.21 71.09,54.21 71.19,54.60 70.74,55.31 70.18,55.16 68.98,55.39 68.21,55.16 68.16,54.98 65.48,54.62 65.09,54.34 64.46,54.38 61.93,53.95 61.23,54.02 60.98,53.62 61.53,53.52 61.23,53.45 61.20,53.29 61.66,53.23 62.08,53.01 61.05,52.97 60.77,52.68 60.99,52.34 60.03,51.93 60.46,51.65 61.55,51.32 61.39,50.86 60.94,50.70 60.42,50.68 60.06,50.85 59.81,50.58 59.52,50.49 59.45,50.62 58.88,50.69 58.36,51.06 57.84,51.09 57.44,50.89 57.01,51.07 56.49,51.02 55.69,50.58 54.64,51.01 54.55,50.95 54.65,50.66 54.56,50.54 54.14,51.04 53.34,51.48 52.57,51.48 52.22,51.71 51.34,51.48 51.16,51.65 50.79,51.73 50.31,51.32 49.50,51.08 49.32,50.85 48.63,50.61 48.84,50.01 48.76,49.93 48.33,49.86 47.71,50.38 47.43,50.36 47.25,50.00 46.89,49.70 46.80,49.37 47.03,49.15 46.70,48.81 46.66,48.41 47.06,48.23 47.09,47.95 47.29,47.74 48.17,47.71 48.96,46.77 48.56,46.76 48.54,46.61 49.25,46.29 48.68,46.09 48.73,45.90 48.49,45.93 47.63,45.58 47.46,45.68 47.51,45.49 47.08,44.82 47.00,44.88 46.72,44.56 46.75,44.42 47.31,44.10 47.46,43.56 47.65,43.88 47.46,43.04 48.57,41.84 47.86,41.21 47.52,41.23 47.26,41.32 46.75,41.81 45.64,42.21 45.66,42.52 44.87,42.76 44.77,42.62 44.51,42.75 43.83,42.57 43.78,42.75 42.76,43.17 41.58,43.22 40.65,43.53 40.15,43.57 39.98,43.42 38.72,44.29 38.18,44.42 37.85,44.70 37.50,44.70 37.20,44.97 36.65,45.13 36.94,45.29 36.79,45.41 37.21,45.27 37.65,45.38 37.61,45.56 37.93,46.00 38.08,45.93 38.18,46.09 38.49,46.09 37.91,46.41 37.77,46.64 38.50,46.66 38.44,46.81 39.27,47.04 39.20,47.27 38.67,47.14 38.55,47.15 38.76,47.26 38.58,47.24 38.21,47.09 38.20,47.32 38.29,47.56 38.82,47.84 39.78,47.89 39.96,48.27 39.85,48.30 39.84,48.54 39.64,48.59 39.79,48.81 40.00,48.82 39.69,49.01 40.11,49.25 40.08,49.58 39.78,49.57 39.17,49.86 38.92,49.82 38.26,50.05 38.05,49.92 37.42,50.41 36.62,50.21 36.12,50.41 35.59,50.37 35.41,50.54 35.31,51.04 35.06,51.20 34.21,51.26 34.12,51.68 34.40,51.78 33.74,52.34 32.44,52.31 32.12,52.05 31.76,52.10 31.58,52.31 31.56,52.76 31.26,53.02 31.42,53.20 32.14,53.09 32.71,53.42 32.47,53.55 32.45,53.69 31.75,53.81 31.83,54.03 31.40,54.20 31.07,54.49 31.15,54.63 30.80,54.78 30.98,55.05 30.81,55.31 30.91,55.57 30.23,55.85 29.48,55.68 29.28,55.97 28.28,56.06 28.15,56.14 28.17,56.39 27.88,56.82 27.64,56.85 27.83,57.29 27.35,57.55 27.54,57.80 27.78,57.87 27.50,58.22 27.43,58.79 27.90,59.28 28.15,59.37 28.01,59.48 28.06,59.78 28.33,59.69 28.52,59.85 28.95,59.83 29.15,60.00 30.12,59.87 30.17,59.96 29.72,60.20 29.07,60.19 28.64,60.38 28.49,60.54 28.62,60.49 28.65,60.61 28.51,60.68 27.80,60.54 31.19,62.48 31.54,62.92 31.18,63.21 29.99,63.74 30.53,64.08 30.49,64.24 29.99,64.52 30.11,64.73 29.60,64.97 29.83,65.15 29.61,65.25 29.82,65.57 29.72,65.62 30.10,65.68 30.09,65.79 29.07,66.89 29.99,67.67 29.34,68.06 28.69,68.19 28.47,68.49 28.77,68.84 28.41,68.90 29.12,69.05 29.39,69.30 29.99,69.39 30.16,69.63 30.86,69.54 30.87,69.78 31.55,69.70 32.00,69.81 31.98,69.95 33.01,69.72 32.92,69.60 32.18,69.67 32.09,69.63 32.38,69.48 33.00,69.47 32.98,69.37 33.45,69.43 33.33,69.15 33.14,69.07 33.68,69.31 35.86,69.19 37.73,68.69 38.43,68.36 39.57,68.07 39.82,68.06 39.81,68.15 40.38,67.83 40.97,67.71 41.13,67.27 41.36,67.21 41.19,66.83 40.10,66.30 38.65,66.07 35.51,66.40 34.82,66.61 34.48,66.55 34.45,66.65 33.15,66.84 32.85,67.02 32.93,67.09 31.90,67.16 32.50,67.00 32.46,66.92 32.86,66.72 33.18,66.68 33.22,66.53 33.66,66.44 33.36,66.33 34.11,66.23 34.69,65.95 34.78,65.77 34.41,65.40 34.80,64.99 34.95,64.76 34.87,64.56 35.04,64.44 35.65,64.38 36.36,64.00 37.44,63.81 37.97,63.95 38.06,64.09 37.95,64.32 37.18,64.41 36.58,64.79 36.53,64.94 36.79,64.99 36.88,65.17 39.76,64.58 40.06,64.77 40.44,64.78 39.80,65.35 39.82,65.60 40.69,65.96 41.48,66.12 42.21,66.52 43.23,66.42 43.65,66.25 43.54,66.12 44.10,66.01 44.10,66.24 44.49,66.67 44.43,66.94 44.29,67.10 43.78,67.25 44.23,68.00 44.20,68.25 43.33,68.67 45.89,68.48 46.68,67.97 46.69,67.85 45.53,67.76 44.90,67.41 45.56,67.19 45.89,66.89 46.49,66.80 47.66,66.98 47.87,67.58 48.83,67.68 48.75,67.90 49.16,67.87 50.70,68.32 51.99,68.54 52.40,68.35 52.72,68.48 52.34,68.61 53.80,69.00 54.49,68.99 53.80,68.91 53.97,68.84 53.76,68.63 53.93,68.44 53.26,68.27 54.86,68.20 54.92,68.37 55.42,68.57 56.04,68.65 57.13,68.55 58.17,68.89 59.06,69.01 59.37,68.74 59.11,68.62 59.10,68.44 59.73,68.35 59.92,68.47 59.90,68.71 60.49,68.73 60.93,68.99 60.17,69.59 60.91,69.85 64.19,69.53 64.93,69.33 64.90,69.25 67.00,68.87 67.73,68.51 68.50,68.35 69.14,68.95 68.54,68.97 68.12,69.24 68.01,69.48 67.62,69.58 67.06,69.69 66.90,69.55 66.80,69.74 66.93,70.01 67.24,70.11 67.15,70.22 67.28,70.74 66.70,70.82 66.85,71.06 66.64,71.08 66.92,71.28 68.27,71.68 69.39,72.96 71.50,72.91 72.81,72.69 72.57,72.01 71.87,71.46 72.58,71.15 72.70,70.96 72.70,70.46 72.47,70.27 72.60,69.79 72.58,68.97 73.59,68.48 73.14,68.18 73.07,67.77 72.59,67.59 71.85,67.01 71.37,66.96 71.54,66.68 70.72,66.52 70.38,66.60 70.69,66.75 69.01,66.79 69.19,66.58 69.98,66.40 72.07,66.25 72.32,66.33 72.42,66.56 73.79,67.00 74.07,67.41 74.77,67.77 74.74,68.07 74.39,68.42 74.58,68.75 75.12,68.86 76.46,68.98 77.24,68.47 77.17,67.78 77.77,67.57 78.92,67.59 77.59,67.75 77.54,68.01 77.66,68.19 78.00,68.26 77.65,68.90 76.00,69.24 74.81,69.09 73.78,69.20 73.89,69.42 73.58,69.80 73.83,70.18 74.34,70.58 73.58,71.22 73.09,71.44 73.67,71.85 74.99,72.14 75.06,72.55 74.79,72.81 75.37,72.80 75.60,72.58 75.74,72.30 75.27,71.96 75.25,71.81 75.50,71.65 75.28,71.43 75.73,71.27 77.59,71.17 78.32,70.93 79.02,70.95 78.49,71.03 78.21,71.27 76.43,71.55 76.03,71.91 76.87,72.03 77.55,71.84 78.19,71.91 78.02,72.09 77.44,72.16 78.48,72.39 79.42,72.38 80.76,72.09 81.66,71.72 83.11,71.72 83.23,71.67 82.98,71.45 82.32,71.26 82.24,71.00 82.34,70.81 82.16,70.60 82.22,70.40 82.59,70.89 83.01,70.90 83.03,70.58 82.68,70.22 83.08,70.09 83.07,70.28 83.50,70.35 83.74,70.55 83.15,71.10 83.55,71.54 83.53,71.68 83.20,71.87 82.65,71.93 82.09,72.27 80.83,72.49 80.66,72.71 80.84,72.95 80.42,73.23 80.58,73.57 85.20,73.72 86.89,73.89 87.03,73.82 85.79,73.44 85.82,73.33 86.68,73.11 85.97,73.35 85.94,73.46 87.12,73.62 87.57,73.81 87.21,73.88 86.57,74.24 86.00,74.32 86.40,74.45 87.23,74.36 85.79,74.65 86.20,74.82 86.86,74.72 87.42,74.94 87.47,75.01 86.94,75.07 87.01,75.17 87.67,75.13 90.18,75.59 94.08,75.91 92.89,75.91 92.97,76.08 93.26,76.10 95.58,76.14 96.08,76.08 95.65,75.89 96.51,76.01 96.60,75.99 96.50,75.89 98.66,76.24 99.77,76.03 99.54,75.80 99.85,75.93 99.83,76.14 98.87,76.51 101.60,76.44 100.93,76.56 101.10,76.70 100.92,76.82 100.99,76.99 102.61,77.51 104.01,77.73 106.06,77.39 104.20,77.10 106.94,77.03 107.43,76.93 106.64,76.57 106.38,76.59 106.41,76.51 107.72,76.52 108.18,76.74 111.11,76.72 111.94,76.55 112.09,76.48 111.94,76.38 112.62,76.38 112.80,76.13 112.66,76.05 113.27,76.25 113.56,75.89 113.86,75.92 113.57,75.57 112.47,75.84 112.96,75.57 113.24,75.61 113.73,75.45 113.61,75.29 112.92,75.02 109.84,74.32 109.91,74.26 109.81,74.17 108.20,73.69 107.27,73.62 106.68,73.33 106.19,73.31 105.14,72.78 105.71,72.84 106.48,73.14 107.75,73.17 110.77,73.69 110.87,73.73 110.72,73.78 109.71,73.74 109.87,73.93 110.26,74.02 111.06,73.94 111.13,74.05 111.55,74.03 111.23,73.97 111.40,73.83 112.15,73.71 112.80,73.75 112.94,73.84 112.84,73.96 113.03,73.91 113.42,73.65 113.16,73.46 113.49,73.35 113.47,73.05 113.13,72.83 113.31,72.66 113.66,72.63 113.22,72.81 113.54,73.05 113.56,73.23 113.89,73.35 113.51,73.50 114.06,73.58 115.34,73.70 118.45,73.59 118.94,73.48 118.46,73.46 118.43,73.25 119.75,72.98 122.54,72.88 122.75,72.91 122.53,73.02 123.16,72.95 123.62,73.19 123.32,73.43 123.42,73.64 124.54,73.75 125.60,73.45 126.25,73.55 126.29,73.39 126.55,73.33 127.03,73.55 127.74,73.48 129.10,73.11 128.60,72.90 129.02,72.87 129.25,72.71 128.42,72.54 129.28,72.44 129.41,72.32 129.28,72.09 128.93,72.08 127.73,72.41 128.91,71.76 129.21,71.92 129.46,71.74 128.84,71.66 129.13,71.59 129.76,71.12 130.54,70.89 130.76,70.96 131.02,70.75 131.56,70.90 132.04,71.24 132.23,71.64 132.65,71.93 133.13,71.61 133.69,71.43 134.70,71.39 136.09,71.62 137.94,71.13 137.84,71.23 138.31,71.33 137.92,71.38 138.23,71.60 138.78,71.63 139.21,71.44 139.98,71.49 139.70,71.70 139.72,71.88 139.36,71.95 140.19,72.19 139.18,72.16 139.14,72.33 139.60,72.50 141.08,72.59 140.65,72.84 140.81,72.89 146.25,72.44 146.23,72.35 144.78,72.38 144.17,72.26 144.47,72.17 146.83,72.30 146.11,71.94 146.01,71.95 146.23,72.14 145.76,72.23 145.66,72.07 145.76,71.94 145.06,71.93 144.99,71.75 145.19,71.70 146.07,71.81 147.26,72.33 149.50,72.16 150.02,71.90 149.05,71.80 148.97,71.69 150.60,71.52 150.67,71.46 150.10,71.23 150.97,71.38 151.58,71.29 152.09,71.02 151.76,70.98 152.51,70.83 155.90,71.10 158.70,70.94 159.35,70.79 159.91,70.51 160.01,70.31 159.73,69.87 159.83,69.78 160.91,69.61 161.04,69.10 161.34,68.91 160.86,68.54 161.10,68.56 161.57,68.91 161.54,69.38 162.17,69.61 163.20,69.71 166.82,69.50 167.86,69.73 168.15,69.58 168.30,69.27 169.31,69.08 169.61,68.79 170.54,68.83 171.00,69.13 170.58,69.58 170.16,69.63 170.50,69.86 170.49,70.11 173.28,69.82 173.44,69.95 175.92,69.90 178.85,69.39 180.00,68.98 180.00,65.07 178.52,64.60 177.75,64.72 176.88,65.08 176.34,65.05 177.04,65.00 177.22,64.86 177.07,64.79 176.06,64.96 174.55,64.68 176.06,64.90 176.35,64.71 176.14,64.59 177.43,64.76 177.43,64.44 177.69,64.30 178.04,64.22 178.23,64.36 178.38,64.26 178.45,64.01 178.65,63.97 178.73,63.67 178.44,63.61 178.71,63.52 178.68,63.40 178.79,63.54 178.92,63.35 179.39,63.15 179.26,63.01 179.57,62.69 179.12,62.32 177.29,62.60 177.34,62.78 177.02,62.78 176.96,62.66 177.16,62.56 174.51,61.82 173.62,61.72 173.13,61.41 172.86,61.47 172.91,61.31 172.40,61.17 172.39,61.06 170.61,60.43 170.35,59.97 169.98,60.07 169.62,60.44 169.23,60.60 168.14,60.57 167.23,60.41 166.27,59.86 166.14,59.98 166.35,60.48 165.08,60.10 164.95,59.84 164.53,60.06 164.11,59.90 164.14,59.98 163.74,60.03 163.36,59.78 163.27,59.30 162.14,58.45 161.96,58.08 162.39,57.72 162.65,57.95 163.23,57.79 162.76,57.24 162.80,56.81 163.26,56.69 163.34,56.23 163.05,56.04 162.84,56.07 162.63,56.23 163.04,56.52 162.67,56.49 162.49,56.40 162.53,56.26 162.08,56.09 161.72,55.50 162.11,54.75 161.62,54.52 160.77,54.54 160.07,54.19 159.84,53.78 160.03,53.13 159.59,53.24 158.75,52.91 158.47,53.03 158.61,52.87 158.49,52.38 158.10,51.81 156.75,50.97 156.52,51.38 156.36,52.51 156.11,52.87 155.56,55.20 155.72,56.07 155.98,56.70 156.85,57.29 156.98,57.47 156.83,57.78 157.45,57.80 157.67,58.02 158.28,58.01 159.21,58.52 159.85,59.13 161.75,60.15 162.07,60.47 163.71,60.92 163.55,61.03 164.01,61.34 163.80,61.46 164.02,61.71 164.21,62.29 164.60,62.47 165.21,62.37 165.40,62.49 164.42,62.70 163.33,62.55 163.02,61.89 163.01,61.79 163.26,61.70 163.09,61.57 162.86,61.71 162.39,61.66 160.77,60.75 160.17,60.64 160.38,61.03 159.79,60.96 159.95,61.13 159.88,61.29 160.25,61.65 160.31,61.89 159.55,61.72 159.19,61.93 157.08,61.68 156.68,61.48 156.63,61.27 155.72,60.68 154.97,60.38 154.29,59.83 154.15,59.53 154.97,59.45 155.17,59.36 155.16,59.19 154.46,59.22 154.01,59.08 153.36,59.21 152.82,58.93 152.32,59.03 152.09,58.91 151.33,58.88 151.12,59.08 151.99,59.16 152.26,59.22 152.17,59.28 151.35,59.56 150.48,59.49 150.67,59.56 149.42,59.76 149.07,59.63 149.20,59.49 148.80,59.53 148.74,59.37 148.96,59.37 148.73,59.26 148.26,59.41 147.51,59.27 146.54,59.46 146.05,59.17 145.55,59.41 143.19,59.37 142.33,59.15 141.60,58.65 140.99,58.42 140.68,58.21 140.45,57.81 139.18,57.26 137.69,56.14 135.54,55.11 135.21,54.84 135.26,54.73 135.85,54.58 136.80,54.62 136.68,53.93 136.80,53.78 137.16,53.82 137.26,54.03 137.14,54.18 137.67,54.28 137.34,54.10 137.83,53.95 137.25,53.55 137.95,53.60 138.53,53.96 138.57,53.82 138.25,53.52 138.45,53.54 138.70,53.87 138.66,54.30 139.32,54.19 139.71,54.28 140.18,54.05 140.69,53.60 141.37,53.29 141.40,53.18 141.18,53.02 140.84,53.09 141.26,52.84 141.13,52.44 141.49,52.18 141.37,51.92 140.93,51.62 140.52,50.80 140.54,50.13 140.62,50.08 140.46,49.91 140.52,49.60 140.31,49.05 140.38,48.96 140.11,48.42 139.37,47.89 138.59,47.06 138.34,46.54 137.69,45.82 135.87,44.37 135.13,43.53 134.01,42.95 133.16,42.70 132.30,42.88 132.31,43.31 131.87,43.10 131.94,43.30 131.16,42.63 130.71,42.66 130.83,42.52 130.69,42.30
R|47.44,80.85 48.45,80.81 48.68,80.63 47.71,80.77 46.14,80.45 45.97,80.57 44.90,80.61 47.44,80.85
R|50.28,80.93 51.70,80.69 48.81,80.35 48.68,80.30 48.96,80.27 48.98,80.16 47.74,80.08 47.63,80.11 47.89,80.24 46.99,80.18 46.64,80.30 47.90,80.53 49.09,80.52 49.24,80.82 50.28,80.93
R|67.77,76.24 61.36,75.31 60.28,75.01 60.50,74.90 59.75,74.75 59.67,74.61 59.24,74.69 59.04,74.49 58.53,74.50 58.62,74.23 57.77,74.01 57.87,73.85 57.76,73.77 57.31,73.84 57.54,73.66 56.63,73.30 55.01,73.45 54.30,73.35 54.13,73.48 54.20,73.54 53.76,73.77 54.64,73.96 55.34,74.42 56.14,74.50 55.58,74.63 56.50,74.96 56.00,75.00 55.82,75.09 55.92,75.17 56.57,75.10 56.88,75.24 56.84,75.35 57.61,75.34 58.06,75.66 60.28,76.10 60.94,76.07 61.20,76.28 62.97,76.24 64.46,76.38 67.65,77.01 68.49,76.93 68.94,76.71 68.90,76.57 67.77,76.24
R|55.32,73.31 56.43,73.20 56.19,73.03 56.12,72.81 55.72,72.77 55.40,72.55 55.36,72.41 55.52,72.22 55.30,71.94 56.45,71.11 57.63,70.73 57.15,70.59 56.39,70.73 56.26,70.71 56.56,70.59 56.43,70.56 53.72,70.81 53.38,70.87 53.61,70.91 53.59,71.05 54.16,71.13 53.41,71.34 53.32,71.40 53.41,71.53 51.94,71.47 51.59,71.57 51.44,71.78 51.58,72.07 52.25,72.13 52.62,72.30 52.92,72.67 52.55,72.77 53.37,72.92 53.25,72.97 53.25,73.18 54.80,73.39 55.32,73.31
R|96.53,81.08 97.87,80.76 97.11,80.61 97.03,80.54 97.42,80.32 97.18,80.24 93.65,80.01 91.52,80.36 92.83,80.62 93.26,80.79 92.61,80.81 93.36,81.03 95.80,81.28 96.53,81.08
R|97.67,80.16 98.02,80.02 97.63,79.85 97.65,79.76 98.35,79.88 98.60,80.05 99.29,80.02 100.06,79.78 99.78,79.63 99.68,79.32 99.04,79.29 99.90,79.01 99.44,78.83 97.56,78.83 96.81,78.98 95.02,79.05 94.22,79.40 93.07,79.50 94.99,80.10 97.67,80.16
R|102.88,79.25 102.41,78.84 102.95,79.06 103.80,79.15 104.63,78.84 105.15,78.82 105.31,78.50 104.74,78.34 102.80,78.19 101.20,78.19 100.08,77.97 99.29,78.04 100.02,78.34 100.42,78.75 100.96,78.79 100.86,78.90 101.05,79.12 101.59,79.35 102.25,79.26 102.18,79.37 102.40,79.43 103.04,79.33 102.88,79.25
R|140.05,75.83 140.82,75.63 140.94,75.70 140.99,75.96 141.49,76.14 142.67,75.86 143.69,75.86 145.36,75.53 144.80,75.42 144.73,75.37 144.88,75.27 144.02,75.04 143.17,75.12 142.82,75.27 142.70,75.45 142.99,75.63 142.94,75.71 142.31,75.69 142.09,75.66 142.20,75.39 143.13,74.97 142.47,74.82 141.99,74.99 140.27,74.85 139.68,74.96 139.10,74.66 138.09,74.80 137.01,75.24 136.98,75.37 137.29,75.35 137.27,75.75 137.71,75.76 137.50,75.91 137.63,75.99 138.81,76.20 140.05,75.83
R|146.80,75.37 148.43,75.41 148.59,75.24 150.82,75.16 150.58,74.92 149.84,74.80 148.30,74.80 146.15,75.20 146.44,75.56 146.75,75.51 146.80,75.37
R|178.86,70.83 178.65,71.00 178.68,71.11 180.00,71.54 180.00,70.99 178.86,70.83
R|142.76,54.39 142.98,54.14 142.92,53.79 143.32,52.96 143.19,51.94 143.46,51.47 143.82,50.28 144.34,49.18 144.69,48.87 144.71,48.64 144.05,49.25 143.10,49.20 142.57,48.07 142.56,47.74 143.22,46.79 143.49,46.75 143.58,46.36 143.43,46.03 143.28,46.56 142.58,46.70 142.08,45.92 141.83,46.45 142.04,47.14 141.96,47.59 142.18,48.01 141.87,48.75 142.14,49.57 142.07,50.63 142.21,51.22 141.72,51.74 141.81,51.79 141.67,51.93 141.66,52.27 141.86,52.79 141.82,53.34 142.14,53.50 142.53,53.45 142.71,53.90 142.33,54.28 142.76,54.39
R|-178.88,71.58 -178.35,71.53 -177.50,71.22 -177.82,71.07 -179.16,70.94 -180.00,70.99 -180.00,71.54 -178.88,71.58
R|52.90,71.36 53.19,71.22 53.02,70.97 52.24,71.33 52.90,71.36
R|161.47,68.90 161.14,69.11 161.08,69.41 161.51,69.64 161.61,69.50 161.35,69.37 161.47,68.90
R|107.70,78.13 107.61,78.08 107.48,78.06 107.34,78.10 107.00,78.10 106.42,78.14 106.58,78.17 107.51,78.19 107.57,78.19 107.70,78.13
R|112.48,76.62 112.66,76.51 112.53,76.45 111.97,76.63 112.48,76.62
R|96.53,76.28 96.30,76.12 95.31,76.21 96.53,76.28
R|96.29,77.03 95.27,77.02 96.53,77.21 96.56,77.13 96.29,77.03
R|74.66,72.87 74.10,73.02 74.41,73.13 74.96,73.06 74.74,73.03 74.66,72.87
R|70.02,66.50 69.47,66.72 70.08,66.70 70.02,66.50
R|51.41,79.94 50.09,79.98 50.94,80.09 51.41,79.94
R|59.69,79.96 58.92,79.98 59.54,80.12 59.91,79.99 59.69,79.96
R|58.62,81.04 58.93,80.83 58.64,80.77 57.94,80.79 57.21,81.02 58.05,81.12 58.62,81.04
R|50.27,69.19 50.22,69.05 50.09,69.13 49.63,68.86 48.91,68.74 48.44,68.80 48.28,69.04 48.41,69.35 48.95,69.51 50.27,69.19
R|63.37,80.70 62.52,80.82 64.10,81.00 64.31,81.18 65.17,81.14 65.44,80.93 63.37,80.70
R|57.96,80.12 57.33,80.16 57.08,80.49 59.26,80.34 58.40,80.32 57.96,80.12
R|62.17,80.83 62.08,80.62 61.05,80.42 59.65,80.43 59.29,80.57 59.72,80.84 62.17,80.83
R|61.14,80.95 60.06,80.98 61.46,81.10 61.57,81.05 61.14,80.95
R|53.52,80.19 52.21,80.26 53.19,80.41 53.85,80.27 53.52,80.19
R|57.08,80.35 57.12,80.19 56.99,80.07 55.72,80.10 56.01,80.20 56.02,80.34 57.08,80.35
R|57.81,81.55 58.56,81.42 57.86,81.37 58.02,81.25 57.45,81.14 56.82,81.24 55.72,81.19 55.47,81.31 57.81,81.55
R|54.72,81.12 57.69,80.79 56.32,80.63 54.67,80.74 54.05,80.87 54.72,81.12
R|63.65,81.61 62.11,81.68 63.71,81.69 63.78,81.65 63.65,81.61
R|58.30,81.72 57.92,81.71 58.13,81.83 59.41,81.83 58.30,81.72
R|92.68,79.69 92.15,79.68 91.07,79.98 92.17,80.05 93.80,79.90 92.68,79.69
R|91.57,81.14 91.22,81.06 89.90,81.17 91.57,81.14
R|141.01,74.00 140.41,73.92 140.18,74.00 140.10,74.18 140.94,74.26 141.10,74.17 141.01,74.00
R|142.18,73.90 143.34,73.57 143.46,73.46 143.45,73.23 139.69,73.43 140.38,73.48 141.08,73.87 142.18,73.90
R|135.95,75.41 135.45,75.39 135.70,75.85 136.17,75.61 135.95,75.41
R|136.20,73.91 135.39,74.25 136.04,74.09 136.26,73.98 136.20,73.91
R|137.94,55.09 138.21,55.03 137.72,54.66 137.46,54.87 137.23,54.79 137.58,55.20 137.94,55.09
R|169.20,69.58 167.79,69.84 168.36,70.02 169.37,69.88 169.42,69.78 169.20,69.58
R|163.64,58.60 163.43,58.58 163.73,58.80 163.76,59.02 164.57,59.22 164.62,58.89 163.64,58.60
R|166.65,54.84 166.65,54.69 165.75,55.29 166.28,55.31 166.25,55.17 166.65,54.84
R|155.92,50.30 155.40,50.04 155.20,50.26 155.68,50.40 156.10,50.77 155.92,50.30
R|149.69,45.64 149.45,45.59 149.67,45.84 150.31,46.20 150.55,46.21 149.69,45.64
R|148.60,45.32 147.66,44.98 146.90,44.40 147.25,44.86 147.89,45.23 147.92,45.38 148.06,45.26 148.32,45.28 148.77,45.53 148.84,45.36 148.60,45.32
R|146.21,44.50 146.57,44.44 146.52,44.37 145.91,44.10 145.59,43.85 145.56,43.66 145.44,43.74 146.21,44.50
R|113.39,74.40 112.78,74.10 111.50,74.35 111.88,74.36 112.08,74.55 113.39,74.40
R|76.25,79.65 77.59,79.50 76.65,79.49 76.15,79.58 76.05,79.64 76.25,79.65
R|80.03,80.85 78.98,80.85 79.81,80.98 80.43,80.93 80.03,80.85
R|70.67,73.10 69.92,73.08 70.00,73.36 70.35,73.48 71.02,73.50 71.63,73.22 70.67,73.10
R|77.63,72.29 76.87,72.32 77.75,72.63 78.37,72.48 77.63,72.29
R|79.50,72.72 78.63,72.85 79.16,73.09 79.54,72.92 79.50,72.72
R|82.17,75.42 82.22,75.35 81.98,75.25 81.50,75.37 82.02,75.51 82.17,75.42
R|60.45,69.93 60.44,69.73 59.72,69.71 59.50,69.87 58.95,69.89 58.47,70.27 59.05,70.46 60.45,69.93
R|20.96,55.28 20.59,54.98 20.89,54.91 21.19,54.94 21.24,55.26 22.57,55.06 22.82,54.87 22.68,54.56 22.77,54.36 19.60,54.46 19.86,54.63 19.97,54.92 20.52,54.99 20.96,55.28
R|33.59,46.10 33.81,46.21 34.69,45.98 35.46,45.32 36.17,45.45 36.58,45.39 36.39,45.07 35.47,45.10 35.09,44.80 34.72,44.81 34.07,44.42 33.76,44.40 33.45,44.55 33.61,44.91 33.56,45.10 32.51,45.40 33.66,45.95 33.59,46.10
C|RO|Romania|Europe|24.97|45.73
R|28.21,45.45 28.76,45.23 29.40,45.42 29.71,45.26 29.56,44.84 29.05,44.76 29.10,44.98 28.89,44.92 28.81,44.57 28.89,44.57 28.65,44.30 28.59,43.74 27.09,44.17 26.22,44.01 25.50,43.67 22.92,43.83 22.87,43.95 23.03,44.08 22.49,44.44 22.72,44.61 22.50,44.71 22.09,44.54 21.36,44.83 21.53,44.90 21.35,45.01 21.49,45.15 20.79,45.47 20.77,45.75 20.24,46.11 21.12,46.28 22.00,47.51 23.14,48.09 24.58,47.93 24.89,47.72 26.16,47.99 26.31,48.20 26.71,48.26 26.98,48.16 27.61,47.34 28.07,46.98 28.24,46.64 28.07,45.60 28.21,45.45
C|QA|Qatar|Asia|51.14|25.24
R|51.27,24.61 50.97,24.57 50.86,24.68 50.75,25.40 51.00,25.98 51.26,26.15 51.54,25.90 51.49,25.52 51.61,25.05 51.43,24.67 51.27,24.61
C|PT|Portugal|Europe|-8.27|39.61
R|-17.19,32.87 -16.69,32.76 -17.02,32.66 -17.23,32.77 -17.19,32.87
R|-8.78,41.94 -8.27,42.14 -8.13,42.02 -8.22,41.90 -8.15,41.81 -7.40,41.83 -7.15,41.98 -6.62,41.94 -6.54,41.67 -6.21,41.53 -6.93,41.01 -6.81,40.34 -7.03,40.17 -6.90,40.02 -6.98,39.80 -7.54,39.66 -7.00,39.06 -7.34,38.46 -7.11,38.18 -6.96,38.19 -7.44,37.73 -7.41,37.18 -7.83,37.01 -8.60,37.12 -9.00,37.03 -8.81,37.43 -8.88,38.45 -8.67,38.42 -8.80,38.52 -9.21,38.45 -9.25,38.66 -9.02,38.75 -8.79,39.08 -9.14,38.74 -9.47,38.73 -9.37,39.34 -8.84,40.12 -8.68,40.75 -8.76,41.70 -8.89,41.76 -8.78,41.94
R|-25.65,37.84 -25.18,37.84 -25.44,37.72 -25.73,37.76 -25.85,37.89 -25.65,37.84
C|PL|Poland|Europe|19.49|51.99
R|23.61,51.52 24.10,50.87 23.98,50.79 24.09,50.53 23.71,50.38 22.71,49.61 22.81,49.02 21.64,49.41 20.87,49.31 20.36,49.39 20.06,49.18 19.76,49.20 19.77,49.37 19.44,49.60 18.97,49.40 18.56,49.88 17.63,50.12 17.70,50.31 17.42,50.25 16.88,50.43 16.99,50.24 16.64,50.10 16.21,50.42 16.42,50.57 16.28,50.66 16.01,50.61 14.99,51.01 14.98,50.89 14.81,50.86 15.02,51.25 14.60,51.83 14.75,52.08 14.55,52.36 14.62,52.53 14.13,52.88 14.41,53.20 14.26,53.73 14.58,53.64 14.56,53.82 14.20,53.92 16.19,54.29 16.56,54.55 18.09,54.84 18.76,54.68 18.44,54.74 18.67,54.43 18.98,54.35 19.60,54.46 22.89,54.39 23.45,54.14 23.89,53.03 23.90,52.70 23.41,52.52 23.18,52.29 23.65,52.04 23.61,51.52
C|PH|Philippines|Asia|122.47|11.20
R|121.10,18.62 121.85,18.30 122.27,18.46 122.15,17.66 122.52,17.12 122.14,16.18 121.60,15.93 121.61,15.67 121.39,15.32 121.70,14.74 121.63,14.58 121.77,14.17 122.21,13.93 122.20,14.15 122.63,14.32 122.93,14.19 123.10,13.75 123.30,13.84 123.32,14.06 123.82,13.84 123.81,13.72 123.55,13.65 123.82,13.27 123.79,13.11 124.14,13.04 124.06,12.57 123.88,12.69 123.95,12.92 123.31,13.04 123.16,13.44 122.60,13.91 122.47,13.89 122.67,13.40 122.60,13.19 122.38,13.52 121.78,13.94 121.34,13.65 120.84,13.88 120.64,13.80 120.62,14.19 120.94,14.65 120.58,14.88 120.59,14.48 120.44,14.45 120.25,14.79 120.08,14.85 119.77,16.26 119.83,16.33 120.16,16.05 120.37,16.11 120.36,17.64 120.60,18.51 121.10,18.62
R|117.31,8.44 117.22,8.37 117.23,8.46 117.35,8.71 119.22,10.48 119.31,10.97 119.55,11.31 119.53,10.95 119.69,10.50 119.37,10.33 119.19,10.06 118.78,9.92 118.43,9.26 117.31,8.44
R|122.50,11.62 122.84,11.60 122.89,11.44 123.16,11.54 123.12,11.29 122.77,10.82 121.95,10.44 122.10,11.64 121.92,11.85 122.03,11.90 122.50,11.62
R|123.13,9.06 122.99,9.06 122.87,9.32 122.56,9.48 122.40,9.82 122.47,9.96 122.86,10.09 122.82,10.50 122.98,10.89 123.26,10.99 123.51,10.92 123.57,10.78 123.16,9.86 123.32,9.27 123.13,9.06
R|124.57,11.34 124.93,11.37 125.03,11.21 125.01,10.79 125.27,10.31 125.14,10.19 124.99,10.37 125.03,10.03 124.78,10.17 124.74,10.88 124.45,10.92 124.31,11.49 124.57,11.34
R|125.24,12.53 125.54,12.19 125.49,11.59 125.74,11.05 125.23,11.15 124.95,11.48 125.00,11.76 124.45,12.15 124.33,12.40 124.29,12.57 125.24,12.53
R|120.70,13.48 121.20,13.43 121.52,13.13 121.54,12.64 121.24,12.22 120.92,12.51 120.65,13.17 120.34,13.41 120.40,13.52 120.70,13.48
R|126.01,9.32 126.19,9.28 126.30,8.95 126.14,8.60 126.37,8.48 126.46,8.20 126.58,7.25 126.19,6.85 126.19,6.31 125.82,7.33 125.69,7.26 125.38,6.69 125.59,6.47 125.67,5.98 125.35,5.60 125.23,6.07 124.93,5.88 124.08,6.40 123.99,6.99 124.21,7.40 123.67,7.82 123.49,7.81 123.39,7.41 123.10,7.70 122.84,7.53 122.79,7.72 122.62,7.76 122.14,6.95 121.96,6.97 121.92,7.20 122.24,7.95 122.91,8.16 123.05,8.43 123.43,8.70 123.85,8.43 123.80,8.05 124.20,8.23 124.40,8.60 124.73,8.56 124.87,8.97 125.14,8.87 125.21,9.03 125.50,9.01 125.47,9.76 126.01,9.32
R|123.37,9.45 123.39,9.97 124.04,11.27 124.00,10.40 123.70,10.13 123.37,9.45
R|121.16,6.08 121.39,6.00 121.29,5.87 120.88,5.95 121.16,6.08
R|120.10,12.17 120.23,12.22 120.31,12.01 120.01,12.01 119.89,12.30 120.10,12.17
R|124.59,9.79 124.12,9.60 123.94,9.62 123.82,9.82 124.34,10.16 124.58,10.03 124.59,9.79
R|122.09,6.43 121.96,6.42 121.83,6.66 122.06,6.74 122.29,6.64 122.09,6.43
R|121.91,13.54 122.11,13.46 122.00,13.20 121.83,13.33 121.91,13.54
R|122.09,12.35 122.01,12.11 121.92,12.33 122.00,12.60 122.15,12.65 122.09,12.35
R|123.72,12.29 124.04,11.97 124.05,11.75 123.47,12.22 123.16,11.93 123.24,12.58 123.72,12.29
R|124.35,13.63 124.18,13.53 124.04,13.66 124.22,14.08 124.42,13.87 124.35,13.63
C|PE|Peru|South America|-72.90|-12.98
R|-69.97,-4.24 -70.05,-4.33 -70.40,-4.15 -70.80,-4.17 -70.97,-4.35 -71.84,-4.50 -72.89,-5.12 -72.98,-5.63 -73.24,-6.10 -73.14,-6.47 -73.76,-6.91 -73.72,-7.31 -73.96,-7.38 -74.00,-7.56 -73.72,-7.78 -73.78,-7.94 -73.55,-8.35 -72.97,-8.99 -73.21,-9.41 -72.38,-9.51 -72.18,-10.00 -71.24,-9.97 -70.54,-9.44 -70.64,-11.01 -69.58,-10.95 -68.69,-12.50 -68.98,-12.88 -69.07,-13.68 -68.87,-14.17 -69.36,-14.80 -69.17,-15.24 -69.42,-15.64 -69.22,-16.15 -68.84,-16.34 -69.62,-17.20 -69.51,-17.51 -69.85,-17.70 -69.80,-17.99 -69.93,-18.21 -70.42,-18.35 -71.34,-17.68 -71.53,-17.29 -72.47,-16.71 -73.73,-16.20 -75.10,-15.41 -75.53,-14.90 -75.93,-14.63 -76.38,-13.86 -76.26,-13.80 -76.22,-13.37 -76.83,-12.35 -77.15,-12.06 -77.22,-11.66 -77.63,-11.29 -77.74,-10.84 -78.19,-10.09 -78.76,-8.62 -79.99,-6.77 -81.14,-6.06 -81.16,-5.88 -80.93,-5.84 -80.88,-5.64 -81.34,-4.67 -81.23,-4.23 -80.32,-3.39 -80.18,-3.88 -80.49,-4.01 -80.49,-4.17 -80.35,-4.21 -80.48,-4.43 -80.14,-4.30 -79.64,-4.45 -79.33,-4.93 -79.03,-4.97 -78.69,-4.56 -78.35,-3.40 -78.16,-3.47 -78.18,-3.35 -77.86,-2.98 -76.68,-2.56 -76.09,-2.13 -75.57,-1.53 -75.41,-0.92 -75.25,-0.95 -75.26,-0.59 -75.63,-0.12 -75.22,-0.04 -74.62,-0.37 -74.25,-0.97 -73.66,-1.25 -73.50,-1.69 -73.20,-1.83 -73.15,-2.28 -72.94,-2.39 -72.22,-2.40 -71.75,-2.15 -71.40,-2.33 -70.97,-2.21 -70.10,-2.66 -70.74,-3.78 -70.34,-3.81 -69.97,-4.24
C|PY|Paraguay|South America|-60.15|-21.67
R|-58.16,-20.16 -57.83,-21.00 -57.96,-22.11 -56.94,-22.27 -56.45,-22.08 -56.25,-22.26 -55.85,-22.31 -55.62,-22.67 -55.42,-23.95 -55.19,-24.02 -54.63,-23.81 -54.24,-24.05 -54.44,-25.12 -54.61,-25.43 -54.76,-26.53 -55.14,-26.93 -55.43,-27.01 -55.71,-27.41 -56.16,-27.32 -56.44,-27.55 -58.17,-27.27 -58.60,-27.31 -58.62,-27.13 -58.19,-26.63 -58.11,-26.18 -57.57,-25.53 -57.64,-25.33 -57.96,-25.05 -59.19,-24.56 -59.89,-24.09 -61.03,-23.76 -61.80,-23.18 -62.65,-22.23 -62.28,-21.07 -62.28,-20.56 -61.76,-19.65 -60.01,-19.30 -59.09,-19.29 -58.18,-19.82 -58.16,-20.16
C|PG|Papua New Guinea|Oceania|143.91|-5.70
R|152.97,-4.76 152.89,-4.83 152.74,-4.64 152.67,-4.13 152.28,-3.58 150.75,-2.74 150.83,-2.57 152.03,-3.25 153.02,-4.11 153.13,-4.35 152.97,-4.76
R|151.92,-4.30 152.12,-4.21 152.41,-4.34 152.35,-4.82 151.98,-5.07 152.14,-5.36 152.08,-5.46 151.52,-5.55 151.23,-5.92 150.47,-6.26 149.65,-6.29 148.34,-5.67 148.43,-5.47 149.83,-5.52 149.96,-5.45 150.09,-5.01 150.18,-5.52 150.90,-5.45 151.33,-4.96 151.67,-4.88 151.59,-4.20 151.92,-4.30
R|140.98,-9.12 140.98,-6.91 140.86,-6.74 140.97,-6.35 140.97,-2.61 141.10,-2.61 142.55,-3.20 143.51,-3.43 144.07,-3.81 144.48,-3.83 145.09,-4.35 145.33,-4.39 145.77,-4.82 145.75,-5.40 147.57,-6.06 147.80,-6.32 147.85,-6.66 146.95,-6.83 147.19,-7.38 148.13,-8.10 148.25,-8.55 148.45,-8.69 148.58,-9.05 149.20,-9.03 149.26,-9.50 150.01,-9.69 149.76,-9.81 149.87,-10.01 150.85,-10.24 150.45,-10.31 150.65,-10.52 150.32,-10.65 149.75,-10.35 147.77,-10.07 147.02,-9.39 146.96,-9.06 146.63,-8.95 146.03,-8.08 144.51,-7.57 144.14,-7.76 143.65,-7.46 143.94,-7.94 143.52,-8.00 143.61,-8.20 142.52,-8.32 142.21,-8.20 142.47,-8.37 143.11,-8.47 143.38,-8.76 143.37,-8.96 142.65,-9.33 142.23,-9.17 141.13,-9.22 140.98,-9.12
R|151.08,-10.02 151.30,-9.96 151.23,-10.19 150.96,-10.09 150.78,-9.71 151.08,-10.02
R|147.07,-1.96 147.44,-2.01 147.21,-2.18 146.55,-2.21 146.66,-1.97 147.07,-1.96
R|150.44,-2.66 150.17,-2.66 149.96,-2.47 150.23,-2.38 150.43,-2.47 150.44,-2.66
R|150.53,-9.35 150.79,-9.42 150.89,-9.67 150.44,-9.62 150.44,-9.36 150.53,-9.35
R|152.63,-8.96 152.95,-9.07 152.97,-9.21 152.72,-9.17 152.52,-9.01 152.63,-8.96
R|155.96,-6.69 155.72,-6.86 155.34,-6.72 155.20,-6.31 154.76,-5.93 154.73,-5.44 155.09,-5.62 155.47,-6.15 155.82,-6.38 155.96,-6.69
C|PA|Panama|North America|-80.35|8.72
R|-77.37,8.66 -77.48,8.50 -77.20,7.97 -77.54,7.57 -77.76,7.70 -77.90,7.23 -78.42,8.06 -78.29,8.09 -78.14,8.39 -77.76,8.13 -78.10,8.50 -78.22,8.40 -78.40,8.51 -78.41,8.36 -78.51,8.63 -79.09,9.00 -79.51,8.97 -79.69,8.85 -79.75,8.60 -80.46,8.21 -80.01,7.50 -80.67,7.23 -80.90,7.28 -81.06,7.90 -81.27,7.63 -81.50,7.72 -81.73,8.14 -82.68,8.32 -82.87,8.25 -82.88,8.07 -83.03,8.34 -82.86,8.45 -82.92,8.74 -82.73,8.92 -82.94,9.06 -82.94,9.45 -82.80,9.59 -82.37,9.43 -82.34,9.21 -82.19,9.19 -82.24,9.03 -82.08,8.93 -81.78,8.96 -81.89,9.14 -81.35,8.78 -80.13,9.21 -79.58,9.60 -79.11,9.54 -78.08,9.24 -77.37,8.66
C|PW|Palau|Oceania|134.58|7.52
R|131.17,3.03 131.13,3.03 131.14,3.04 131.19,3.06 131.17,3.03
R|134.60,7.38 134.52,7.53 134.65,7.71 134.60,7.38
C|PK|Pakistan|Asia|68.55|29.33
R|76.77,35.66 77.05,35.11 76.59,34.74 75.71,34.50 74.30,34.77 73.96,34.65 73.79,34.38 73.97,34.24 73.90,34.08 74.25,33.95 73.98,33.72 74.15,33.51 74.00,33.19 74.30,32.99 74.35,32.77 74.66,32.76 74.69,32.49 75.33,32.28 74.56,31.82 74.52,31.19 74.63,31.03 73.90,30.44 73.93,30.22 73.81,30.09 73.38,29.93 72.90,29.03 72.34,28.75 71.87,27.96 70.80,27.71 70.40,28.03 69.54,27.12 69.51,26.74 70.15,26.51 70.10,25.91 70.26,25.71 70.65,25.67 70.65,25.42 71.05,24.69 71.04,24.40 70.72,24.24 70.49,24.41 69.81,24.17 68.78,24.31 68.72,23.96 68.28,23.93 68.12,23.75 67.50,23.94 67.31,24.17 67.17,24.76 66.70,24.86 66.70,25.23 66.32,25.60 66.13,25.49 66.47,25.45 64.78,25.31 64.66,25.18 64.06,25.40 63.56,25.35 63.49,25.21 61.57,25.19 61.84,26.23 62.24,26.36 62.44,26.56 63.16,26.65 63.30,27.15 62.76,27.25 62.76,28.24 61.89,28.55 60.84,29.86 62.48,29.41 63.57,29.50 64.10,29.39 64.39,29.54 65.10,29.56 66.23,29.87 66.35,30.80 66.83,31.26 67.45,31.23 67.74,31.34 67.58,31.51 68.16,31.80 68.60,31.80 68.87,31.63 69.28,31.94 69.24,32.43 69.50,33.02 70.26,33.29 69.89,34.01 70.65,33.95 71.05,34.05 71.10,34.37 70.97,34.53 71.62,35.18 71.43,35.83 71.19,36.04 71.62,36.44 72.16,36.70 73.12,36.87 74.04,36.83 74.60,37.04 75.15,36.97 75.35,36.91 75.42,36.74 75.88,36.60 75.91,36.05 76.15,35.83 76.55,35.89 76.77,35.66
C|OM|Oman|Asia|57.34|22.12
R|58.72,20.22 58.64,20.34 58.88,20.68 58.95,20.52 58.72,20.22
R|53.09,16.65 51.98,19.00 54.98,20.00 55.64,22.00 55.19,22.70 55.20,23.03 55.51,23.72 55.47,23.94 55.99,24.06 55.93,24.22 55.76,24.24 55.80,24.87 56.00,24.95 56.06,24.74 56.39,24.98 56.64,24.47 57.12,23.98 58.77,23.52 59.43,22.66 59.82,22.51 59.80,22.22 58.47,20.41 58.21,20.42 58.17,20.59 57.86,20.24 57.71,19.68 57.81,19.02 56.83,18.75 56.38,17.99 55.48,17.84 55.26,17.59 55.28,17.32 55.06,17.04 54.07,17.01 53.09,16.65
R|56.30,25.65 56.14,25.69 56.17,26.05 56.08,26.06 56.38,26.36 56.30,25.65
C|NO|Norway|Europe|9.68|61.36
R|20.62,69.04 20.12,69.02 20.35,68.85 19.97,68.54 20.24,68.48 19.97,68.36 18.30,68.56 18.16,68.53 18.18,68.20 17.92,67.96 17.32,68.10 16.78,67.90 16.57,67.62 16.13,67.43 16.43,67.16 16.40,67.05 15.42,66.49 15.48,66.31 14.54,66.13 14.63,65.79 14.48,65.30 13.65,64.58 14.08,64.46 14.06,64.10 12.79,64.00 12.18,63.60 12.21,63.49 12.00,63.29 12.22,63.00 12.11,62.92 12.11,62.59 12.30,62.29 12.16,61.72 12.88,61.35 12.71,61.06 12.29,61.00 12.59,60.45 12.49,60.11 11.93,59.86 11.68,59.59 11.80,59.29 11.64,58.93 11.47,58.91 11.37,59.10 10.83,59.18 10.64,59.39 10.60,59.76 10.57,59.59 10.40,59.52 10.43,59.28 10.18,59.01 9.84,58.96 9.56,59.11 9.66,58.97 8.17,58.15 7.00,58.02 6.88,58.15 6.59,58.10 6.66,58.26 6.05,58.38 5.52,58.73 5.61,59.01 6.10,58.87 6.36,59.00 6.10,58.95 5.89,59.10 5.95,59.30 6.40,59.56 5.36,59.17 5.13,59.23 5.30,59.64 6.22,59.82 5.73,59.86 6.14,60.23 6.52,60.41 6.53,60.15 6.72,60.42 7.00,60.51 6.15,60.35 5.15,59.64 5.21,60.09 5.69,60.12 5.29,60.21 5.14,60.45 5.65,60.69 5.12,60.64 5.01,61.04 6.78,61.14 7.04,60.95 7.04,61.09 7.60,61.21 7.35,61.30 7.44,61.43 7.17,61.17 6.60,61.29 6.38,61.13 5.11,61.19 5.00,61.43 5.34,61.49 4.93,61.71 4.93,61.88 6.02,61.79 6.73,61.87 5.27,61.94 5.10,62.03 5.14,62.16 5.91,62.42 6.58,62.41 6.14,62.41 6.35,62.61 7.57,62.55 7.69,62.59 7.54,62.67 8.10,62.73 6.73,62.72 6.94,62.93 7.57,63.10 8.10,63.09 8.62,62.85 8.16,63.16 8.64,63.34 8.36,63.50 8.58,63.60 9.14,63.59 9.16,63.46 9.70,63.62 10.02,63.39 10.76,63.46 10.73,63.62 11.37,63.80 11.18,63.90 11.43,64.02 11.08,63.99 10.91,63.92 11.05,63.85 10.93,63.77 10.06,63.51 9.59,63.68 9.61,63.79 10.57,64.42 11.52,64.74 11.30,64.75 11.49,64.98 12.74,65.21 12.92,65.34 12.42,65.18 12.12,65.36 12.69,65.90 13.03,65.96 12.78,66.10 14.03,66.30 13.12,66.23 13.07,66.43 13.21,66.64 13.96,66.79 13.65,66.91 14.11,67.12 15.42,67.20 14.44,67.27 14.96,67.57 15.59,67.35 15.69,67.52 15.25,67.60 15.30,67.77 14.85,67.66 14.80,67.81 15.13,67.97 15.62,67.95 15.32,68.07 16.01,68.23 16.31,67.88 16.26,68.00 16.39,68.09 16.20,68.32 17.55,68.43 16.51,68.53 17.39,68.80 17.70,69.10 18.10,69.16 18.08,69.33 18.26,69.47 18.86,69.31 18.61,69.49 18.99,69.56 19.20,69.75 19.69,69.80 19.64,69.42 19.96,69.82 20.32,69.95 20.34,69.62 20.11,69.34 20.49,69.54 20.74,69.52 20.53,69.69 20.62,69.91 21.16,69.89 21.43,70.01 21.97,69.83 21.80,70.07 21.36,70.23 22.68,70.37 23.35,69.98 23.38,70.25 24.42,70.70 24.26,70.83 24.66,71.00 25.77,70.85 25.27,70.55 24.99,70.22 25.04,70.11 25.21,70.14 26.51,70.91 26.73,70.85 26.56,70.67 26.64,70.64 26.59,70.41 26.99,70.51 27.18,70.74 27.55,70.80 27.24,70.95 27.60,71.09 28.39,70.98 28.33,70.83 27.90,70.68 28.27,70.67 28.19,70.25 28.83,70.86 29.74,70.65 30.07,70.70 30.21,70.54 30.93,70.40 30.94,70.27 30.26,70.12 28.78,70.15 29.60,69.98 29.69,69.74 30.09,69.72 30.24,69.86 30.43,69.72 30.87,69.78 30.86,69.54 30.18,69.64 30.09,69.43 29.39,69.30 28.97,69.02 28.85,69.18 29.33,69.47 29.14,69.67 27.75,70.06 27.13,69.91 26.53,69.92 26.07,69.69 25.77,69.28 25.75,68.99 24.94,68.59 23.85,68.81 23.32,68.65 22.41,68.72 21.59,69.27 21.07,69.21 21.07,69.04 20.62,69.04
R|23.44,70.82 22.83,70.54 22.36,70.51 21.99,70.66 23.44,70.82
R|25.59,71.14 26.15,71.04 25.58,70.96 25.32,71.05 25.59,71.14
R|23.62,70.55 23.64,70.46 23.27,70.30 22.92,70.38 23.55,70.62 23.62,70.55
R|13.87,68.27 14.12,68.25 14.03,68.19 13.23,68.00 13.30,68.16 13.87,68.27
R|15.21,68.94 15.40,68.78 15.22,68.62 14.37,68.71 14.80,68.79 15.04,69.00 15.21,68.94
R|19.26,70.07 19.59,69.97 18.78,69.58 18.06,69.60 18.67,69.78 18.69,69.89 19.05,70.04 19.13,70.24 19.26,70.07
R|17.50,69.60 18.00,69.50 18.08,69.40 17.95,69.20 17.49,69.20 17.08,69.01 16.81,69.07 16.97,69.14 17.00,69.36 17.36,69.38 17.23,69.48 17.50,69.60
R|15.76,68.56 16.15,68.84 16.48,68.80 16.52,68.63 15.98,68.40 14.26,68.19 14.59,68.40 15.10,68.44 15.41,68.62 15.56,68.87 15.44,68.92 15.48,69.04 15.97,69.30 16.11,69.22 15.81,69.02 15.93,68.73 15.76,68.56
R|-8.95,70.84 -8.34,71.14 -7.98,71.12 -8.95,70.84
R|21.61,78.60 22.04,78.58 22.30,78.23 23.45,78.15 23.12,77.99 24.90,77.76 22.80,77.28 22.43,77.32 22.69,77.55 20.93,77.46 20.87,77.57 21.20,77.62 21.65,77.92 21.04,78.06 20.53,78.33 20.56,78.42 20.23,78.48 21.61,78.60
R|20.90,80.25 21.55,80.24 22.29,80.05 22.44,80.19 22.45,80.40 23.01,80.47 23.32,80.43 23.11,80.19 24.40,80.36 26.86,80.16 27.15,80.06 27.20,79.91 26.01,79.62 25.64,79.40 23.95,79.19 22.90,79.23 22.70,79.33 22.87,79.41 20.86,79.40 19.90,79.53 19.75,79.62 20.78,79.75 18.94,79.74 18.32,79.86 18.26,79.93 18.86,80.04 17.92,80.14 19.34,80.12 19.54,80.16 19.18,80.33 19.75,80.23 19.81,80.33 19.61,80.46 20.90,80.25
R|16.79,79.91 17.83,79.80 17.96,79.70 17.69,79.53 17.67,79.39 18.40,79.61 18.82,79.43 18.68,79.26 19.89,79.06 20.61,79.11 20.77,79.06 20.50,78.98 21.39,78.74 19.68,78.61 19.15,78.38 18.98,78.23 19.00,78.08 18.44,78.03 18.23,77.52 17.62,77.40 17.15,77.05 17.25,76.97 16.98,76.81 17.06,76.66 16.70,76.58 14.37,77.23 14.00,77.51 14.70,77.53 14.92,77.69 17.03,77.80 16.91,77.90 14.09,77.77 13.79,77.85 13.68,78.03 14.31,78.01 15.78,78.33 17.00,78.37 17.17,78.42 16.45,78.50 16.78,78.66 15.42,78.47 15.25,78.59 15.38,78.77 15.02,78.63 14.69,78.72 14.47,78.68 14.43,78.49 14.64,78.41 14.11,78.27 13.15,78.24 11.37,78.95 12.40,78.95 11.98,79.03 11.89,79.15 12.08,79.27 11.98,79.29 11.21,79.13 10.74,79.52 10.81,79.64 10.68,79.76 11.70,79.82 12.29,79.71 12.28,79.82 13.69,79.86 13.91,79.82 13.78,79.72 12.56,79.57 13.33,79.57 13.96,79.34 14.04,79.59 14.59,79.80 14.83,79.77 15.76,79.17 16.34,78.98 15.83,79.71 16.25,80.05 16.79,79.91
R|11.25,78.61 12.12,78.23 11.12,78.46 10.56,78.90 10.96,78.85 11.25,78.61
C|KP|North Korea|Asia|126.44|39.89
R|128.37,38.62 128.04,38.31 127.09,38.28 126.63,37.78 126.37,37.88 126.12,37.74 125.77,37.99 125.36,37.72 125.31,37.84 124.99,37.93 125.21,38.08 124.69,38.13 125.07,38.56 125.55,38.69 125.17,38.81 125.41,39.29 125.36,39.53 124.78,39.76 124.64,39.62 124.35,39.91 124.39,40.10 124.89,40.46 125.99,40.90 126.49,41.36 126.60,41.64 126.90,41.78 127.18,41.53 128.15,41.39 128.29,41.61 128.05,41.99 128.92,42.04 129.31,42.41 129.70,42.45 129.86,42.97 130.08,42.97 130.69,42.30 130.24,42.18 129.76,41.71 129.71,40.86 127.53,39.70 127.55,39.46 127.39,39.21 127.79,39.08 128.37,38.62
C|NG|Nigeria|Africa|7.50|9.44
R|13.61,13.70 14.06,13.08 14.20,12.38 14.52,12.30 14.62,12.15 14.58,11.53 13.98,11.21 13.70,10.87 13.27,10.04 13.20,9.56 12.93,9.43 12.73,8.75 12.40,8.60 12.02,7.59 11.77,7.27 11.86,7.12 11.40,6.53 11.11,6.46 11.01,6.74 10.61,7.06 10.41,6.88 10.14,7.00 9.06,6.01 8.56,4.76 8.23,4.91 8.29,4.56 7.64,4.53 7.53,4.66 7.28,4.55 7.08,4.72 7.15,4.51 6.92,4.39 6.77,4.72 6.86,4.37 6.63,4.34 6.58,4.48 6.55,4.34 6.26,4.31 6.27,4.43 6.17,4.28 5.59,4.65 5.36,5.26 5.55,5.47 5.39,5.40 5.20,5.53 5.46,5.61 5.33,5.71 5.11,5.64 4.86,6.03 4.43,6.35 3.49,6.41 3.72,6.60 3.34,6.40 2.71,6.37 2.77,9.05 3.04,9.08 3.33,9.78 3.60,10.00 3.60,10.35 3.78,10.44 3.72,11.08 3.49,11.40 3.66,11.76 3.65,12.53 4.04,12.93 4.15,13.46 4.42,13.65 5.49,13.87 6.30,13.66 6.94,13.01 7.83,13.34 8.75,12.91 9.62,12.81 10.05,13.21 10.48,13.33 11.41,13.35 12.12,13.09 12.46,13.09 12.87,13.45 13.61,13.70
C|NE|Niger|Africa|9.50|17.45
R|13.61,13.70 12.87,13.45 12.46,13.09 12.12,13.09 11.41,13.35 10.48,13.33 10.05,13.21 9.62,12.81 8.75,12.91 7.83,13.34 6.94,13.01 6.30,13.66 5.49,13.87 4.66,13.73 4.15,13.46 4.04,12.93 3.65,12.53 3.60,11.70 2.81,12.38 2.37,12.22 2.39,11.90 2.07,12.31 2.23,12.47 2.10,12.70 1.56,12.64 0.99,13.04 0.99,13.36 1.20,13.36 0.62,13.70 0.16,14.50 0.23,14.96 0.95,14.98 1.30,15.27 3.00,15.34 3.06,15.43 3.50,15.36 3.88,15.76 4.18,16.58 4.23,19.14 5.84,19.48 7.48,20.87 11.97,23.52 13.48,23.18 14.22,22.62 14.98,23.00 15.18,21.52 15.61,20.95 15.59,20.73 15.96,20.35 15.74,19.90 15.47,16.91 14.37,15.75 13.45,14.38 13.61,13.70
C|NI|Nicaragua|North America|-85.07|12.67
R|-83.16,14.99 -83.28,14.81 -83.34,14.90 -83.41,14.83 -83.19,14.34 -83.41,14.00 -83.57,13.32 -83.51,12.41 -83.63,12.46 -83.59,12.71 -83.75,12.50 -83.68,12.02 -83.77,12.06 -83.83,11.86 -83.65,11.64 -83.87,11.30 -83.64,10.92 -83.71,10.79 -84.17,10.78 -84.35,10.98 -84.70,11.05 -84.91,10.95 -85.58,11.19 -85.74,11.06 -86.76,12.16 -87.67,12.90 -87.59,13.04 -87.39,12.92 -86.96,13.05 -86.92,13.22 -86.71,13.31 -86.73,13.76 -86.33,13.77 -86.04,14.05 -85.73,13.86 -85.18,14.34 -84.99,14.75 -84.86,14.81 -84.45,14.64 -83.54,14.98 -83.16,14.99
C|NZ|New Zealand|Oceania|172.79|-39.76
R|173.12,-41.28 173.95,-40.92 173.80,-41.27 174.00,-40.99 174.30,-41.02 174.04,-41.24 174.37,-41.10 174.07,-41.43 174.16,-41.56 174.08,-41.67 174.28,-41.74 173.22,-42.98 172.62,-43.27 172.73,-43.35 172.53,-43.46 173.07,-43.68 173.07,-43.87 172.50,-43.84 172.58,-43.77 172.48,-43.73 172.30,-43.87 172.04,-43.70 172.18,-43.90 171.24,-44.26 171.15,-44.91 171.00,-44.91 171.11,-45.04 170.70,-45.68 170.78,-45.87 170.34,-45.99 169.69,-46.55 169.10,-46.63 168.38,-46.61 168.19,-46.36 167.84,-46.37 167.54,-46.15 166.83,-46.23 166.71,-46.13 166.92,-45.96 166.73,-46.05 166.72,-45.89 166.49,-45.96 166.51,-45.81 167.00,-45.71 166.80,-45.65 166.99,-45.53 166.73,-45.54 166.78,-45.41 166.92,-45.41 166.87,-45.31 167.16,-45.41 167.12,-45.32 167.23,-45.29 167.03,-45.12 167.26,-45.08 167.17,-45.00 167.41,-44.83 167.47,-44.96 167.48,-44.77 167.79,-44.60 167.91,-44.66 167.86,-44.50 168.37,-44.08 169.18,-43.91 169.17,-43.78 169.83,-43.54 170.24,-43.16 170.40,-43.18 170.30,-43.11 170.74,-43.03 170.97,-42.72 171.04,-42.86 171.03,-42.70 171.31,-42.46 171.49,-41.79 171.95,-41.54 172.27,-40.76 172.64,-40.52 172.94,-40.52 172.73,-40.54 172.70,-40.67 172.99,-40.85 173.12,-41.28
R|168.14,-46.86 168.04,-46.93 168.24,-47.07 167.52,-47.26 167.80,-46.91 167.78,-46.70 168.14,-46.86
R|173.27,-34.93 173.45,-34.84 173.47,-34.95 174.10,-35.14 174.14,-35.30 174.32,-35.25 174.58,-35.79 174.40,-35.80 174.80,-36.31 174.72,-36.84 175.30,-36.99 175.39,-37.21 175.54,-37.20 175.39,-36.56 175.46,-36.48 175.77,-36.74 176.11,-37.65 177.27,-37.99 178.01,-37.55 178.54,-37.69 178.27,-38.55 177.98,-38.72 177.91,-39.24 177.52,-39.07 177.08,-39.22 176.94,-39.56 177.11,-39.67 176.84,-40.16 175.98,-41.21 175.31,-41.61 175.17,-41.42 174.88,-41.42 174.87,-41.22 174.64,-41.29 175.16,-40.62 175.25,-40.29 175.16,-40.11 175.01,-39.95 173.93,-39.51 173.76,-39.32 173.84,-39.14 174.60,-38.79 174.80,-37.90 174.93,-37.80 174.59,-37.10 174.73,-37.22 174.93,-37.08 174.78,-36.94 174.48,-36.94 174.19,-36.49 174.40,-36.60 174.39,-36.24 174.04,-36.12 173.91,-35.91 174.17,-36.33 174.10,-36.39 173.41,-35.54 173.63,-35.32 173.38,-35.50 173.12,-35.21 173.19,-35.02 172.71,-34.46 173.04,-34.43 172.96,-34.54 173.27,-34.93
R|166.22,-50.76 166.24,-50.85 165.89,-50.81 166.10,-50.54 166.27,-50.56 166.22,-50.76
R|-176.18,-43.74 -176.38,-43.87 -176.52,-43.78 -176.33,-44.03 -176.52,-44.12 -176.63,-44.04 -176.56,-43.85 -176.85,-43.82 -176.18,-43.74
C|NU|Niue|Oceania|-169.86|-19.05
R|-169.80,-19.08 -169.95,-19.07 -169.83,-18.97 -169.80,-19.08
C|CK|Cook Is.|Oceania|-159.79|-21.22
R|-159.74,-21.25 -159.84,-21.23 -159.81,-21.19 -159.77,-21.19 -159.74,-21.21 -159.74,-21.25
C|NL|Netherlands|Europe|5.61|52.42
R|5.99,50.75 5.64,50.84 5.80,51.15 5.21,51.28 5.03,51.47 4.50,51.47 4.37,51.36 3.45,51.54 4.27,51.47 4.00,51.60 4.18,51.61 3.95,51.81 4.48,52.31 4.77,52.94 5.06,52.96 5.87,53.38 6.82,53.44 7.20,53.28 7.03,52.65 6.69,52.53 7.00,52.42 7.02,52.27 6.72,52.08 6.74,51.91 5.95,51.80 6.20,51.45 6.13,51.15 5.86,51.03 6.05,50.90 5.99,50.75
R|4.23,51.39 3.90,51.21 3.43,51.25 3.35,51.38 4.23,51.39
C|AW|Aruba|North America|-69.97|12.52
R|-69.90,12.45 -69.90,12.42 -69.94,12.44 -70.07,12.55 -70.04,12.61 -69.97,12.57 -69.90,12.45
C|CW|Curaçao|North America|-68.92|12.15
R|-68.75,12.06 -69.00,12.14 -69.16,12.38 -68.75,12.06
C|NP|Nepal|Asia|83.64|28.30
R|88.11,27.87 87.98,27.13 88.16,26.81 88.05,26.43 87.29,26.36 87.02,26.56 86.70,26.44 86.01,26.65 85.79,26.60 85.65,26.83 85.19,26.77 84.69,27.04 84.61,27.30 84.09,27.49 83.29,27.37 82.73,27.52 82.68,27.67 81.85,27.87 80.05,28.87 80.32,29.57 80.61,29.96 80.91,30.17 81.18,30.04 81.42,30.34 81.85,30.36 82.85,29.68 83.16,29.61 83.58,29.18 84.10,29.22 84.23,28.91 84.80,28.56 85.16,28.59 85.12,28.32 85.68,28.28 85.99,27.91 86.14,28.11 86.41,27.93 86.61,28.10 87.14,27.84 88.11,27.87
C|NR|Nauru|Oceania|166.93|-0.52
R|166.96,-0.52 166.94,-0.55 166.92,-0.55 166.91,-0.52 166.91,-0.50 166.94,-0.49 166.96,-0.52
C|NA|Namibia|Africa|17.11|-20.58
R|23.38,-17.64 24.73,-17.52 25.26,-17.79 24.91,-17.82 24.53,-18.05 24.24,-18.02 23.65,-18.45 23.22,-18.00 20.97,-18.32 20.97,-22.00 19.98,-22.00 19.98,-28.45 19.54,-28.57 19.16,-28.94 18.10,-28.87 17.45,-28.70 17.36,-28.27 17.06,-28.03 16.88,-28.13 16.76,-28.45 16.45,-28.62 15.72,-27.97 15.29,-27.27 14.85,-25.73 14.84,-25.03 14.50,-24.20 14.46,-22.45 13.45,-20.92 12.46,-18.93 11.78,-18.00 11.74,-17.25 12.55,-17.21 13.10,-16.97 13.48,-17.04 14.02,-17.41 18.40,-17.40 18.96,-17.80 20.39,-17.89 20.75,-18.02 23.38,-17.64
C|MZ|Mozambique|Africa|37.84|-13.94
R|31.29,-22.40 32.43,-21.30 32.35,-21.14 32.49,-20.66 32.99,-19.98 32.78,-19.39 32.85,-19.10 32.70,-18.94 32.99,-18.36 32.95,-16.71 31.94,-16.43 31.24,-16.02 30.41,-15.98 30.23,-14.99 33.20,-14.01 33.64,-14.57 34.38,-14.42 34.51,-14.60 34.56,-15.14 34.25,-15.89 34.42,-16.25 35.08,-16.83 35.06,-17.08 35.27,-17.12 35.17,-16.56 35.36,-16.16 35.76,-16.06 35.89,-14.89 35.85,-14.67 35.25,-13.90 34.56,-13.36 34.36,-12.16 34.62,-11.62 35.56,-11.60 35.91,-11.45 36.31,-11.71 36.98,-11.57 37.37,-11.71 37.72,-11.58 37.92,-11.29 38.49,-11.41 39.32,-11.12 40.46,-10.46 40.61,-10.66 40.49,-10.77 40.60,-10.83 40.40,-11.33 40.58,-12.64 40.44,-12.98 40.57,-12.98 40.60,-14.12 40.72,-14.21 40.65,-14.54 40.77,-14.42 40.84,-14.72 40.56,-15.47 39.98,-16.23 39.79,-16.29 39.84,-16.44 39.08,-16.97 38.14,-17.24 37.51,-17.57 36.94,-17.99 36.40,-18.77 36.26,-18.72 36.24,-18.86 35.85,-18.99 34.95,-19.81 34.65,-19.70 34.76,-19.82 34.71,-20.47 34.98,-20.81 35.27,-21.65 35.32,-22.40 35.38,-22.45 35.46,-22.12 35.54,-22.30 35.58,-22.96 35.37,-23.80 35.54,-23.82 35.25,-24.43 34.99,-24.65 32.96,-25.49 32.59,-26.00 32.85,-26.27 32.95,-26.08 32.89,-26.85 32.11,-26.84 32.06,-26.02 31.92,-25.77 31.99,-24.46 31.55,-23.48 31.29,-22.40
C|MA|Morocco|Africa|-7.19|31.65
R|-2.22,35.10 -1.80,34.75 -1.68,33.32 -1.45,32.78 -1.07,32.47 -1.24,32.34 -1.23,32.11 -2.86,32.07 -3.02,31.83 -3.77,31.69 -3.83,31.20 -3.62,31.07 -3.67,30.96 -4.97,30.47 -5.45,29.96 -6.48,29.82 -6.64,29.57 -7.14,29.62 -8.27,28.98 -8.68,28.69 -8.79,27.12 -9.41,27.09 -9.82,26.85 -10.76,27.02 -11.39,26.88 -11.34,26.63 -11.72,26.10 -12.06,25.99 -12.43,24.83 -12.99,24.47 -13.31,23.98 -13.89,23.69 -14.22,22.31 -14.63,21.86 -14.75,21.50 -17.00,21.42 -16.93,21.90 -16.36,22.59 -16.21,23.10 -15.79,23.79 -15.98,23.67 -15.90,23.84 -14.90,24.72 -14.79,25.40 -14.41,26.25 -13.58,26.74 -12.95,27.91 -11.55,28.31 -10.20,29.38 -9.67,30.11 -9.65,30.45 -9.88,30.72 -9.81,31.42 -9.35,32.09 -9.25,32.57 -8.51,33.25 -6.90,33.97 -6.35,34.78 -5.92,35.79 -5.28,35.90 -5.25,35.61 -4.63,35.21 -3.39,35.21 -2.97,35.41 -2.84,35.13 -2.22,35.10
C|EH|W. Sahara|Africa|-12.63|23.97
R|-8.82,27.66 -8.68,27.66 -8.68,26.00 -12.02,26.00 -12.02,23.47 -12.62,23.27 -13.15,22.82 -13.02,21.33 -16.96,21.33 -17.10,20.86 -17.00,21.42 -14.75,21.50 -14.63,21.86 -14.22,22.31 -13.89,23.69 -13.31,23.98 -12.99,24.47 -12.43,24.83 -12.06,25.99 -11.72,26.10 -11.34,26.63 -11.39,26.88 -10.76,27.02 -9.82,26.85 -9.41,27.09 -8.79,27.12 -8.82,27.66
C|ME|Montenegro|Europe|19.14|42.80
R|19.19,43.53 19.61,43.17 20.35,42.85 20.05,42.76 20.07,42.56 19.94,42.51 19.79,42.48 19.65,42.63 19.28,42.17 19.34,41.87 18.44,42.52 18.55,42.64 18.46,43.00 18.62,43.03 18.85,43.35 19.03,43.29 18.95,43.53 19.19,43.53
C|MN|Mongolia|Asia|104.15|46.00
R|87.81,49.16 88.12,49.26 88.19,49.45 89.11,49.50 89.65,49.72 89.64,49.90 90.05,50.09 91.42,50.47 91.80,50.69 92.19,50.70 92.35,50.86 92.63,50.69 92.94,50.78 93.10,50.60 94.25,50.56 94.35,50.22 94.61,50.02 95.52,49.91 96.07,50.00 97.36,49.74 98.00,50.01 98.25,50.30 98.28,50.53 98.03,50.64 97.84,51.05 98.04,51.45 98.64,51.80 98.89,52.12 99.92,51.76 102.11,51.35 102.29,50.59 103.30,50.20 104.08,50.15 105.38,50.47 106.71,50.31 107.23,49.99 107.92,49.95 107.97,49.65 108.61,49.32 110.71,49.14 111.34,49.36 112.81,49.52 113.57,50.01 114.30,50.27 114.74,50.23 115.43,49.90 116.35,49.98 116.68,49.82 115.82,48.58 115.79,48.25 115.53,48.13 115.62,47.87 115.90,47.69 116.23,47.86 116.76,47.87 117.35,47.65 117.77,47.99 118.50,47.98 119.71,47.15 119.90,46.73 119.71,46.61 118.84,46.76 117.74,46.52 117.44,46.59 117.33,46.36 116.56,46.29 116.20,45.74 115.68,45.46 114.56,45.39 114.08,44.97 113.59,44.75 112.71,44.88 112.41,45.06 111.90,45.06 111.62,44.83 111.40,44.37 111.93,43.71 111.01,43.34 110.40,42.77 109.34,42.44 106.77,42.29 104.98,41.60 104.50,41.66 104.50,41.88 103.71,41.75 103.07,42.01 102.16,42.16 101.50,42.54 99.98,42.68 99.47,42.57 97.21,42.79 96.39,42.72 96.30,42.93 95.86,43.28 95.53,43.95 95.33,44.04 95.35,44.28 94.71,44.35 93.52,44.94 90.88,45.20 90.66,45.53 91.00,46.04 90.91,46.27 91.03,46.57 90.33,47.66 90.03,47.88 89.78,47.83 89.48,48.03 89.05,48.00 88.58,48.22 88.52,48.38 87.98,48.56 88.06,48.71 87.74,48.88 87.87,49.00 87.81,49.16
C|MD|Moldova|Europe|28.49|47.43
R|26.62,48.26 27.55,48.48 28.46,48.09 28.77,48.12 28.92,47.95 29.13,47.96 29.21,47.77 29.13,47.49 29.54,47.27 29.57,46.96 29.88,46.83 29.92,46.54 30.13,46.42 29.84,46.35 29.71,46.45 29.20,46.38 29.19,46.52 28.96,46.46 28.95,46.05 28.49,45.67 28.50,45.52 28.21,45.45 28.07,45.60 28.24,46.64 28.07,46.98 27.61,47.34 26.98,48.16 26.62,48.26
C|MC|Monaco|Europe|7.40|43.74
R|7.44,43.75 7.38,43.73 7.40,43.77 7.41,43.77 7.44,43.75
C|MX|Mexico|North America|-102.29|23.92
R|-117.13,32.53 -114.72,32.72 -114.84,32.51 -111.04,31.32 -108.21,31.33 -108.21,31.78 -106.45,31.77 -104.92,30.58 -104.40,29.57 -103.26,29.00 -102.89,29.22 -102.61,29.75 -102.27,29.87 -101.44,29.78 -100.75,29.18 -100.30,28.33 -99.51,27.55 -99.46,27.06 -99.11,26.45 -97.38,25.87 -97.15,25.96 -97.67,24.39 -97.84,22.51 -97.76,22.11 -97.31,21.56 -97.41,21.27 -97.38,21.57 -97.75,22.03 -97.19,20.72 -96.46,19.87 -96.29,19.34 -95.78,18.81 -95.92,18.82 -95.63,18.69 -95.70,18.77 -95.18,18.70 -94.46,18.17 -93.55,18.43 -92.88,18.47 -92.44,18.68 -91.97,18.72 -91.91,18.53 -91.53,18.46 -91.28,18.62 -91.34,18.90 -91.44,18.89 -90.74,19.35 -90.69,19.73 -90.49,19.95 -90.35,21.01 -89.82,21.27 -88.47,21.57 -88.01,21.60 -87.25,21.45 -87.19,21.55 -87.39,21.55 -87.13,21.62 -86.82,21.42 -86.77,21.15 -86.93,20.79 -87.42,20.23 -87.44,19.86 -87.69,19.64 -87.42,19.58 -87.66,19.35 -87.66,19.26 -87.50,19.29 -87.80,18.36 -87.88,18.27 -88.04,18.48 -88.07,18.83 -88.30,18.47 -88.52,18.45 -88.81,17.97 -89.13,17.97 -89.16,17.81 -90.99,17.82 -90.99,17.25 -91.41,17.26 -90.42,16.39 -90.45,16.07 -91.74,16.07 -92.20,15.28 -92.07,15.07 -92.24,14.55 -93.17,15.45 -94.37,16.28 -94.00,16.02 -94.66,16.20 -94.62,16.35 -94.79,16.29 -94.90,16.42 -95.02,16.28 -94.80,16.21 -96.51,15.65 -97.18,15.91 -97.75,15.97 -98.52,16.30 -98.76,16.53 -99.69,16.72 -100.85,17.20 -101.92,17.96 -102.70,18.06 -103.44,18.33 -103.91,18.83 -104.94,19.31 -105.48,19.98 -105.67,20.39 -105.26,20.58 -105.33,20.75 -105.51,20.81 -105.24,21.12 -105.21,21.49 -105.43,21.62 -105.65,21.99 -105.79,22.63 -106.94,23.88 -107.76,24.47 -107.53,24.36 -107.51,24.49 -107.95,24.61 -108.28,25.08 -108.05,25.07 -108.70,25.38 -108.79,25.54 -109.03,25.48 -108.89,25.73 -109.20,25.59 -109.38,25.73 -109.43,26.03 -109.20,26.31 -109.12,26.25 -109.28,26.53 -109.48,26.71 -109.75,26.70 -109.94,27.08 -110.48,27.32 -110.62,27.65 -110.53,27.86 -111.12,27.97 -112.16,29.02 -113.06,30.65 -113.05,31.18 -113.62,31.35 -113.76,31.56 -113.95,31.63 -114.15,31.51 -114.93,31.90 -114.79,31.65 -114.88,31.16 -114.63,30.51 -114.63,30.16 -113.76,29.37 -113.50,28.93 -113.21,28.80 -113.09,28.51 -112.87,28.42 -112.73,27.83 -112.33,27.52 -111.86,26.68 -111.70,26.58 -111.80,26.88 -111.57,26.71 -111.29,25.79 -110.69,24.87 -110.66,24.34 -110.37,24.10 -110.26,24.34 -109.42,23.48 -109.50,23.16 -110.01,22.89 -110.36,23.60 -111.80,24.54 -112.07,24.84 -112.07,25.57 -112.38,26.21 -113.02,26.58 -113.16,26.95 -113.27,26.79 -113.60,26.72 -113.84,26.97 -114.45,27.22 -114.54,27.43 -114.99,27.74 -115.04,27.84 -114.30,27.87 -114.07,27.68 -114.27,27.93 -114.05,28.43 -114.94,29.35 -115.67,29.76 -116.06,30.80 -116.30,30.97 -116.33,31.20 -116.66,31.56 -116.72,31.73 -116.62,31.85 -116.85,32.00 -117.13,32.53
R|-113.16,29.05 -113.50,29.31 -113.59,29.57 -113.20,29.30 -113.16,29.05
R|-112.20,29.01 -112.28,28.77 -112.51,28.85 -112.42,29.20 -112.29,29.24 -112.20,29.01
C|MU|Mauritius|Seven seas (open ocean)|57.57|-20.30
R|57.65,-20.48 57.32,-20.43 57.66,-19.99 57.79,-20.21 57.65,-20.48
C|MR|Mauritania|Africa|-9.74|19.59
R|-12.28,14.81 -13.21,15.62 -13.41,16.06 -13.87,16.15 -14.09,16.42 -14.53,16.66 -14.99,16.68 -15.77,16.49 -16.24,16.53 -16.54,15.84 -16.46,16.60 -16.08,17.55 -16.05,18.22 -16.21,19.00 -16.51,19.36 -16.31,19.51 -16.44,19.47 -16.21,20.23 -16.43,20.65 -16.62,20.63 -16.88,21.09 -17.05,20.81 -16.96,21.33 -13.02,21.33 -13.15,22.82 -12.62,23.27 -12.02,23.47 -12.02,26.00 -8.68,26.00 -8.68,27.29 -4.82,25.00 -6.59,24.99 -5.63,16.57 -5.36,16.28 -5.51,15.50 -9.18,15.50 -9.34,15.53 -9.35,15.68 -9.45,15.46 -10.70,15.42 -10.95,15.15 -11.50,15.64 -11.76,15.43 -11.94,14.89 -12.10,14.75 -12.28,14.81
C|MT|Malta|Europe|14.43|35.89
R|14.57,35.85 14.44,35.82 14.35,35.98 14.57,35.85
R|14.31,36.03 14.25,36.01 14.18,36.06 14.26,36.08 14.30,36.06 14.31,36.03
C|ML|Mali|Africa|-2.04|18.69
R|-11.39,12.40 -11.39,12.94 -11.63,13.37 -11.83,13.32 -12.05,13.63 -12.02,14.21 -12.23,14.46 -12.28,14.81 -12.10,14.75 -11.94,14.89 -11.76,15.43 -11.50,15.64 -10.95,15.15 -10.70,15.42 -9.45,15.46 -9.35,15.68 -9.34,15.53 -9.18,15.50 -5.51,15.50 -5.36,16.28 -5.63,16.57 -6.59,24.99 -4.82,25.00 1.15,21.10 1.17,20.82 1.61,20.56 1.75,20.33 3.13,19.85 3.26,19.41 3.11,19.15 3.26,19.01 4.23,19.14 4.18,16.58 3.88,15.76 3.50,15.36 3.06,15.43 3.00,15.34 1.30,15.27 0.95,14.98 0.22,14.91 -0.67,15.07 -1.97,14.46 -2.11,14.17 -2.59,14.23 -2.87,13.95 -2.95,13.65 -3.25,13.66 -3.30,13.28 -3.53,13.18 -3.95,13.40 -4.33,13.12 -4.23,12.79 -4.48,12.67 -4.43,12.34 -4.70,12.08 -5.29,11.83 -5.25,11.38 -5.49,11.04 -5.52,10.43 -5.84,10.39 -6.03,10.19 -6.24,10.26 -6.26,10.72 -6.43,10.67 -6.42,10.56 -6.65,10.66 -6.69,10.35 -6.95,10.34 -7.02,10.14 -7.36,10.26 -7.50,10.44 -7.99,10.16 -8.01,10.32 -8.27,10.49 -8.34,10.99 -8.67,11.01 -8.40,11.37 -8.82,11.67 -8.82,11.92 -9.12,12.45 -9.40,12.46 -9.36,12.26 -9.71,12.04 -10.27,12.21 -10.71,11.90 -10.93,12.21 -11.31,12.02 -11.50,12.20 -11.39,12.40
C|MV|Maldives|Seven seas (open ocean)|73.51|4.17
R|73.42,3.23 73.40,3.23 73.38,3.27 73.43,3.29 73.44,3.27 73.42,3.23
R|73.51,4.16 73.49,4.16 73.47,4.17 73.52,4.25 73.53,4.24 73.51,4.16
C|MY|Malaysia|Asia|113.84|2.53
R|100.12,6.44 100.26,6.68 100.35,6.55 100.75,6.46 100.87,6.25 101.05,6.24 100.98,5.77 101.11,5.64 101.56,5.91 101.79,5.78 102.10,6.24 102.27,6.20 103.10,5.41 103.45,4.67 103.36,3.77 103.44,2.93 103.81,2.58 104.22,1.72 104.25,1.39 103.98,1.62 103.99,1.45 103.48,1.33 103.36,1.55 102.73,1.86 101.30,2.89 101.30,3.25 100.72,3.97 100.80,4.02 100.61,4.37 100.34,5.98 100.12,6.44
R|117.57,4.17 116.51,4.37 115.86,4.35 115.68,4.19 115.45,3.03 115.12,2.89 115.18,2.52 114.79,2.25 114.83,1.98 114.51,1.45 113.90,1.43 113.62,1.24 113.01,1.43 112.94,1.57 112.48,1.56 112.19,1.44 112.08,1.14 111.81,1.01 111.10,1.05 110.51,0.86 109.74,1.52 109.55,1.85 109.63,2.03 109.86,1.76 110.35,1.72 111.22,1.40 111.03,1.56 111.25,2.06 111.24,2.44 111.44,2.38 111.44,2.63 111.62,2.82 113.04,3.21 113.92,4.24 114.01,4.58 114.65,4.04 114.84,4.39 114.75,4.72 115.03,4.90 115.11,4.39 115.32,4.37 115.14,4.90 115.55,5.09 115.42,5.41 115.60,5.60 115.88,5.61 116.78,6.99 116.79,6.61 117.13,6.97 117.25,6.92 117.29,6.68 117.65,6.47 117.64,6.00 117.50,5.88 118.00,6.05 118.12,5.86 117.93,5.79 117.97,5.71 118.35,5.81 118.59,5.59 119.26,5.37 119.13,5.10 118.26,4.99 118.19,4.83 118.56,4.50 118.55,4.38 118.01,4.25 117.70,4.34 117.57,4.17
C|MW|Malawi|Africa|33.61|-13.39
R|33.20,-14.01 32.99,-14.02 32.67,-13.59 32.97,-13.22 33.02,-12.63 33.51,-12.35 33.34,-12.31 33.25,-12.11 33.23,-11.42 33.38,-11.16 33.26,-10.89 33.66,-10.55 33.31,-10.04 33.35,-9.86 33.20,-9.63 33.00,-9.62 32.97,-9.40 33.89,-9.67 34.00,-9.50 34.52,-10.03 34.66,-10.71 34.61,-11.08 34.96,-11.58 34.62,-11.62 34.36,-12.16 34.56,-13.36 35.25,-13.90 35.85,-14.67 35.89,-14.89 35.79,-15.96 35.29,-16.25 35.17,-16.56 35.29,-17.10 35.12,-17.13 35.08,-16.83 34.42,-16.25 34.25,-15.89 34.54,-15.30 34.51,-14.60 34.33,-14.41 33.64,-14.57 33.20,-14.01
C|MG|Madagascar|Africa|46.70|-18.63
R|49.54,-12.43 49.94,-13.07 50.24,-14.73 50.44,-15.15 50.40,-15.63 50.18,-15.96 49.89,-15.46 49.66,-15.52 49.84,-16.49 49.77,-16.82 49.45,-17.24 49.48,-17.90 49.36,-18.34 47.18,-24.79 46.73,-25.15 46.16,-25.23 45.51,-25.56 45.12,-25.54 44.04,-25.00 43.67,-24.30 43.72,-23.53 43.26,-22.38 43.50,-21.36 43.80,-21.18 44.40,-19.92 44.45,-19.43 44.04,-18.29 43.98,-17.39 44.42,-16.70 44.48,-16.22 44.91,-16.17 45.22,-15.95 45.60,-15.99 45.70,-15.81 46.16,-15.74 46.40,-15.92 46.33,-15.71 46.48,-15.51 46.94,-15.22 47.10,-15.43 47.09,-15.15 47.35,-14.77 47.46,-14.71 47.48,-15.01 47.77,-14.64 47.96,-14.67 47.77,-14.37 48.00,-13.96 47.88,-13.81 47.94,-13.66 48.04,-13.60 48.26,-13.72 48.80,-13.27 48.92,-12.84 48.79,-12.47 49.21,-12.08 49.54,-12.43
C|MK|North Macedonia|Europe|21.56|41.56
R|21.56,42.25 22.24,42.36 22.80,42.03 23.00,41.74 22.93,41.36 22.60,41.14 21.99,41.13 21.58,40.87 20.74,40.91 20.49,41.27 20.55,41.86 20.73,41.87 20.78,42.07 21.06,42.17 21.29,42.10 21.56,42.25
C|LU|Luxembourg|Europe|6.08|49.73
R|6.12,50.12 6.20,49.92 6.49,49.80 6.34,49.45 5.79,49.54 5.88,49.64 5.74,49.92 5.98,50.17 6.12,50.12
C|LT|Lithuania|Europe|24.09|55.10
R|22.77,54.36 22.68,54.56 22.82,54.87 22.57,55.06 21.24,55.26 21.05,56.07 21.65,56.31 22.88,56.40 24.12,56.26 24.84,56.41 25.07,56.20 25.66,56.10 26.59,55.67 26.46,55.34 26.78,55.27 25.86,54.92 25.55,54.33 25.75,54.26 25.68,54.14 25.51,54.16 25.46,54.29 24.87,54.15 24.77,53.97 23.56,53.92 23.37,54.20 22.77,54.36
C|LI|Liechtenstein|Europe|9.56|47.11
R|9.58,47.06 9.49,47.06 9.53,47.27 9.58,47.06
C|LY|Libya|Africa|18.01|26.64
R|9.52,30.23 9.90,30.39 10.22,30.78 10.11,31.46 10.27,31.68 11.50,32.41 11.50,33.18 12.28,32.86 12.75,32.80 13.28,32.91 15.18,32.39 15.71,31.43 17.83,30.93 19.12,30.27 19.71,30.49 20.11,30.96 19.93,31.82 20.03,32.11 20.37,32.43 21.06,32.78 21.64,32.94 22.19,32.92 23.09,32.62 23.11,32.33 23.29,32.21 24.95,31.95 25.15,31.65 24.85,31.33 24.96,30.68 24.70,30.20 24.98,29.18 24.98,20.00 23.98,20.00 23.98,19.50 15.98,23.45 14.22,22.62 13.48,23.18 11.97,23.52 11.51,24.31 10.69,24.55 10.33,24.53 10.12,24.79 10.00,25.33 9.42,26.15 9.49,26.33 9.86,26.55 9.89,26.85 9.75,27.33 9.92,27.79 9.82,29.11 9.31,30.12 9.52,30.23
C|LR|Liberia|Africa|-9.46|6.45
R|-11.51,6.91 -10.65,7.76 -10.28,8.49 -9.66,8.47 -9.52,8.35 -9.37,7.70 -9.46,7.42 -9.12,7.22 -8.89,7.26 -8.71,7.66 -8.58,7.68 -8.30,7.07 -8.33,6.80 -8.60,6.51 -7.89,6.23 -7.80,5.98 -7.45,5.84 -7.54,4.35 -9.13,5.05 -10.28,6.08 -10.79,6.31 -11.51,6.91
C|LS|Lesotho|Africa|28.25|-29.48
R|28.74,-30.10 28.39,-30.15 28.06,-30.63 27.75,-30.60 27.39,-30.32 27.06,-29.63 27.29,-29.52 27.74,-28.94 28.63,-28.58 29.39,-29.27 29.10,-29.92 28.74,-30.10
C|LB|Lebanon|Asia|35.99|34.13
R|35.98,34.63 36.38,34.66 36.33,34.50 36.50,34.43 36.58,34.22 36.28,33.93 36.37,33.84 36.02,33.78 36.02,33.56 35.49,33.12 35.11,33.08 35.65,34.25 35.98,34.63
C|LV|Latvia|Europe|25.46|57.07
R|26.59,55.67 25.66,56.10 25.07,56.20 24.84,56.41 24.12,56.26 22.08,56.41 21.05,56.07 21.03,56.64 21.73,57.57 22.55,57.72 23.29,57.09 23.65,56.97 24.38,57.25 24.32,57.87 25.34,58.04 26.46,57.54 27.47,57.52 27.83,57.29 27.64,56.85 27.85,56.85 28.10,56.55 28.15,56.14 27.58,55.80 27.05,55.83 26.59,55.67
C|LA|Laos|Asia|102.53|19.43
R|102.13,22.38 102.66,21.68 102.82,21.81 102.95,21.68 102.85,21.27 103.10,20.89 103.64,20.70 104.10,20.95 104.58,20.65 104.37,20.44 104.85,20.20 104.93,20.02 104.59,19.62 104.03,19.68 104.06,19.48 103.89,19.30 105.15,18.65 105.11,18.41 106.50,16.95 106.66,16.49 106.85,16.52 107.40,16.04 107.17,15.80 107.65,15.26 107.41,14.56 106.82,14.31 106.50,14.58 106.23,14.48 105.98,14.34 106.12,14.05 106.07,13.92 105.25,14.20 105.18,14.35 105.50,14.59 105.49,15.26 105.64,15.66 104.82,16.47 104.82,17.30 103.95,18.32 103.29,18.41 103.05,18.03 102.66,17.82 102.10,18.21 101.17,17.50 100.91,17.58 101.14,18.14 101.05,18.44 101.29,18.98 101.21,19.55 100.97,19.61 100.63,19.50 100.42,19.64 100.54,20.13 100.32,20.39 100.11,20.26 100.18,20.59 100.33,20.80 100.62,20.86 100.54,20.99 100.70,21.25 101.14,21.57 101.25,21.20 101.80,21.21 101.74,21.83 101.52,22.25 101.74,22.50 102.13,22.38
C|KG|Kyrgyzstan|Asia|74.53|41.67
R|70.96,40.24 71.30,40.29 71.69,40.15 72.13,40.44 72.36,40.40 72.40,40.58 72.60,40.53 73.14,40.81 72.19,41.03 72.16,41.17 71.88,41.20 71.66,41.54 71.59,41.33 71.42,41.34 71.39,41.12 70.86,41.22 70.69,41.45 70.18,41.54 71.23,42.16 70.89,42.34 71.42,42.78 72.28,42.76 73.49,42.41 73.42,42.59 73.56,43.00 74.21,43.24 75.37,42.84 76.99,42.97 79.13,42.78 79.43,42.48 79.92,42.41 80.25,42.06 78.74,41.56 78.36,41.37 78.12,41.08 76.91,41.02 76.32,40.35 76.26,40.43 75.68,40.31 75.56,40.63 75.11,40.45 74.84,40.48 74.83,40.33 73.99,40.04 73.84,39.80 73.91,39.58 73.72,39.46 72.56,39.38 72.23,39.21 72.04,39.35 71.78,39.28 71.47,39.60 70.80,39.39 70.50,39.59 69.30,39.52 69.28,39.92 69.48,39.92 69.53,40.10 69.97,40.20 70.52,39.95 70.96,40.24
C|KW|Kuwait|Asia|47.31|29.41
R|48.28,29.62 48.08,29.80 48.18,29.98 48.35,29.78 48.28,29.62
R|48.44,28.54 47.67,28.53 47.43,28.99 46.53,29.10 47.15,30.00 47.75,30.08 47.98,29.98 48.14,29.57 47.97,29.62 47.72,29.39 48.05,29.36 48.44,28.54
C|XK|Kosovo|Europe|20.86|42.59
R|20.34,42.83 20.80,43.26 21.39,42.75 21.75,42.65 21.56,42.25 21.29,42.10 21.06,42.17 20.78,42.07 20.73,41.87 20.58,41.87 20.49,42.22 20.06,42.55 20.05,42.76 20.34,42.83
C|KI|Kiribati|Oceania|-157.38|1.82
R|172.97,3.13 172.91,3.10 172.89,3.10 172.96,3.15 172.97,3.13
R|172.84,3.05 172.77,3.01 172.75,3.03 172.78,3.03 172.83,3.07 172.89,3.07 172.88,3.05 172.84,3.05
R|173.02,1.85 173.02,1.82 172.97,1.89 172.93,1.93 172.93,1.94 173.02,1.85
R|173.03,1.72 172.99,1.71 173.03,1.75 173.02,1.81 173.04,1.80 173.05,1.74 173.03,1.72
R|173.03,1.01 173.09,0.97 173.06,0.92 172.99,0.84 172.97,0.84 173.07,0.96 173.03,1.00 173.00,0.99 172.99,1.03 173.03,1.01
R|174.51,-0.80 174.48,-0.83 174.46,-0.80 174.48,-0.77 174.45,-0.65 174.41,-0.63 174.38,-0.59 174.47,-0.64 174.51,-0.80
R|174.77,-1.21 174.78,-1.26 174.76,-1.26 174.72,-1.13 174.74,-1.15 174.77,-1.21
R|173.04,1.34 173.01,1.34 173.03,1.36 173.15,1.39 173.17,1.38 173.16,1.36 173.04,1.34
R|169.55,-0.87 169.52,-0.87 169.53,-0.85 169.56,-0.86 169.55,-0.87
R|-172.21,-4.51 -172.18,-4.51 -172.22,-4.52 -172.23,-4.51 -172.20,-4.49 -172.21,-4.51
R|-171.23,-4.46 -171.25,-4.47 -171.26,-4.45 -171.24,-4.44 -171.23,-4.46
R|-154.96,-4.09 -155.02,-4.05 -154.95,-4.03 -154.96,-4.09
R|-151.78,-11.44 -151.79,-11.46 -151.81,-11.45 -151.81,-11.39 -151.78,-11.44
R|-155.86,-5.63 -155.91,-5.63 -155.93,-5.61 -155.87,-5.61 -155.86,-5.63
R|-157.34,1.86 -157.25,1.73 -157.58,1.90 -157.44,1.85 -157.44,2.03 -157.34,1.86
R|-159.34,3.92 -159.27,3.80 -159.41,3.87 -159.34,3.92
R|-171.70,-2.77 -171.64,-2.81 -171.63,-2.86 -171.70,-2.83 -171.64,-2.85 -171.67,-2.79 -171.71,-2.77 -171.72,-2.78 -171.72,-2.76 -171.70,-2.77
C|KE|Kenya|Africa|37.91|0.55
R|33.90,-1.00 33.94,0.17 34.48,1.04 34.80,1.24 34.98,1.77 34.91,2.48 34.45,3.16 34.44,3.65 34.17,3.81 33.98,4.22 35.27,5.49 35.33,5.36 35.75,5.34 35.76,4.81 36.02,4.47 36.91,4.41 38.09,3.65 39.49,3.46 39.84,3.85 40.77,4.27 41.14,3.96 41.88,3.98 40.96,2.81 40.98,-0.87 41.53,-1.70 41.27,-1.95 40.89,-2.02 40.90,-2.27 40.64,-2.54 40.22,-2.69 40.12,-3.25 39.38,-4.63 39.19,-4.68 37.80,-3.67 37.61,-3.50 37.64,-3.05 33.90,-1.00
C|KZ|Kazakhstan|Asia|68.69|49.05
R|70.95,42.25 69.15,41.43 68.58,40.88 68.57,40.62 68.42,40.62 68.05,40.81 68.11,41.03 67.94,41.20 66.71,41.18 66.50,41.99 66.01,42.00 66.10,42.99 65.80,42.88 65.50,43.31 64.91,43.71 64.44,43.55 63.21,43.63 61.99,43.49 61.01,44.39 58.56,45.56 55.98,44.99 55.98,41.32 55.43,41.30 54.85,41.97 54.12,42.34 53.06,42.15 52.49,41.78 52.60,42.76 51.90,42.87 51.62,43.16 51.30,43.17 51.30,43.48 50.83,44.19 50.33,44.33 50.25,44.46 50.41,44.62 51.54,44.53 51.01,44.92 51.42,45.36 53.20,45.33 52.77,45.57 53.14,46.19 53.06,46.48 53.17,46.67 53.07,46.86 52.48,46.99 52.14,46.83 51.18,47.11 49.89,46.60 49.35,46.52 49.23,46.34 48.61,46.57 48.52,46.73 48.96,46.77 48.17,47.71 47.29,47.74 47.09,47.95 47.06,48.23 46.66,48.41 46.70,48.81 47.03,49.15 46.80,49.37 46.82,49.50 47.50,50.40 47.71,50.38 48.33,49.86 48.76,49.93 48.84,50.01 48.63,50.61 49.32,50.85 49.50,51.08 50.31,51.32 50.79,51.73 51.16,51.65 51.34,51.48 52.22,51.71 52.57,51.48 53.34,51.48 54.14,51.04 54.56,50.54 54.65,50.66 54.55,50.95 54.64,51.01 55.69,50.58 56.49,51.02 57.01,51.07 57.44,50.89 57.84,51.09 58.36,51.06 58.88,50.69 59.45,50.62 59.52,50.49 59.81,50.58 60.06,50.85 60.42,50.68 60.94,50.70 61.39,50.86 61.55,51.32 60.46,51.65 60.03,51.93 60.99,52.34 60.77,52.68 61.05,52.97 62.08,53.01 61.66,53.23 61.20,53.29 61.23,53.45 61.53,53.52 60.98,53.62 61.23,54.02 61.93,53.95 64.46,54.38 65.09,54.34 65.48,54.62 68.16,54.98 68.21,55.16 68.98,55.39 70.18,55.16 70.74,55.31 71.19,54.60 71.09,54.21 72.00,54.21 72.19,54.33 72.45,53.94 72.62,54.13 73.23,53.96 73.67,54.06 73.68,53.93 73.31,53.71 73.41,53.45 73.86,53.62 74.35,53.49 74.45,53.65 75.22,53.89 75.44,54.09 76.84,54.44 76.65,54.15 76.42,54.15 76.48,54.02 77.86,53.27 79.99,50.77 80.42,50.95 80.45,51.18 80.74,51.29 81.13,51.19 81.07,50.97 81.39,50.96 81.47,50.74 82.49,50.73 83.36,50.99 83.95,50.77 84.32,50.24 84.99,50.06 85.23,49.62 86.18,49.50 86.68,49.78 86.63,49.56 87.32,49.09 86.81,49.05 86.55,48.53 85.75,48.39 85.53,47.92 85.66,47.25 85.48,47.06 84.79,46.83 84.67,46.97 84.02,46.97 83.03,47.19 82.32,45.59 82.61,45.42 82.52,45.13 81.94,45.16 81.69,45.35 79.87,44.88 80.48,44.71 80.36,44.55 80.36,44.10 80.79,43.16 80.39,43.04 80.54,42.87 80.20,42.73 80.21,42.19 79.92,42.41 79.43,42.48 79.13,42.78 76.99,42.97 75.37,42.84 74.21,43.24 73.56,43.00 73.42,42.59 73.49,42.41 71.76,42.82 71.26,42.73 70.89,42.34 70.95,42.25
C|JO|Jordan|Asia|36.38|30.81
R|35.79,32.73 36.37,32.39 36.82,32.32 38.77,33.37 39.04,32.31 39.25,32.35 39.29,32.24 38.96,31.99 36.96,31.49 37.98,30.50 37.65,30.33 37.47,30.00 36.76,29.87 36.48,29.50 36.02,29.19 34.95,29.35 35.14,30.42 35.44,31.13 35.57,32.64 35.79,32.73
C|JP|Japan|Asia|138.44|36.14
R|138.34,37.82 138.23,37.83 138.32,37.97 138.25,38.08 138.50,38.32 138.45,38.08 138.58,38.07 138.34,37.82
R|130.08,32.23 129.96,32.24 130.01,32.52 130.17,32.54 130.20,32.34 130.08,32.23
R|143.82,44.12 144.72,43.93 145.37,44.33 145.13,43.87 145.14,43.66 145.34,43.30 145.83,43.39 144.92,43.00 143.97,42.88 143.43,42.42 143.24,42.00 141.85,42.58 141.41,42.55 140.99,42.34 140.71,42.56 140.48,42.56 140.33,42.29 141.15,41.81 140.66,41.82 140.27,41.46 140.04,41.47 140.11,41.91 139.84,42.28 139.86,42.58 140.43,42.95 140.39,43.30 141.14,43.18 141.37,43.28 141.40,43.64 141.76,44.48 141.78,44.72 141.58,45.16 141.67,45.40 141.94,45.51 142.88,44.67 143.82,44.12
R|131.17,33.60 131.70,33.60 131.54,33.27 131.90,33.25 131.85,33.12 132.00,32.88 131.66,32.47 131.34,31.40 131.07,31.44 131.10,31.26 130.69,31.02 130.78,31.71 130.56,31.56 130.59,31.18 130.15,31.41 130.29,31.45 130.32,31.60 130.19,31.77 130.19,32.09 130.64,32.62 130.50,32.66 130.55,32.83 130.24,33.18 130.13,33.10 130.18,32.85 130.33,32.85 130.34,32.70 130.05,32.77 129.77,32.57 129.83,32.73 129.68,33.06 129.99,32.85 129.58,33.24 130.72,33.93 130.95,33.87 131.17,33.60
R|134.36,34.26 134.64,34.23 134.74,33.82 134.38,33.61 134.18,33.25 133.96,33.45 133.63,33.51 133.29,33.36 132.80,32.75 132.64,32.76 132.71,32.90 132.50,32.92 132.41,33.43 132.03,33.34 132.64,33.69 132.94,34.10 133.19,33.93 133.58,34.02 133.60,34.24 133.95,34.35 134.36,34.26
R|141.23,41.37 141.46,41.40 141.43,40.72 141.80,40.29 141.99,39.79 141.98,39.43 141.90,39.11 141.55,38.76 141.47,38.40 141.11,38.34 140.96,38.15 141.00,37.11 140.57,36.23 140.87,35.72 140.46,35.51 140.35,35.18 139.84,34.91 139.83,35.30 140.10,35.59 139.83,35.66 139.65,35.41 139.68,35.15 139.47,35.30 139.25,35.28 139.09,34.84 138.84,34.62 138.80,34.97 138.90,35.03 138.72,35.12 138.19,34.60 137.06,34.58 137.28,34.77 136.96,34.83 136.87,34.73 136.90,35.04 136.80,35.05 136.53,34.68 136.88,34.43 136.85,34.32 136.33,34.18 135.92,33.56 135.70,33.49 135.45,33.55 135.13,34.01 135.10,34.29 135.42,34.62 134.74,34.77 134.25,34.71 133.14,34.30 132.31,34.32 132.15,33.84 131.74,34.05 130.92,33.98 130.89,34.26 131.00,34.39 131.35,34.41 132.92,35.51 133.98,35.51 135.17,35.75 135.33,35.53 135.90,35.61 136.10,35.77 136.07,36.12 136.70,36.74 136.72,37.20 136.84,37.38 137.32,37.52 136.90,37.12 137.02,36.84 137.25,36.75 138.32,37.22 138.89,37.84 139.36,38.10 139.80,38.88 140.06,39.62 139.99,39.86 139.74,39.92 140.01,40.26 139.97,40.67 140.28,40.85 140.39,41.23 140.63,41.20 140.75,40.83 140.94,40.94 141.12,40.88 141.24,41.21 140.80,41.14 140.80,41.25 140.94,41.51 141.23,41.37
R|128.26,26.65 127.87,26.44 127.80,26.15 127.65,26.09 127.91,26.69 128.10,26.67 128.25,26.88 128.26,26.65
R|129.45,28.21 129.37,28.13 129.16,28.25 129.69,28.52 129.45,28.21
C|JM|Jamaica|North America|-77.32|18.14
R|-77.26,18.46 -76.35,18.15 -76.21,17.91 -76.85,17.97 -76.94,17.85 -77.12,17.88 -77.20,17.71 -77.77,17.88 -78.33,18.35 -77.87,18.52 -77.26,18.46
C|IT|Italy|Europe|11.08|44.73
R|7.02,45.93 7.79,45.92 8.42,46.45 8.46,46.25 9.02,45.85 9.00,46.01 9.30,46.50 9.53,46.31 9.94,46.36 10.08,46.23 10.09,46.60 10.43,46.55 10.45,46.86 10.99,46.78 11.24,46.98 12.17,47.08 12.15,46.94 12.39,46.70 13.70,46.52 13.38,46.26 13.63,46.18 13.49,45.99 13.87,45.61 13.72,45.59 13.63,45.77 13.21,45.77 12.27,45.45 12.23,45.24 12.52,44.97 12.25,44.72 12.40,44.22 13.56,43.57 14.01,42.69 14.54,42.24 15.17,41.93 16.16,41.90 15.90,41.51 17.95,40.66 18.46,40.22 18.39,39.90 18.34,39.82 18.08,39.94 17.87,40.28 17.40,40.34 17.18,40.50 16.93,40.46 16.52,39.75 17.11,39.38 17.17,39.00 16.62,38.80 16.55,38.41 16.06,37.94 15.72,37.94 15.64,38.18 15.82,38.30 15.93,38.67 16.20,38.76 16.21,38.94 15.69,39.99 14.95,40.24 14.95,40.47 14.77,40.67 14.34,40.60 14.46,40.73 14.04,40.81 13.73,41.24 13.09,41.24 12.63,41.47 11.64,42.29 11.10,42.42 11.17,42.54 10.71,42.94 10.51,42.97 10.25,43.85 10.05,44.02 8.77,44.42 8.00,43.88 7.49,43.77 7.64,44.16 7.32,44.14 6.90,44.34 6.84,44.51 7.03,44.72 6.99,44.83 6.63,45.07 7.08,45.24 7.15,45.38 6.79,45.74 7.02,45.93
R|15.58,38.22 15.10,37.46 15.30,37.06 15.11,36.69 14.50,36.80 14.26,37.05 12.64,37.59 12.44,37.82 12.73,38.18 12.90,38.03 13.29,38.19 13.79,37.98 15.50,38.29 15.58,38.22
R|9.63,40.88 9.81,40.50 9.64,40.27 9.71,40.02 9.56,39.17 9.06,39.24 8.97,38.96 8.65,38.93 8.42,39.21 8.55,39.84 8.41,39.92 8.47,40.29 8.19,40.65 8.22,40.91 8.57,40.85 9.23,41.26 9.62,41.02 9.63,40.88
C|IL|Israel|Asia|34.85|30.91
R|35.84,33.42 35.89,32.94 35.79,32.73 35.57,32.64 35.55,32.40 35.19,32.53 34.96,32.16 34.96,31.82 35.20,31.75 34.95,31.60 34.88,31.37 35.45,31.48 35.44,31.13 34.90,29.48 34.25,31.21 34.53,31.53 35.11,33.08 35.41,33.08 35.84,33.42
C|PS|Palestine|Asia|35.29|32.05
R|34.48,31.58 34.25,31.21 34.20,31.32 34.48,31.58
R|35.55,32.40 35.45,31.48 34.88,31.37 34.95,31.60 35.20,31.75 34.95,31.84 35.07,32.46 35.19,32.53 35.55,32.40
C|IE|Ireland|Europe|-7.80|53.08
R|-7.22,55.09 -7.55,54.77 -7.91,54.70 -7.75,54.59 -8.14,54.45 -7.61,54.14 -7.32,54.13 -7.01,54.41 -6.65,54.06 -6.18,54.05 -6.35,53.94 -6.14,53.58 -6.03,52.93 -6.46,52.35 -6.33,52.25 -6.89,52.16 -6.97,52.25 -8.06,51.83 -8.41,51.89 -8.41,51.71 -9.30,51.50 -9.84,51.48 -9.58,51.69 -10.12,51.60 -9.60,51.87 -10.34,51.80 -9.91,52.12 -10.36,52.21 -9.77,52.25 -9.91,52.40 -9.63,52.55 -8.78,52.68 -8.99,52.76 -9.18,52.63 -9.92,52.57 -9.46,52.82 -9.30,53.10 -8.93,53.21 -10.09,53.41 -10.12,53.55 -9.72,53.60 -9.90,53.73 -9.58,53.81 -9.91,53.86 -9.86,54.10 -10.09,54.16 -10.06,54.26 -8.55,54.24 -8.62,54.35 -8.13,54.64 -8.76,54.68 -8.38,54.89 -8.27,55.15 -7.67,55.26 -7.56,55.12 -7.66,54.97 -7.48,55.05 -7.52,55.25 -7.31,55.37 -6.96,55.24 -7.22,55.09
C|IQ|Iraq|Asia|43.26|33.09
R|42.36,37.11 42.77,37.37 43.68,37.23 44.11,37.30 44.28,36.98 44.73,37.17 45.36,36.02 45.78,35.82 46.27,35.77 46.00,35.61 46.13,35.13 45.68,34.80 45.64,34.57 45.50,34.58 45.44,34.42 45.54,34.22 45.40,33.97 46.02,33.42 46.15,33.23 46.11,32.96 47.37,32.42 47.83,31.79 47.68,31.00 48.01,30.99 48.01,30.47 48.33,30.29 48.55,29.96 47.67,30.10 47.22,30.04 46.53,29.10 44.72,29.19 42.07,31.08 40.37,31.94 39.15,32.12 39.29,32.24 39.25,32.35 39.04,32.31 38.77,33.37 40.99,34.43 41.19,34.77 41.35,35.64 41.30,36.38 41.79,36.60 42.36,37.11
C|IR|Iran|Asia|54.93|32.17
R|56.19,26.92 55.95,26.70 55.30,26.64 55.76,26.81 55.76,26.95 56.21,27.00 56.19,26.92
R|53.91,37.34 54.70,37.47 54.90,37.78 55.38,38.05 56.27,38.08 56.44,38.25 57.19,38.22 57.35,37.97 58.26,37.67 58.82,37.68 59.30,37.51 59.45,37.25 60.06,36.96 60.34,36.64 61.17,36.57 61.28,35.51 61.10,35.27 61.08,34.86 60.73,34.52 60.89,34.32 60.64,34.31 60.49,34.09 60.49,33.71 60.92,33.51 60.56,33.14 60.83,32.25 60.82,31.50 61.66,31.38 61.81,30.91 60.84,29.86 61.89,28.55 62.76,28.24 62.75,27.27 63.17,27.25 63.31,27.12 63.16,26.65 62.44,26.56 62.24,26.36 61.84,26.23 61.59,25.20 61.41,25.10 60.66,25.28 60.51,25.44 60.40,25.31 59.46,25.48 59.05,25.42 58.80,25.55 57.33,25.79 57.04,26.80 56.73,27.13 56.12,27.14 54.64,26.51 54.25,26.70 53.71,26.73 52.69,27.32 52.48,27.62 52.03,27.82 51.59,27.86 51.28,28.13 51.06,28.73 50.87,28.87 50.88,29.06 50.68,29.15 50.65,29.42 50.17,29.92 50.07,30.20 49.55,30.03 49.03,30.33 49.22,30.47 49.00,30.51 48.87,30.06 48.55,29.96 48.43,30.04 48.33,30.29 48.01,30.47 48.01,30.99 47.68,31.00 47.83,31.79 47.37,32.42 46.11,32.96 46.15,33.23 46.02,33.42 45.40,33.97 45.54,34.22 45.44,34.42 45.50,34.58 45.64,34.57 45.68,34.80 46.13,35.13 46.00,35.61 46.27,35.77 45.78,35.82 45.36,36.02 44.88,36.80 44.79,37.29 44.57,37.44 44.59,37.71 44.22,37.88 44.45,38.33 44.30,38.39 44.27,38.84 44.02,39.38 44.39,39.42 44.59,39.77 45.48,39.01 46.17,38.87 46.55,38.90 47.34,39.42 48.00,39.68 48.32,39.40 48.10,39.24 48.29,39.02 48.00,38.85 48.59,38.41 48.87,38.44 49.08,37.67 50.13,37.41 50.53,37.01 51.12,36.74 52.19,36.62 53.77,36.93 53.92,36.93 53.68,36.85 53.97,36.82 53.91,37.34
C|ID|Indonesia|Asia|101.89|-0.95
R|97.48,1.47 97.93,0.97 97.82,0.56 97.68,0.60 97.08,1.43 97.36,1.54 97.48,1.47
R|99.16,-1.78 98.83,-1.61 98.60,-1.20 98.68,-0.97 98.93,-0.95 99.27,-1.63 99.16,-1.78
R|116.64,-8.61 116.51,-8.82 116.59,-8.89 115.86,-8.79 116.08,-8.74 116.06,-8.44 116.40,-8.20 116.72,-8.34 116.64,-8.61
R|115.45,-8.16 115.70,-8.41 115.14,-8.85 115.06,-8.57 114.61,-8.38 114.47,-8.17 114.94,-8.19 115.15,-8.07 115.45,-8.16
R|106.05,-1.67 106.37,-2.46 106.82,-2.57 106.61,-2.90 106.67,-3.07 106.00,-2.82 105.79,-2.18 105.13,-2.04 105.46,-1.57 105.59,-1.53 105.70,-1.73 105.72,-1.53 105.91,-1.50 106.05,-1.67
R|123.18,-4.55 123.20,-4.82 123.06,-4.75 122.97,-5.14 123.19,-5.33 122.97,-5.41 122.81,-5.67 122.65,-5.66 122.59,-5.49 122.77,-5.21 122.85,-4.62 123.07,-4.39 123.18,-4.55
R|122.65,-5.27 122.56,-5.39 122.28,-5.32 122.37,-4.77 122.70,-4.62 122.76,-4.93 122.65,-5.27
R|108.32,3.69 108.10,3.70 108.24,3.81 108.00,3.98 108.25,4.22 108.39,3.99 108.32,3.69
R|108.21,-3.00 108.06,-3.23 107.86,-3.09 107.61,-3.21 107.67,-2.57 108.22,-2.70 108.21,-3.00
R|135.38,-0.65 135.89,-0.73 136.38,-1.09 136.16,-1.21 135.92,-1.18 135.75,-0.82 135.65,-0.88 135.38,-0.65
R|135.47,-1.59 136.89,-1.80 136.23,-1.89 135.47,-1.59
R|130.81,-0.00 131.28,-0.15 131.26,-0.37 130.95,-0.34 130.68,-0.08 130.90,-0.42 130.24,-0.21 130.36,-0.07 130.81,-0.00
R|128.45,2.05 128.30,2.03 128.22,2.30 128.60,2.60 128.62,2.22 128.45,2.05
R|128.15,-1.66 127.56,-1.73 127.40,-1.59 127.65,-1.33 128.15,-1.66
R|126.02,-1.79 126.33,-1.82 125.96,-1.92 125.43,-1.94 125.39,-1.84 126.02,-1.79
R|124.97,-1.71 125.19,-1.71 125.31,-1.88 124.42,-2.01 124.33,-1.86 124.42,-1.66 124.97,-1.71
R|131.33,-8.00 131.11,-8.00 131.14,-7.68 131.64,-7.11 131.74,-7.20 131.62,-7.63 131.33,-8.00
R|126.80,-7.67 126.47,-7.95 126.04,-7.89 125.80,-7.98 125.98,-7.66 126.61,-7.57 126.80,-7.67
R|124.58,-8.14 125.05,-8.18 125.13,-8.33 124.44,-8.44 124.39,-8.25 124.58,-8.14
R|131.00,-1.32 130.78,-1.26 130.67,-0.96 131.03,-0.92 131.00,-1.32
R|96.49,5.23 97.55,5.21 98.25,4.41 98.31,4.09 99.73,3.18 100.52,2.19 100.89,1.95 100.83,2.24 101.05,2.26 101.48,1.69 102.02,1.44 102.39,0.84 102.95,0.66 103.01,0.42 102.55,0.22 103.34,0.51 103.67,0.29 103.79,0.05 103.43,-0.19 103.44,-0.58 103.72,-0.89 104.36,-1.04 104.52,-1.82 104.85,-2.09 104.65,-2.60 104.97,-2.37 105.40,-2.38 106.04,-3.11 105.84,-3.61 105.89,-5.01 105.75,-5.82 105.35,-5.55 105.08,-5.75 104.64,-5.52 104.68,-5.89 104.60,-5.90 103.83,-5.08 102.54,-4.15 102.13,-3.60 101.58,-3.17 100.89,-2.25 100.86,-1.93 100.31,-0.83 99.67,0.05 99.16,0.35 98.60,1.86 97.70,2.36 97.59,2.85 96.97,3.58 96.44,3.82 95.43,4.87 95.21,5.28 95.28,5.59 95.74,5.58 96.13,5.29 96.49,5.23
R|122.78,-8.61 121.04,-8.94 120.55,-8.80 119.91,-8.86 119.81,-8.70 119.87,-8.42 120.61,-8.24 121.44,-8.58 121.97,-8.46 122.32,-8.63 122.85,-8.30 122.92,-8.22 122.76,-8.19 122.85,-8.09 123.01,-8.33 122.78,-8.61
R|120.01,-9.37 120.29,-9.65 120.56,-9.72 120.80,-10.11 120.44,-10.29 119.60,-9.77 119.04,-9.67 118.96,-9.52 119.19,-9.38 120.01,-9.37
R|118.24,-8.32 118.61,-8.28 118.71,-8.41 118.93,-8.30 119.08,-8.73 118.43,-8.86 118.38,-8.67 118.19,-8.84 117.51,-9.01 117.06,-9.10 116.79,-9.01 116.84,-8.53 117.16,-8.37 117.57,-8.43 117.81,-8.71 117.97,-8.73 118.23,-8.59 117.81,-8.34 117.76,-8.15 118.12,-8.12 118.24,-8.32
R|124.89,1.00 124.43,0.47 123.75,0.31 123.27,0.33 123.00,0.49 121.01,0.44 120.58,0.53 120.19,0.27 120.01,-0.20 120.06,-0.56 120.67,-1.37 121.15,-1.34 121.58,-0.83 121.97,-0.93 122.28,-0.76 122.89,-0.76 122.83,-0.66 123.17,-0.57 123.43,-0.78 123.38,-1.00 122.90,-0.90 122.25,-1.56 121.65,-1.90 121.36,-1.88 122.29,-2.91 122.40,-3.20 122.25,-3.62 122.69,-4.08 122.85,-4.06 122.87,-4.39 122.11,-4.54 122.04,-4.83 121.59,-4.76 121.49,-4.58 121.62,-4.09 120.89,-3.52 121.05,-3.17 121.05,-2.75 120.65,-2.67 120.26,-2.95 120.44,-3.71 120.42,-4.62 120.28,-5.15 120.43,-5.59 119.95,-5.58 119.72,-5.69 119.56,-5.61 119.36,-5.31 119.62,-4.03 119.47,-3.51 118.99,-3.54 118.87,-3.40 118.78,-2.72 119.09,-2.48 119.32,-1.93 119.31,-1.41 119.51,-0.91 119.71,-0.68 119.84,-0.86 119.72,-0.09 120.27,0.97 120.60,0.85 120.87,1.25 121.08,1.33 121.59,1.07 122.44,1.02 122.84,0.85 123.07,0.94 123.93,0.85 124.53,1.23 124.99,1.70 125.23,1.50 124.89,1.00
R|107.37,-6.01 107.67,-6.22 108.33,-6.29 108.68,-6.79 110.43,-6.95 110.83,-6.42 111.18,-6.69 111.54,-6.65 112.09,-6.89 112.54,-6.93 112.79,-7.30 112.79,-7.55 113.01,-7.66 114.07,-7.63 114.41,-7.79 114.39,-8.41 114.58,-8.77 113.25,-8.29 112.68,-8.41 111.51,-8.31 110.61,-8.15 109.28,-7.70 108.22,-7.78 107.28,-7.47 106.46,-7.37 106.52,-7.05 105.94,-6.86 105.26,-6.84 105.27,-6.73 105.37,-6.66 105.48,-6.78 106.08,-5.91 106.83,-6.10 107.05,-5.90 107.37,-6.01
R|109.63,2.03 109.54,1.90 109.65,1.61 110.51,0.86 111.10,1.05 111.81,1.01 112.08,1.14 112.19,1.44 112.48,1.56 112.94,1.57 113.01,1.43 113.62,1.24 113.90,1.43 114.51,1.45 114.83,1.98 114.79,2.25 115.18,2.52 115.12,2.89 115.45,3.03 115.68,4.19 115.86,4.35 117.10,4.34 117.57,4.17 117.47,4.08 117.78,3.69 117.06,3.62 117.35,3.43 117.35,3.19 117.61,3.06 117.57,2.93 118.07,2.32 117.79,2.03 118.98,0.98 118.53,0.81 118.20,0.87 117.91,1.10 117.96,0.89 117.75,0.73 117.52,0.24 117.46,-0.32 117.56,-0.77 116.91,-1.22 116.74,-1.04 116.75,-1.33 116.28,-1.78 116.42,-1.78 116.45,-1.92 116.31,-2.14 116.57,-2.30 116.53,-2.51 116.32,-2.55 116.33,-2.90 116.17,-2.93 116.26,-3.13 115.96,-3.60 114.69,-4.17 114.53,-3.38 114.34,-3.44 114.34,-3.24 114.24,-3.36 114.08,-3.28 113.71,-3.46 113.61,-3.20 113.34,-3.25 113.03,-2.93 112.97,-3.19 112.76,-3.32 112.28,-3.32 111.86,-3.55 111.82,-3.06 111.69,-2.89 110.93,-3.07 110.83,-3.00 110.90,-2.91 110.70,-3.02 110.57,-2.89 110.26,-2.97 110.10,-2.00 109.96,-1.86 109.98,-1.27 109.79,-1.01 109.26,-0.81 109.37,-0.64 109.12,-0.39 109.26,0.03 108.94,0.36 108.92,0.91 108.96,1.13 109.13,1.25 109.01,1.24 109.08,1.50 109.38,1.92 109.63,2.03
R|127.73,0.85 127.88,0.83 128.22,1.40 128.69,1.57 128.70,1.11 128.30,0.88 128.26,0.73 128.90,0.22 127.98,0.47 127.89,0.30 127.98,-0.25 128.43,-0.89 128.05,-0.71 127.69,-0.24 127.71,0.29 127.54,0.61 127.61,0.85 127.43,1.14 127.63,1.84 128.04,2.20 127.89,1.83 128.01,1.70 128.01,1.33 127.65,1.01 127.73,0.85
R|129.75,-2.87 130.57,-3.13 130.86,-3.57 130.81,-3.86 129.84,-3.33 129.51,-3.33 129.47,-3.45 128.86,-3.23 128.52,-3.45 128.13,-3.16 127.90,-3.50 127.88,-3.22 128.20,-2.87 128.99,-2.83 129.17,-2.93 129.48,-2.79 129.75,-2.87
R|126.86,-3.09 127.24,-3.47 127.23,-3.63 126.94,-3.76 126.55,-3.77 126.06,-3.42 126.09,-3.11 126.86,-3.09
R|124.92,-8.94 124.94,-9.05 125.15,-9.04 124.96,-9.21 125.07,-9.51 124.96,-9.67 124.43,-10.15 123.64,-10.31 123.72,-10.08 123.59,-9.97 123.71,-9.61 124.04,-9.34 124.32,-9.41 124.44,-9.19 124.92,-8.94
R|134.75,-5.71 134.71,-6.30 134.44,-6.33 134.15,-6.06 134.30,-6.01 134.34,-5.83 134.21,-5.71 134.34,-5.71 134.57,-5.43 134.75,-5.71
R|134.54,-6.44 134.32,-6.85 134.09,-6.83 134.11,-6.47 134.19,-6.46 134.11,-6.19 134.54,-6.44
R|138.54,-8.27 138.30,-8.41 137.65,-8.39 138.08,-7.57 138.77,-7.39 138.99,-7.70 138.54,-8.27
R|140.97,-2.61 140.97,-6.35 140.86,-6.74 140.98,-6.91 140.98,-9.12 140.00,-8.20 140.12,-7.92 139.93,-8.10 139.39,-8.19 139.25,-7.98 138.89,-8.24 139.09,-7.59 138.75,-7.25 139.18,-7.19 138.85,-7.14 138.60,-6.94 138.86,-6.86 138.44,-6.34 138.30,-5.95 138.37,-5.84 138.20,-5.81 138.34,-5.68 138.09,-5.71 138.06,-5.47 137.28,-4.95 136.62,-4.82 135.98,-4.53 135.20,-4.45 134.68,-4.08 134.71,-3.95 134.89,-3.94 134.27,-3.95 134.15,-3.80 133.97,-3.82 133.68,-3.48 133.84,-3.05 133.70,-3.09 133.65,-3.36 133.52,-3.41 133.40,-3.90 133.25,-4.06 132.91,-4.06 132.75,-3.70 132.87,-3.55 132.75,-3.29 131.97,-2.79 132.23,-2.68 132.72,-2.79 133.19,-2.44 133.70,-2.62 133.90,-2.39 133.79,-2.29 133.92,-2.10 132.96,-2.27 132.31,-2.24 132.02,-1.99 131.93,-1.56 131.00,-1.42 131.26,-0.86 131.80,-0.70 132.39,-0.36 132.86,-0.42 133.47,-0.73 133.97,-0.74 134.11,-0.85 134.07,-1.00 134.26,-1.36 134.11,-1.72 134.19,-2.31 134.46,-2.83 134.48,-2.58 134.63,-2.54 134.89,-3.21 135.25,-3.37 135.49,-3.35 135.86,-3.00 136.39,-2.27 137.07,-2.11 137.17,-2.03 137.12,-1.84 137.81,-1.48 139.79,-2.35 140.62,-2.45 140.75,-2.61 140.97,-2.61
R|101.71,2.08 101.72,1.79 101.50,1.73 101.41,2.02 101.71,2.08
R|103.03,0.75 102.49,0.86 102.51,1.09 103.00,0.86 103.03,0.75
R|104.59,1.22 104.66,1.05 104.58,0.83 104.44,1.05 104.25,1.01 104.36,1.18 104.59,1.22
R|104.78,-0.18 105.01,-0.28 104.91,-0.32 104.45,-0.19 104.54,0.02 104.78,-0.18
R|104.47,-0.33 104.59,-0.47 104.36,-0.66 104.26,-0.46 104.47,-0.33
R|109.71,-1.18 109.46,-1.28 109.48,-0.99 109.74,-1.04 109.71,-1.18
R|113.84,-7.11 113.13,-7.22 112.73,-7.07 112.87,-6.90 113.97,-6.87 114.08,-6.99 113.84,-7.11
R|127.57,-0.32 127.68,-0.47 127.60,-0.61 127.88,-0.81 127.76,-0.88 127.46,-0.81 127.47,-0.64 127.30,-0.50 127.33,-0.34 127.57,-0.32
R|130.35,-1.69 130.42,-1.97 130.25,-2.05 129.74,-1.87 130.35,-1.69
R|100.43,-3.18 100.47,-3.33 100.35,-3.23 100.20,-2.99 100.20,-2.79 100.45,-3.00 100.43,-3.18
R|98.46,-0.53 98.31,-0.53 98.43,-0.23 98.32,-0.00 98.54,-0.26 98.46,-0.53
R|96.46,2.36 95.81,2.66 95.72,2.83 95.90,2.89 96.42,2.52 96.46,2.36
R|123.21,-1.17 123.24,-1.39 123.43,-1.24 123.51,-1.45 123.27,-1.44 123.17,-1.62 123.15,-1.30 122.89,-1.59 122.81,-1.43 122.91,-1.18 123.21,-1.17
R|116.30,-3.87 116.09,-4.05 116.02,-3.70 116.12,-3.34 116.27,-3.25 116.30,-3.87
R|122.95,-10.91 122.83,-10.90 122.85,-10.76 123.37,-10.47 123.42,-10.65 122.95,-10.91
R|124.29,-8.33 124.15,-8.53 123.93,-8.45 124.24,-8.20 124.29,-8.33
R|123.92,-8.27 123.55,-8.57 123.23,-8.53 123.48,-8.32 123.39,-8.28 123.78,-8.19 123.92,-8.27
C|IN|India|Asia|79.36|22.69
R|68.17,23.86 68.72,23.96 68.78,24.31 69.81,24.17 70.49,24.41 70.72,24.24 71.04,24.40 71.05,24.69 70.65,25.42 70.65,25.67 70.26,25.71 70.10,25.91 70.15,26.51 69.51,26.74 69.54,27.12 70.40,28.03 70.80,27.71 71.87,27.96 72.34,28.75 72.90,29.03 73.38,29.93 73.81,30.09 73.93,30.22 73.90,30.44 74.63,31.03 74.52,31.19 74.56,31.82 75.32,32.22 75.23,32.37 74.69,32.49 74.66,32.76 74.35,32.77 74.30,32.99 74.00,33.19 74.15,33.51 73.98,33.72 74.25,33.95 73.90,34.08 73.97,34.24 73.79,34.38 73.96,34.65 74.30,34.77 75.71,34.50 76.59,34.74 77.80,35.50 78.04,35.48 78.01,35.25 78.33,34.61 78.97,34.30 78.73,34.01 78.80,33.50 79.14,33.17 79.22,32.50 78.92,32.36 78.70,32.60 78.39,32.52 78.74,31.96 78.74,31.32 79.11,31.40 79.49,30.99 80.15,30.79 80.19,30.57 81.01,30.16 80.40,29.73 80.07,28.83 80.42,28.61 80.59,28.65 81.85,27.87 82.68,27.67 82.73,27.52 83.29,27.37 84.09,27.49 84.61,27.30 84.69,27.04 85.24,26.75 85.57,26.84 85.79,26.60 86.01,26.65 86.70,26.44 87.02,26.56 87.29,26.36 88.00,26.38 88.16,26.72 87.98,27.13 88.14,27.95 88.58,28.09 88.80,28.01 88.75,27.52 88.89,27.32 88.74,27.18 88.86,26.96 89.15,26.82 89.76,26.70 90.35,26.89 90.74,26.77 92.00,26.85 92.08,27.29 91.99,27.45 91.59,27.56 91.63,27.76 92.55,27.88 93.25,28.63 93.76,28.73 94.62,29.31 95.39,29.04 96.04,29.45 96.36,29.25 96.12,29.08 96.14,28.92 96.44,29.05 96.58,28.76 96.28,28.41 96.60,28.46 97.32,28.22 97.34,27.94 96.88,27.59 97.10,27.12 96.73,27.33 96.19,27.26 95.13,26.60 95.13,26.04 94.58,25.32 94.71,25.05 94.13,23.88 93.33,24.06 93.37,23.13 93.16,23.03 93.08,22.72 93.15,22.23 92.91,21.99 92.72,22.13 92.57,21.98 92.25,23.68 91.93,23.69 91.75,23.05 91.62,22.98 91.44,23.20 91.32,23.10 91.17,23.58 91.37,24.09 91.88,24.20 92.10,24.41 92.23,24.88 92.44,24.85 92.47,24.94 92.05,25.17 90.44,25.16 89.83,25.29 89.82,25.94 89.67,26.21 89.55,26.01 89.37,26.01 89.02,26.41 88.92,26.38 88.97,26.25 88.83,26.25 88.37,26.56 88.44,26.37 88.08,25.89 88.95,25.26 88.46,25.19 88.02,24.63 88.72,24.27 88.57,23.67 88.72,23.25 88.93,23.19 88.85,23.04 89.05,22.27 88.95,21.94 89.05,21.65 88.86,21.74 88.75,21.58 88.64,22.12 88.58,21.66 88.45,21.61 88.29,21.76 88.25,21.62 88.12,21.64 88.20,22.14 87.94,22.37 88.16,22.12 87.95,21.83 87.10,21.50 86.86,21.24 86.98,20.70 86.75,20.31 86.38,20.01 86.25,20.05 86.22,19.90 85.58,19.69 85.50,19.89 85.25,19.76 85.18,19.59 85.44,19.63 84.77,19.13 84.10,18.29 82.36,17.10 82.26,16.56 81.76,16.33 81.29,16.34 80.98,15.76 80.65,15.90 80.29,15.71 80.05,15.07 80.31,13.49 80.16,13.71 80.06,13.61 80.34,13.36 80.23,12.69 79.86,11.99 79.69,11.31 79.80,11.34 79.85,11.20 79.84,10.32 79.31,10.26 78.94,9.57 79.02,9.33 79.41,9.19 78.98,9.27 78.42,9.11 78.19,8.89 78.06,8.38 77.52,8.08 77.07,8.32 76.55,8.90 76.32,9.45 76.24,9.93 76.46,9.54 76.35,9.92 75.72,11.36 74.95,12.56 74.38,14.49 73.95,15.07 73.80,15.40 73.93,15.40 73.77,15.57 73.83,15.66 73.68,15.71 73.34,16.46 72.88,18.64 73.01,19.02 72.97,19.15 72.83,18.98 72.80,19.08 72.81,19.30 72.99,19.28 72.79,19.36 72.67,19.83 72.89,20.67 72.81,21.12 72.62,21.37 72.73,21.47 72.61,21.46 73.11,21.75 72.54,21.70 72.70,21.97 72.52,21.98 72.55,22.16 72.81,22.23 72.18,22.27 72.27,22.09 72.04,21.82 72.21,21.73 72.25,21.53 72.02,21.16 71.02,20.74 70.49,20.84 68.97,22.29 69.05,22.44 69.28,22.29 70.18,22.57 70.49,23.09 70.34,22.94 69.66,22.76 69.24,22.85 68.64,23.19 68.42,23.57 68.78,23.85 68.23,23.60 68.17,23.86
R|93.89,6.83 93.83,6.75 93.66,7.02 93.82,7.24 93.89,6.83
R|92.72,11.54 92.53,11.87 92.79,12.23 92.72,12.54 92.86,13.36 93.06,13.55 93.07,13.22 92.89,12.94 92.99,12.54 92.86,12.44 92.72,11.54
C|IS|Iceland|Europe|-18.67|64.78
R|-15.54,66.23 -14.60,66.38 -15.12,66.10 -14.70,66.02 -14.83,65.76 -14.39,65.79 -14.32,65.68 -14.47,65.58 -14.17,65.64 -13.62,65.52 -13.80,65.35 -13.64,65.28 -13.75,65.19 -13.56,65.12 -13.60,65.04 -13.85,64.99 -14.04,64.74 -14.39,64.75 -14.43,64.54 -14.63,64.42 -15.83,64.18 -16.64,63.87 -17.82,63.71 -17.95,63.54 -18.65,63.41 -20.20,63.56 -20.49,63.69 -20.41,63.81 -20.65,63.74 -21.11,63.94 -22.65,63.83 -22.70,64.08 -22.19,64.04 -21.46,64.38 -22.05,64.31 -21.90,64.39 -22.00,64.41 -21.95,64.51 -21.59,64.63 -22.11,64.53 -22.47,64.79 -23.82,64.74 -24.03,64.86 -21.89,65.05 -21.78,65.19 -22.51,65.20 -21.84,65.45 -22.90,65.58 -23.90,65.41 -24.48,65.53 -24.25,65.61 -23.86,65.54 -24.09,65.78 -23.62,65.68 -23.29,65.75 -23.83,65.85 -23.52,65.88 -23.78,66.02 -23.43,66.02 -23.60,66.11 -23.45,66.18 -23.02,65.98 -22.66,66.03 -22.62,65.87 -22.44,65.91 -22.45,66.07 -22.95,66.21 -22.48,66.27 -23.12,66.34 -22.89,66.44 -22.43,66.43 -21.41,66.03 -21.52,65.97 -21.31,65.90 -21.37,65.74 -21.66,65.72 -21.36,65.58 -21.43,65.47 -21.13,65.27 -20.80,65.64 -20.45,65.57 -20.36,66.03 -20.21,66.10 -19.49,65.77 -19.38,66.08 -18.85,66.18 -18.14,65.73 -18.30,66.16 -17.91,66.14 -17.55,65.96 -17.15,66.20 -16.49,66.20 -16.54,66.45 -16.25,66.52 -15.99,66.51 -15.54,66.23
C|HU|Hungary|Europe|19.45|47.09
R|22.13,48.41 22.77,48.11 22.88,47.95 22.00,47.51 21.50,46.70 21.04,46.24 20.24,46.11 19.61,46.17 18.44,45.77 17.96,45.77 17.31,46.00 16.52,46.50 16.28,46.86 16.09,46.86 16.45,47.01 16.44,47.40 16.68,47.54 16.42,47.67 17.07,47.71 17.15,48.01 17.76,47.77 18.72,47.79 18.79,48.00 19.63,48.22 19.95,48.15 20.33,48.30 20.49,48.53 21.45,48.55 21.72,48.35 22.13,48.41
C|HN|Honduras|North America|-86.89|14.79
R|-83.16,14.99 -83.54,14.98 -84.45,14.64 -84.86,14.81 -84.99,14.75 -85.18,14.34 -85.73,13.86 -86.04,14.05 -86.33,13.77 -86.76,13.75 -86.71,13.31 -87.06,12.99 -87.34,12.98 -87.49,13.35 -87.81,13.40 -87.72,13.81 -87.80,13.89 -88.15,13.99 -88.48,13.85 -89.12,14.37 -89.36,14.42 -89.17,14.61 -89.14,15.07 -88.23,15.73 -87.70,15.91 -86.91,15.76 -86.36,15.78 -85.94,15.95 -85.99,16.02 -85.48,15.90 -84.97,15.99 -84.56,15.80 -84.26,15.82 -83.78,15.44 -84.08,15.51 -84.10,15.40 -83.76,15.22 -83.50,15.22 -83.65,15.37 -83.16,14.99
C|HT|Haiti|North America|-72.22|19.26
R|-71.78,19.72 -71.65,19.16 -71.81,18.99 -71.74,18.73 -72.00,18.60 -71.76,18.34 -71.77,18.04 -72.06,18.23 -72.88,18.15 -73.39,18.25 -73.75,18.19 -73.88,18.04 -74.46,18.39 -74.39,18.62 -74.23,18.66 -72.79,18.43 -72.38,18.57 -72.35,18.67 -72.81,19.07 -72.70,19.44 -73.40,19.66 -73.32,19.85 -72.88,19.93 -71.78,19.72
C|GY|Guyana|South America|-58.94|5.12
R|-60.74,5.20 -61.39,5.94 -61.13,6.21 -61.15,6.69 -60.72,6.77 -60.35,7.00 -60.35,7.15 -60.63,7.21 -60.72,7.54 -60.51,7.81 -59.85,8.25 -60.02,8.55 -59.20,8.07 -58.48,7.33 -58.67,6.39 -58.30,6.88 -57.98,6.79 -57.19,6.10 -57.19,5.55 -57.32,5.34 -57.21,5.20 -57.33,5.02 -57.88,4.88 -57.85,4.67 -58.05,4.10 -57.65,3.39 -57.30,3.38 -57.20,2.85 -56.70,2.04 -56.48,1.94 -57.32,1.96 -57.55,1.73 -57.98,1.65 -58.03,1.52 -58.34,1.59 -58.51,1.28 -58.82,1.20 -59.23,1.38 -59.67,1.75 -59.76,2.27 -59.99,2.69 -59.85,3.59 -59.55,3.93 -59.74,4.23 -59.70,4.38 -60.15,4.53 -59.99,5.08 -60.14,5.24 -60.74,5.20
C|GW|Guinea-Bissau|Africa|-14.52|12.16
R|-16.71,12.35 -15.57,12.49 -15.20,12.68 -13.73,12.67 -13.71,12.31 -13.95,12.18 -13.74,12.01 -13.73,11.74 -14.68,11.51 -15.04,10.94 -15.05,11.14 -15.22,11.03 -15.22,11.16 -15.39,11.22 -15.35,11.40 -15.48,11.41 -15.07,11.60 -15.50,11.72 -15.47,11.84 -15.08,11.97 -15.94,11.79 -15.92,11.94 -16.33,12.05 -16.24,12.24 -16.71,12.35
C|GN|Guinea|Africa|-10.02|10.62
R|-10.28,8.49 -10.71,8.34 -10.50,8.69 -10.62,9.06 -10.75,9.10 -10.69,9.31 -11.21,9.98 -12.43,9.90 -13.03,9.10 -13.29,9.05 -13.44,9.42 -13.69,9.54 -13.69,9.93 -13.82,9.89 -14.05,10.14 -14.43,10.25 -14.61,10.55 -14.59,10.77 -14.68,10.69 -14.78,10.93 -15.05,10.83 -14.68,11.51 -13.73,11.74 -13.74,12.01 -13.95,12.18 -13.71,12.31 -13.73,12.67 -13.08,12.63 -13.06,12.49 -12.40,12.34 -11.39,12.40 -11.50,12.20 -11.31,12.02 -10.93,12.21 -10.71,11.90 -10.27,12.21 -9.75,12.03 -9.36,12.26 -9.40,12.46 -9.04,12.40 -8.82,11.67 -8.40,11.37 -8.67,11.01 -8.34,10.99 -8.27,10.49 -7.99,10.28 -8.16,9.97 -8.14,9.50 -7.90,9.42 -7.92,9.19 -7.78,9.08 -7.94,8.98 -7.95,8.79 -7.72,8.64 -7.68,8.41 -8.21,8.48 -8.26,8.25 -8.01,8.08 -8.21,7.59 -8.49,7.56 -8.66,7.69 -8.89,7.26 -9.12,7.22 -9.46,7.42 -9.37,7.70 -9.52,8.35 -9.78,8.54 -10.28,8.49
C|GT|Guatemala|North America|-90.50|14.98
R|-92.24,14.55 -92.07,15.07 -92.20,15.28 -91.74,16.07 -90.45,16.07 -90.42,16.39 -91.41,17.26 -90.99,17.25 -90.99,17.82 -89.16,17.81 -89.24,15.89 -88.60,15.76 -88.59,15.95 -88.23,15.73 -89.17,15.04 -89.17,14.61 -89.57,14.39 -89.55,14.24 -90.05,13.90 -90.10,13.74 -90.61,13.93 -91.38,13.99 -92.24,14.55
C|GD|Grenada|North America|-61.68|12.11
R|-61.72,12.01 -61.78,12.01 -61.76,12.05 -61.75,12.11 -61.71,12.19 -61.66,12.24 -61.61,12.22 -61.63,12.05 -61.72,12.01
C|GR|Greece|Europe|21.73|39.49
R|20.61,38.38 20.76,38.07 20.35,38.18 20.56,38.47 20.61,38.38
R|20.08,39.43 19.88,39.46 19.65,39.77 19.93,39.77 19.85,39.67 20.08,39.43
R|23.42,38.96 23.52,38.81 24.13,38.65 24.28,38.22 24.56,38.15 24.58,38.02 24.36,38.02 24.04,38.39 23.65,38.44 23.25,38.80 22.88,38.85 23.26,39.03 23.42,38.96
R|26.09,38.22 25.89,38.24 25.99,38.35 25.85,38.57 26.16,38.54 26.09,38.22
R|26.41,39.33 26.60,39.05 26.47,38.97 26.11,39.08 26.27,39.20 26.07,39.10 25.84,39.20 26.17,39.37 26.41,39.33
R|25.44,39.98 25.36,39.81 25.06,39.85 25.06,40.00 25.44,39.98
R|27.84,35.93 27.72,35.96 27.72,36.17 28.23,36.43 28.09,36.07 27.84,35.93
R|23.85,35.54 24.17,35.60 24.11,35.50 24.35,35.36 25.73,35.35 25.79,35.12 26.32,35.32 26.17,35.02 24.80,34.93 24.46,35.16 23.59,35.26 23.57,35.53 23.74,35.66 23.85,35.54
R|26.32,41.72 26.58,41.60 26.62,41.40 26.33,41.24 26.35,41.00 26.11,40.75 25.10,40.99 24.79,40.86 24.48,40.95 24.08,40.72 23.76,40.75 23.87,40.42 24.21,40.33 24.34,40.15 23.91,40.36 23.73,40.33 23.97,40.11 23.95,39.97 23.66,40.22 23.43,40.26 23.43,40.12 23.67,39.96 23.40,39.99 23.31,40.22 22.90,40.40 22.92,40.59 22.63,40.50 22.59,40.04 23.33,39.17 23.15,39.10 23.16,39.26 22.92,39.31 22.89,39.17 23.07,39.04 22.57,38.87 23.97,38.27 24.06,37.71 23.50,38.03 23.04,37.88 23.49,37.44 23.16,37.33 22.73,37.54 23.16,36.45 22.72,36.79 22.43,36.48 22.08,37.03 21.96,36.99 21.89,36.74 21.74,36.86 21.58,37.08 21.68,37.39 21.12,37.89 21.40,38.20 21.95,38.32 22.92,37.96 22.89,38.05 23.18,38.13 22.42,38.44 21.47,38.32 21.33,38.49 21.18,38.35 20.77,38.87 21.11,38.90 21.12,39.03 20.78,39.01 20.30,39.33 20.00,39.71 20.25,39.68 20.38,39.80 20.31,39.98 20.66,40.12 21.03,40.62 20.96,40.85 21.58,40.87 21.99,41.13 22.49,41.12 22.72,41.18 22.78,41.33 24.06,41.53 24.52,41.55 24.77,41.36 25.25,41.24 25.92,41.31 26.14,41.39 26.09,41.70 26.32,41.72
C|GH|Ghana|Africa|-1.04|7.72
R|-0.07,11.12 0.01,11.02 -0.09,10.67 0.38,10.29 0.26,9.64 0.34,9.60 0.23,9.46 0.53,9.40 0.49,8.85 0.37,8.76 0.69,8.35 0.50,7.55 0.63,7.35 0.53,6.85 0.74,6.45 1.19,6.09 0.95,5.81 0.26,5.76 -2.00,4.76 -3.11,5.09 -2.82,5.15 -2.75,5.43 -2.79,5.60 -3.00,5.71 -3.24,6.81 -2.99,7.20 -2.79,7.93 -2.51,8.21 -2.75,9.05 -2.77,10.24 -2.91,10.59 -2.83,11.00 -0.63,10.93 -0.30,11.17 -0.07,11.12
C|DE|Germany|Europe|9.68|50.96
R|9.52,47.52 8.57,47.78 8.40,47.69 8.57,47.64 8.43,47.59 7.57,47.61 7.62,48.16 8.13,48.97 7.45,49.15 6.74,49.16 6.34,49.45 6.49,49.80 6.26,49.87 6.11,50.09 6.36,50.32 6.34,50.45 5.86,51.03 6.13,51.15 6.20,51.45 5.95,51.80 6.74,51.91 6.72,52.08 7.02,52.27 7.00,52.42 6.69,52.53 6.75,52.63 7.01,52.63 7.18,52.97 7.20,53.28 7.05,53.38 7.21,53.65 8.01,53.69 8.17,53.54 8.11,53.47 8.25,53.45 8.33,53.61 8.50,53.39 8.62,53.88 9.21,53.86 9.78,53.55 8.98,53.93 8.91,54.26 8.64,54.29 8.96,54.54 8.67,54.90 9.62,54.86 10.02,54.67 9.87,54.47 10.73,54.32 11.01,54.38 11.01,54.18 10.81,54.08 10.92,54.00 11.40,53.94 12.11,54.17 12.58,54.47 13.03,54.41 13.45,54.14 13.72,54.15 13.87,53.85 14.26,53.73 14.41,53.20 14.13,52.88 14.62,52.53 14.55,52.36 14.75,52.08 14.60,51.83 14.72,51.52 14.94,51.44 14.96,51.10 14.77,50.82 14.32,51.04 14.37,50.90 13.56,50.70 12.94,50.41 12.55,50.39 12.28,50.18 12.09,50.27 12.51,49.90 12.39,49.74 12.63,49.46 13.77,48.82 13.79,48.59 13.49,48.58 13.37,48.36 12.76,48.11 12.95,47.89 12.90,47.72 13.05,47.66 13.01,47.48 12.69,47.67 12.21,47.72 12.19,47.62 11.04,47.39 10.44,47.55 10.18,47.28 9.97,47.51 9.52,47.52
R|13.71,54.38 13.71,54.28 13.36,54.25 13.16,54.36 13.18,54.54 13.42,54.70 13.66,54.56 13.58,54.46 13.71,54.38
C|GE|Georgia|Asia|43.74|41.87
R|43.44,41.11 42.75,41.58 42.47,41.44 41.51,41.52 41.76,41.97 41.49,42.66 39.98,43.42 40.15,43.57 40.65,43.53 41.58,43.22 42.76,43.17 43.78,42.75 43.83,42.57 44.51,42.75 44.77,42.62 44.87,42.76 45.71,42.50 45.64,42.21 46.43,41.89 46.18,41.66 46.67,41.29 46.53,41.09 45.28,41.45 44.84,41.21 43.44,41.11
C|GM|Gambia|Africa|-15.00|13.64
R|-16.56,13.59 -15.51,13.59 -15.43,13.73 -15.11,13.81 -14.41,13.50 -13.98,13.54 -13.83,13.41 -14.25,13.24 -15.15,13.56 -15.29,13.40 -15.81,13.33 -15.83,13.16 -16.76,13.06 -16.82,13.34 -16.67,13.47 -16.41,13.27 -15.43,13.47 -16.35,13.34 -16.56,13.59
C|GA|Gabon|Africa|11.84|-0.44
R|13.29,2.16 13.17,1.79 13.22,1.25 13.85,1.42 14.18,1.37 14.43,0.90 14.32,0.62 13.95,0.35 13.86,-0.20 14.47,-0.57 14.38,-1.89 14.16,-2.22 14.20,-2.35 13.99,-2.49 13.73,-2.14 13.46,-2.40 12.99,-2.31 12.79,-1.93 12.59,-1.83 12.43,-1.93 12.45,-2.33 11.61,-2.34 11.54,-2.84 11.93,-3.32 11.88,-3.67 11.69,-3.68 11.50,-3.52 11.13,-3.92 9.76,-2.52 10.06,-2.55 9.62,-2.37 9.30,-1.90 9.48,-1.89 9.27,-1.83 9.04,-1.31 9.32,-1.63 9.50,-1.56 9.30,-1.52 9.35,-1.32 9.06,-1.30 8.70,-0.59 8.95,-0.69 9.30,-0.35 9.35,0.34 9.47,0.16 9.80,0.04 10.00,0.19 9.55,0.30 9.32,0.55 9.50,0.66 9.62,0.58 9.59,1.03 11.34,1.00 11.35,2.30 13.22,2.26 13.29,2.16
C|FR|France|Europe|2.55|46.70
R|9.48,42.81 9.55,42.13 9.19,41.38 8.81,41.59 8.89,41.70 8.62,41.93 8.70,42.10 8.57,42.36 8.81,42.61 9.31,42.71 9.36,43.02 9.48,42.81
R|7.62,47.59 7.34,47.43 6.97,47.45 6.90,47.39 7.00,47.32 6.46,46.95 5.97,46.21 6.20,46.19 6.43,46.43 6.78,46.41 6.77,46.17 7.02,45.93 6.79,45.74 7.15,45.40 7.08,45.24 6.63,45.07 6.99,44.83 7.03,44.72 6.84,44.51 6.90,44.34 7.32,44.14 7.64,44.16 7.49,43.77 6.57,43.20 6.12,43.07 5.41,43.23 5.06,43.44 4.71,43.37 3.91,43.56 3.26,43.19 3.05,42.92 3.21,42.43 2.03,42.35 1.71,42.50 1.71,42.60 0.76,42.84 0.63,42.69 -0.04,42.69 -1.30,43.10 -1.46,43.05 -1.41,43.24 -1.79,43.41 -1.48,43.56 -1.25,44.56 -1.08,44.69 -1.15,44.76 -1.25,44.67 -1.08,45.53 -0.55,45.00 -0.79,45.47 -1.20,45.71 -1.03,45.74 -1.15,46.31 -1.79,46.51 -2.06,46.81 -2.02,47.04 -2.20,47.16 -2.03,47.27 -1.74,47.22 -2.50,47.31 -2.43,47.47 -2.77,47.51 -2.79,47.63 -4.31,47.82 -4.68,48.04 -4.33,48.17 -4.58,48.29 -4.24,48.30 -4.76,48.45 -4.53,48.62 -3.23,48.84 -2.69,48.54 -2.45,48.65 -2.00,48.58 -1.91,48.70 -1.38,48.65 -1.57,48.81 -1.58,49.20 -1.86,49.68 -1.26,49.68 -1.14,49.39 -0.16,49.30 0.42,49.45 0.13,49.51 0.19,49.70 1.25,50.00 1.59,50.25 1.67,50.89 2.52,51.10 2.76,50.75 3.11,50.78 3.27,50.53 3.60,50.48 3.69,50.31 4.17,50.25 4.18,49.96 4.55,49.96 4.82,50.15 4.87,49.79 5.51,49.51 6.24,49.49 6.53,49.39 6.74,49.16 7.45,49.15 8.13,48.97 7.62,48.16 7.53,47.67 7.62,47.59
R|55.80,-21.34 55.36,-21.27 55.23,-21.06 55.31,-20.90 55.66,-20.91 55.84,-21.14 55.80,-21.34
R|-60.83,14.49 -61.06,14.47 -61.01,14.60 -61.21,14.85 -60.93,14.76 -60.83,14.49
R|-61.33,16.23 -61.52,16.23 -61.47,16.51 -61.17,16.26 -61.33,16.23
R|-61.59,16.01 -61.76,16.06 -61.75,16.36 -61.55,16.27 -61.59,16.01
R|-54.62,2.33 -54.20,2.82 -54.20,3.14 -53.99,3.59 -54.35,4.05 -54.47,4.91 -53.92,5.77 -52.90,5.43 -52.29,4.94 -52.32,4.77 -52.22,4.86 -52.06,4.72 -52.00,4.35 -51.83,4.64 -51.65,4.06 -52.33,3.18 -52.70,2.36 -53.01,2.18 -53.33,2.34 -53.51,2.25 -53.77,2.35 -54.13,2.12 -54.62,2.33
C|PM|St. Pierre and Miquelon|North America|-56.33|47.04
R|-56.15,46.76 -56.17,46.75 -56.24,46.77 -56.21,46.80 -56.15,46.81 -56.14,46.80 -56.15,46.76
R|-56.27,46.84 -56.38,46.82 -56.36,47.10 -56.27,46.84
C|WF|Wallis and Futuna Is.|Oceania|-178.14|-14.29
R|-176.16,-13.33 -176.18,-13.34 -176.20,-13.30 -176.15,-13.22 -176.13,-13.27 -176.16,-13.33
R|-178.05,-14.32 -178.16,-14.31 -178.19,-14.26 -178.18,-14.23 -178.14,-14.24 -178.11,-14.28 -178.04,-14.30 -178.05,-14.32
C|MF|St-Martin|North America|-63.05|18.08
R|-63.01,18.07 -63.12,18.07 -63.11,18.09 -63.06,18.12 -63.01,18.10 -63.01,18.07
C|BL|St-Barthélemy|North America|-62.83|17.90
R|-62.83,17.88 -62.86,17.88 -62.87,17.92 -62.80,17.91 -62.83,17.88
C|PF|Fr. Polynesia|Oceania|-149.46|-17.63
R|-151.47,-16.66 -151.48,-16.67 -151.50,-16.65 -151.51,-16.57 -151.44,-16.62 -151.47,-16.66
R|-149.81,-17.55 -149.84,-17.57 -149.89,-17.55 -149.91,-17.50 -149.90,-17.47 -149.78,-17.49 -149.81,-17.55
R|-151.41,-16.88 -151.49,-16.86 -151.47,-16.74 -151.41,-16.77 -151.36,-16.86 -151.41,-16.88
R|-149.32,-17.69 -149.18,-17.74 -149.18,-17.86 -149.58,-17.73 -149.64,-17.56 -149.38,-17.52 -149.32,-17.69
R|-139.02,-9.70 -138.83,-9.74 -139.07,-9.85 -139.17,-9.77 -139.02,-9.70
R|-139.06,-9.93 -139.13,-10.01 -139.13,-9.93 -139.08,-9.92 -139.06,-9.93
R|-138.65,-10.52 -138.69,-10.53 -138.69,-10.43 -138.62,-10.46 -138.65,-10.52
R|-140.07,-8.91 -140.22,-8.93 -140.24,-8.80 -140.06,-8.80 -140.07,-8.91
R|-140.08,-9.43 -140.10,-9.44 -140.14,-9.36 -140.07,-9.33 -140.03,-9.34 -140.08,-9.43
R|-140.81,-17.86 -140.80,-17.88 -140.85,-17.87 -140.85,-17.83 -140.80,-17.75 -140.69,-17.68 -140.64,-17.68 -140.78,-17.75 -140.83,-17.84 -140.81,-17.86
R|-139.56,-8.94 -139.62,-8.95 -139.63,-8.90 -139.61,-8.87 -139.58,-8.86 -139.51,-8.90 -139.51,-8.92 -139.56,-8.94
R|-140.69,-18.38 -140.67,-18.42 -140.77,-18.36 -140.78,-18.33 -140.69,-18.38
R|-140.83,-18.19 -140.82,-18.22 -140.86,-18.20 -140.97,-18.06 -140.93,-18.08 -140.83,-18.19
R|-136.29,-18.54 -136.31,-18.57 -136.32,-18.55 -136.48,-18.47 -136.43,-18.47 -136.29,-18.54
R|-136.97,-18.34 -136.97,-18.36 -137.07,-18.27 -137.03,-18.27 -136.97,-18.34
R|-138.51,-20.86 -138.53,-20.88 -138.52,-20.85 -138.55,-20.80 -138.57,-20.79 -138.55,-20.77 -138.51,-20.81 -138.51,-20.86
R|-143.44,-16.62 -143.39,-16.67 -143.46,-16.64 -143.55,-16.62 -143.44,-16.62
R|-143.57,-16.63 -143.61,-16.64 -143.71,-16.58 -143.67,-16.58 -143.57,-16.63
R|-145.05,-15.86 -145.06,-15.90 -145.08,-15.86 -145.16,-15.76 -145.13,-15.76 -145.05,-15.86
R|-145.49,-16.33 -145.48,-16.35 -145.50,-16.35 -145.61,-16.17 -145.61,-16.08 -145.49,-16.33
C|NC|New Caledonia|Oceania|165.08|-21.06
R|164.20,-20.25 165.19,-20.77 165.66,-21.27 166.94,-22.09 166.97,-22.32 166.47,-22.26 164.93,-21.29 164.17,-20.48 164.04,-20.17 164.20,-20.25
R|168.01,-21.43 168.14,-21.45 168.12,-21.62 167.97,-21.64 167.82,-21.39 167.99,-21.34 168.01,-21.43
R|167.40,-21.16 167.07,-21.00 167.19,-20.80 167.06,-20.72 167.30,-20.73 167.40,-21.16
C|TF|Fr. S. Antarctic Lands|Seven seas (open ocean)|69.12|-49.30
R|69.18,-49.11 69.59,-48.97 69.64,-49.12 69.41,-49.18 69.54,-49.26 70.32,-49.06 70.56,-49.20 70.39,-49.43 70.17,-49.34 69.76,-49.43 69.99,-49.58 70.25,-49.53 70.12,-49.70 69.15,-49.53 68.87,-49.71 68.78,-49.65 68.83,-48.85 69.06,-48.66 69.14,-48.86 69.03,-49.02 69.18,-49.11
R|69.28,-49.06 69.17,-48.88 69.37,-48.89 69.28,-49.06
C|AX|Åland|Europe|19.87|60.16
R|19.99,60.35 20.24,60.28 20.19,60.19 19.75,60.10 19.69,60.27 19.85,60.22 19.82,60.39 19.99,60.35
R|19.66,60.19 19.67,60.16 19.60,60.16 19.58,60.14 19.54,60.14 19.52,60.18 19.55,60.24 19.63,60.25 19.66,60.19
R|20.61,60.04 20.60,60.02 20.52,60.01 20.49,60.03 20.40,60.04 20.49,60.07 20.57,60.07 20.61,60.04
C|FI|Finland|Europe|27.28|63.25
R|24.16,65.81 23.70,66.25 23.70,66.48 23.99,66.81 23.64,67.13 23.73,67.42 23.45,67.46 23.50,67.88 23.64,67.95 22.85,68.37 22.00,68.52 20.62,69.04 21.07,69.04 21.07,69.21 21.59,69.27 22.41,68.72 23.32,68.65 23.85,68.81 24.94,68.59 25.75,68.99 25.77,69.28 26.01,69.65 26.53,69.92 27.89,70.06 29.14,69.67 29.33,69.47 28.85,69.18 28.97,69.02 28.41,68.90 28.78,68.81 28.47,68.49 28.69,68.19 29.34,68.06 29.99,67.67 29.07,66.89 30.09,65.79 30.10,65.68 29.72,65.62 29.82,65.57 29.61,65.25 29.83,65.15 29.60,64.97 30.11,64.73 29.99,64.52 30.49,64.24 30.53,64.08 29.99,63.74 31.18,63.21 31.53,62.89 31.19,62.48 27.80,60.54 26.53,60.41 26.57,60.62 26.38,60.42 25.96,60.47 26.04,60.34 25.76,60.27 25.66,60.33 24.45,60.02 23.46,59.99 22.96,59.83 23.20,60.02 22.87,60.22 22.79,60.08 22.46,60.03 22.58,60.38 21.44,60.60 21.36,60.97 21.57,61.48 21.50,61.55 21.61,61.59 21.26,61.99 21.34,62.28 21.10,62.62 21.47,63.03 21.65,63.04 21.55,63.20 22.32,63.31 22.24,63.44 22.53,63.65 23.60,64.04 24.56,64.80 25.29,64.86 25.35,65.48 24.67,65.67 24.63,65.86 24.16,65.81
C|FJ|Fiji|Oceania|177.98|-17.83
R|180.00,-16.17 179.56,-16.64 179.57,-16.75 179.93,-16.52 179.93,-16.74 179.42,-16.81 179.20,-16.71 178.71,-16.98 178.50,-16.79 178.58,-16.62 180.00,-16.17
R|178.28,-17.37 178.59,-17.65 178.67,-18.08 177.96,-18.26 177.32,-18.08 177.26,-17.86 177.50,-17.54 177.82,-17.39 178.28,-17.37
R|178.49,-18.97 178.49,-19.02 178.36,-19.05 178.29,-19.00 178.16,-19.12 178.02,-19.15 177.96,-19.12 178.05,-19.06 178.10,-19.07 178.21,-18.97 178.33,-18.93 178.49,-18.97
C|ET|Ethiopia|Africa|39.09|8.03
R|35.27,5.49 34.98,5.86 34.71,6.66 33.90,7.51 33.08,7.82 33.01,7.95 33.28,8.44 33.95,8.44 34.09,8.58 34.08,9.51 34.31,10.19 34.28,10.53 34.57,10.88 34.77,10.75 34.93,10.86 35.11,11.82 35.67,12.62 36.11,12.73 36.52,14.26 37.02,14.27 37.26,14.45 37.57,14.15 37.88,14.85 38.43,14.43 39.07,14.63 39.20,14.48 40.14,14.46 40.82,14.11 42.38,12.47 41.79,11.69 41.80,10.98 42.56,11.08 42.92,11.00 42.66,10.60 42.84,10.20 43.48,9.38 43.98,9.01 46.98,8.00 47.98,8.00 44.94,4.91 43.58,4.85 43.13,4.64 42.86,4.32 42.02,4.14 41.88,3.98 41.14,3.96 40.77,4.27 39.84,3.85 39.49,3.46 38.09,3.65 36.91,4.41 36.02,4.47 35.76,4.81 35.75,5.34 35.33,5.36 35.27,5.49
C|EE|Estonia|Europe|25.87|58.72
R|27.35,57.53 26.46,57.54 25.99,57.84 25.28,58.05 24.32,57.87 24.53,58.35 24.11,58.27 23.77,58.36 23.51,58.66 23.68,58.79 23.50,58.79 23.43,58.92 23.49,59.20 24.08,59.29 24.05,59.37 24.38,59.47 25.44,59.52 25.51,59.64 26.97,59.45 28.01,59.48 28.15,59.37 27.90,59.28 27.43,58.79 27.50,58.22 27.78,57.87 27.54,57.80 27.35,57.53
R|22.62,58.62 23.32,58.45 22.37,58.22 22.00,57.93 22.19,58.15 21.88,58.26 21.98,58.39 21.86,58.50 22.62,58.62
R|22.92,58.83 22.54,58.69 22.41,58.86 22.06,58.94 22.65,59.09 22.91,58.99 23.01,58.83 22.92,58.83
C|ER|Eritrea|Africa|38.29|15.79
R|36.52,14.26 36.43,15.13 36.91,16.30 37.01,17.06 37.41,17.06 37.55,17.32 38.25,17.58 38.61,18.01 39.03,17.09 39.30,15.92 39.79,15.12 39.86,15.47 40.20,15.01 41.18,14.62 41.66,13.98 42.25,13.59 42.40,13.21 42.52,13.22 42.80,12.86 42.97,12.81 43.00,12.90 43.12,12.71 42.87,12.62 42.70,12.38 42.38,12.47 40.82,14.11 40.14,14.46 39.20,14.48 39.02,14.63 38.43,14.43 37.88,14.85 37.57,14.15 37.26,14.45 37.02,14.27 36.52,14.26
C|GQ|Eq. Guinea|Africa|8.99|2.33
R|8.74,3.76 8.91,3.76 8.95,3.63 8.70,3.22 8.47,3.26 8.46,3.45 8.74,3.76
R|11.33,2.17 11.34,1.00 9.91,0.96 9.39,1.14 9.81,1.93 9.80,2.30 9.98,2.17 11.33,2.17
C|SV|El Salvador|North America|-88.89|13.69
R|-89.36,14.42 -89.12,14.37 -88.48,13.85 -88.15,13.99 -87.73,13.84 -87.82,13.29 -88.18,13.16 -88.69,13.28 -88.51,13.18 -90.10,13.74 -90.05,13.90 -89.55,14.24 -89.57,14.39 -89.36,14.42
C|EG|Egypt|Africa|29.45|26.19
R|36.87,22.00 31.43,22.00 31.40,22.20 31.21,21.99 24.98,22.00 24.98,29.18 24.70,30.20 24.96,30.68 24.85,31.33 25.15,31.65 25.38,31.51 25.89,31.62 27.25,31.38 29.07,30.83 30.22,31.26 30.40,31.46 30.92,31.57 30.56,31.42 31.00,31.46 31.08,31.60 31.52,31.46 31.89,31.54 32.14,31.34 31.89,31.48 31.77,31.29 32.10,31.09 32.28,31.20 32.22,31.29 32.60,31.07 33.67,31.13 34.20,31.32 34.90,29.48 34.22,27.76 33.25,28.57 32.57,29.97 32.36,29.63 32.90,28.57 33.55,27.90 33.55,27.61 33.85,27.18 33.96,26.65 35.19,24.48 35.78,23.94 35.54,23.92 35.50,23.78 35.70,22.95 36.23,22.63 36.87,22.00
C|EC|Ecuador|South America|-78.19|-1.26
R|-75.28,-0.11 -75.63,-0.12 -75.26,-0.59 -75.25,-0.95 -75.41,-0.92 -75.57,-1.53 -76.09,-2.13 -76.68,-2.56 -77.86,-2.98 -78.18,-3.35 -78.16,-3.47 -78.35,-3.40 -78.69,-4.56 -79.03,-4.97 -79.33,-4.93 -79.64,-4.45 -80.14,-4.30 -80.48,-4.43 -80.35,-4.21 -80.49,-4.17 -80.49,-4.01 -80.18,-3.88 -80.32,-3.39 -79.96,-3.16 -79.73,-2.58 -79.84,-2.07 -79.93,-2.55 -80.03,-2.56 -80.01,-2.35 -80.28,-2.71 -80.93,-2.27 -80.76,-1.93 -80.90,-1.08 -80.55,-0.85 -80.46,-0.59 -80.28,-0.62 -80.48,-0.37 -80.05,0.16 -80.04,0.83 -78.90,1.21 -78.86,1.46 -78.18,0.97 -77.70,0.84 -77.40,0.39 -76.49,0.24 -76.27,0.44 -75.28,-0.11
R|-80.13,-2.97 -80.27,-3.00 -80.22,-2.75 -79.91,-2.73 -80.13,-2.97
R|-90.33,-0.77 -90.53,-0.58 -90.27,-0.48 -90.19,-0.66 -90.33,-0.77
R|-91.27,0.03 -90.80,-0.75 -90.91,-0.94 -91.13,-1.02 -91.42,-1.00 -91.50,-0.86 -91.12,-0.56 -91.43,-0.02 -91.60,0.00 -91.36,0.13 -91.27,0.03
C|DO|Dominican Rep.|North America|-70.65|19.10
R|-71.77,18.04 -71.76,18.34 -72.00,18.60 -71.74,18.73 -71.81,18.99 -71.65,19.16 -71.78,19.72 -71.56,19.90 -70.95,19.91 -70.19,19.64 -69.96,19.67 -69.74,19.30 -69.23,19.27 -69.62,19.12 -68.68,18.90 -68.34,18.61 -68.69,18.21 -68.93,18.41 -69.27,18.44 -69.77,18.44 -70.48,18.22 -70.64,18.34 -71.03,18.27 -71.44,17.64 -71.77,18.04
C|DM|Dominica|North America|-61.34|15.46
R|-61.28,15.25 -61.38,15.23 -61.46,15.63 -61.28,15.53 -61.28,15.25
C|DJ|Djibouti|Africa|42.50|11.98
R|43.25,11.50 42.92,11.00 42.56,11.08 41.80,10.98 41.79,11.69 42.45,12.52 42.70,12.38 42.87,12.62 43.12,12.71 43.35,12.37 43.38,12.09 42.52,11.57 43.25,11.50
C|GL|Greenland|North America|-39.34|74.32
R|-29.95,83.56 -25.80,83.26 -31.99,83.09 -32.03,82.98 -25.12,83.16 -24.47,82.88 -21.69,82.68 -21.52,82.60 -21.62,82.55 -23.12,82.32 -29.58,82.16 -29.89,82.05 -29.54,81.94 -27.84,82.05 -25.15,82.00 -24.29,81.70 -23.50,81.77 -23.10,82.01 -21.34,82.07 -21.13,81.93 -21.23,81.60 -23.07,80.93 -23.20,80.85 -23.12,80.78 -19.63,81.64 -17.46,81.40 -16.12,81.78 -14.24,81.81 -12.43,81.68 -11.43,81.46 -13.13,81.09 -14.45,80.99 -14.23,80.87 -14.50,80.76 -16.76,80.57 -15.94,80.43 -16.49,80.25 -18.07,80.17 -19.43,80.26 -20.15,80.01 -20.07,79.77 -19.35,79.73 -19.41,79.35 -18.99,79.18 -21.13,78.66 -20.96,78.56 -21.73,77.71 -21.38,77.70 -20.86,77.91 -19.49,77.72 -19.30,77.62 -19.47,77.57 -20.16,77.69 -20.68,77.62 -20.46,77.45 -19.30,77.22 -18.44,77.26 -18.29,77.13 -18.34,76.92 -18.61,76.76 -20.49,76.92 -21.61,76.69 -22.33,76.79 -22.61,76.68 -21.88,76.57 -21.49,76.27 -20.89,76.30 -19.86,76.12 -19.96,76.00 -19.51,75.76 -19.40,75.49 -19.38,75.30 -19.53,75.18 -20.48,75.31 -21.65,75.02 -22.23,75.12 -21.70,74.96 -20.99,75.07 -20.80,74.81 -21.04,74.65 -20.86,74.64 -20.42,74.98 -19.98,74.98 -19.29,74.55 -19.27,74.34 -21.13,74.11 -21.95,74.24 -21.76,74.48 -21.98,74.57 -21.97,74.39 -22.33,74.29 -22.20,74.21 -22.34,74.06 -20.37,73.85 -20.51,73.49 -20.64,73.46 -22.35,73.27 -23.23,73.40 -24.16,73.76 -24.68,73.60 -25.52,73.85 -24.79,73.51 -26.06,73.25 -27.27,73.44 -26.54,73.25 -27.56,73.14 -27.35,73.07 -25.06,73.40 -24.13,73.41 -22.04,72.92 -22.07,72.40 -22.28,72.34 -22.29,72.12 -24.07,72.50 -24.63,73.04 -26.66,72.72 -24.81,72.90 -24.65,72.58 -25.12,72.35 -24.57,72.42 -21.96,71.74 -22.50,71.50 -22.48,71.38 -22.42,71.25 -22.30,71.43 -21.75,71.48 -21.52,70.53 -22.38,70.46 -22.44,70.86 -22.69,70.44 -23.33,70.45 -23.97,70.65 -24.56,71.22 -25.89,71.57 -27.09,71.63 -27.11,71.53 -25.84,71.48 -25.70,71.37 -25.74,71.18 -26.72,70.95 -28.40,70.99 -27.99,70.90 -28.07,70.70 -29.07,70.44 -26.62,70.46 -26.58,70.36 -27.56,70.12 -27.63,70.03 -27.38,69.99 -27.03,70.20 -25.53,70.35 -23.67,70.14 -22.28,70.13 -22.29,70.03 -23.03,69.90 -23.05,69.79 -23.87,69.74 -23.74,69.59 -24.30,69.59 -24.30,69.44 -25.19,69.26 -25.09,69.17 -25.70,68.89 -26.48,68.68 -30.20,68.20 -30.72,68.25 -30.61,68.12 -30.98,68.06 -32.33,68.44 -32.18,68.26 -32.37,68.21 -32.16,67.99 -33.11,67.66 -34.10,66.73 -34.63,66.43 -35.19,66.25 -35.87,66.44 -35.63,66.14 -36.38,65.83 -36.53,66.01 -36.67,65.79 -37.06,65.87 -37.75,65.59 -38.00,65.71 -37.28,66.30 -38.16,66.39 -37.75,66.26 -38.14,65.90 -38.52,66.01 -38.22,65.84 -38.20,65.71 -40.17,65.56 -39.58,65.34 -39.65,65.29 -40.25,65.05 -41.09,65.04 -40.97,64.87 -40.66,64.92 -40.18,64.48 -40.78,64.22 -41.58,64.30 -41.03,64.12 -40.62,64.13 -40.55,63.73 -40.78,63.53 -41.05,63.51 -41.11,63.27 -41.39,63.06 -42.17,63.21 -41.63,62.97 -41.91,62.74 -42.94,62.72 -42.15,62.57 -42.32,62.15 -42.11,61.86 -42.59,61.72 -42.35,61.62 -42.72,60.77 -43.04,60.52 -43.92,60.60 -43.21,60.39 -43.12,60.06 -43.32,59.93 -43.96,60.03 -43.66,59.86 -43.91,59.82 -44.41,59.92 -44.22,60.27 -44.61,60.02 -45.38,60.20 -45.37,60.37 -44.97,60.46 -44.76,60.66 -45.38,60.44 -46.05,60.62 -46.14,60.78 -45.87,61.22 -46.87,60.82 -48.18,60.77 -48.21,60.86 -47.77,61.00 -48.39,61.00 -48.43,61.19 -48.92,61.28 -49.05,61.52 -49.29,61.59 -49.19,61.69 -49.38,61.89 -48.83,62.08 -49.62,62.00 -49.67,62.15 -49.55,62.23 -50.32,62.47 -50.30,62.72 -49.79,63.04 -50.39,62.82 -51.47,63.64 -51.55,64.01 -50.26,64.21 -50.49,64.21 -50.44,64.31 -51.54,64.10 -51.71,64.21 -51.23,64.56 -50.83,64.56 -50.68,64.68 -50.36,64.68 -50.01,64.45 -50.12,64.70 -50.52,64.77 -50.96,65.20 -50.72,64.80 -51.22,64.63 -51.14,64.79 -51.26,64.76 -51.92,64.22 -52.09,64.42 -52.26,65.15 -52.54,65.33 -51.62,65.71 -51.09,65.78 -51.72,65.72 -52.55,65.46 -52.76,65.59 -53.20,65.59 -53.11,65.98 -53.39,66.05 -51.23,66.88 -53.04,66.20 -53.61,66.15 -53.63,66.41 -53.42,66.65 -53.04,66.83 -52.39,66.88 -53.69,66.99 -53.88,67.14 -53.80,67.42 -52.51,67.76 -50.61,67.53 -51.17,67.69 -50.97,67.81 -51.77,67.74 -52.34,67.84 -53.74,67.55 -53.15,68.21 -51.60,68.05 -51.21,68.33 -51.21,68.42 -52.20,68.22 -53.38,68.30 -53.04,68.61 -52.60,68.71 -51.62,68.53 -51.13,68.60 -50.80,68.79 -51.25,68.74 -51.08,69.13 -50.30,69.17 -51.08,69.21 -50.80,69.66 -50.35,69.80 -50.50,69.94 -50.32,70.03 -52.25,70.06 -53.02,70.30 -54.01,70.42 -54.53,70.70 -54.17,70.82 -52.80,70.75 -51.52,70.44 -50.68,70.40 -51.32,70.59 -51.26,70.85 -51.77,71.01 -51.02,71.00 -51.38,71.12 -53.01,71.18 -53.12,71.31 -52.89,71.46 -51.78,71.68 -53.44,71.58 -53.14,71.81 -53.33,71.79 -53.42,72.00 -53.69,72.16 -53.81,72.29 -53.65,72.36 -53.93,72.32 -53.46,71.89 -54.02,71.66 -53.96,71.46 -54.69,71.37 -55.59,71.55 -55.67,71.69 -55.32,72.11 -54.84,72.36 -55.58,72.18 -55.64,72.30 -55.30,72.35 -55.60,72.45 -54.92,72.57 -54.74,72.70 -54.74,72.87 -55.07,73.02 -55.67,73.01 -55.69,73.11 -55.29,73.33 -55.45,73.46 -55.74,73.38 -56.10,73.56 -55.84,73.76 -56.23,74.13 -57.23,74.13 -56.71,74.22 -56.72,74.43 -56.26,74.53 -58.57,75.35 -58.25,75.51 -58.52,75.69 -61.19,76.16 -63.29,76.35 -65.37,76.13 -65.88,76.24 -66.47,76.14 -66.99,76.21 -67.05,76.15 -66.67,75.98 -66.83,75.97 -68.32,76.09 -69.48,76.40 -68.11,76.65 -69.67,76.74 -69.89,76.83 -69.69,76.99 -70.61,76.82 -71.15,77.07 -70.60,77.19 -68.98,77.20 -68.14,77.38 -66.39,77.28 -66.45,77.39 -66.31,77.56 -66.82,77.69 -67.69,77.52 -68.62,77.60 -69.35,77.47 -70.54,77.70 -70.11,77.84 -71.27,77.81 -72.82,78.19 -72.58,78.28 -72.71,78.36 -72.47,78.48 -71.65,78.62 -68.99,78.86 -69.03,78.94 -68.38,79.04 -65.83,79.17 -65.29,79.44 -64.79,80.00 -64.18,80.10 -66.84,80.08 -67.20,80.22 -67.00,80.41 -64.52,81.00 -63.72,81.06 -63.03,80.89 -63.24,81.08 -62.99,81.21 -61.44,81.13 -61.10,81.40 -61.20,81.75 -60.43,81.92 -59.28,81.88 -56.62,81.36 -59.26,82.01 -54.55,82.35 -53.67,82.16 -53.56,81.65 -53.04,81.87 -52.93,82.04 -53.10,82.12 -53.02,82.32 -50.89,81.90 -49.54,81.92 -50.94,82.38 -50.99,82.46 -50.04,82.47 -48.86,82.41 -44.73,81.78 -44.53,81.85 -44.64,82.10 -44.55,82.26 -44.24,82.37 -44.33,82.47 -45.56,82.75 -41.37,82.75 -46.14,82.86 -46.48,82.95 -46.17,83.06 -45.41,83.02 -43.01,83.26 -41.30,83.10 -40.36,83.33 -38.16,83.00 -37.93,83.16 -38.75,83.37 -37.72,83.50 -29.95,83.56
R|-52.73,69.94 -52.05,69.81 -51.90,69.60 -53.58,69.26 -54.18,69.40 -53.66,69.47 -53.83,69.54 -54.92,69.71 -54.79,69.95 -54.32,69.94 -54.83,70.13 -54.37,70.32 -53.30,70.21 -52.73,69.94
R|-51.01,69.55 -51.23,69.55 -51.35,69.85 -50.68,69.85 -50.91,69.76 -51.01,69.55
R|-53.54,71.04 -53.96,71.13 -53.58,71.30 -53.43,71.15 -53.54,71.04
R|-55.02,72.79 -55.57,72.56 -56.21,72.72 -55.02,72.79
R|-71.67,77.33 -72.49,77.39 -71.98,77.46 -71.43,77.39 -71.67,77.33
R|-44.86,82.08 -46.75,82.35 -47.35,82.60 -46.40,82.69 -44.92,82.48 -44.75,82.40 -44.86,82.08
R|-25.43,70.92 -25.40,70.65 -26.22,70.45 -26.60,70.55 -28.04,70.49 -27.62,70.91 -26.62,70.88 -25.82,71.04 -25.43,70.92
R|-18.66,81.85 -19.03,81.83 -19.61,82.08 -19.31,82.12 -18.66,81.85
R|-17.61,79.83 -18.66,79.72 -19.14,79.85 -17.98,80.06 -17.47,80.03 -17.40,79.94 -17.61,79.83
R|-19.00,77.97 -19.13,77.94 -19.31,78.34 -18.94,78.42 -18.88,78.11 -19.00,77.97
R|-18.58,76.04 -18.70,76.02 -19.09,76.43 -19.06,76.69 -18.73,76.64 -18.58,76.04
R|-18.00,75.41 -17.89,75.20 -17.39,75.04 -18.89,75.07 -18.86,75.32 -18.00,75.41
R|-46.27,60.78 -46.38,60.66 -46.79,60.78 -46.21,60.94 -46.27,60.78
C|FO|Faeroe Is.|Europe|-7.06|62.19
R|-6.62,61.81 -6.64,61.77 -6.67,61.77 -6.84,61.84 -6.88,61.90 -6.79,61.90 -6.66,61.86 -6.62,61.81
R|-6.70,61.44 -6.68,61.41 -6.70,61.42 -6.89,61.53 -6.93,61.63 -6.91,61.63 -6.88,61.60 -6.74,61.57 -6.74,61.54 -6.70,61.50 -6.70,61.44
R|-7.19,62.14 -7.07,62.07 -7.18,62.04 -7.42,62.14 -7.19,62.14
R|-6.63,62.23 -6.66,62.09 -6.84,62.12 -6.73,61.95 -7.17,62.29 -6.63,62.23
R|-6.41,62.26 -6.54,62.21 -6.55,62.36 -6.41,62.26
C|DK|Denmark|Europe|9.02|55.97
R|12.57,55.79 12.55,55.66 12.22,55.47 12.41,55.29 12.09,55.19 12.05,54.82 11.86,54.77 11.65,55.19 11.29,55.20 10.98,55.72 11.32,55.75 11.63,55.96 11.69,55.73 11.82,55.70 11.87,55.97 12.22,56.12 12.58,56.06 12.57,55.79
R|9.74,54.83 8.67,54.90 8.62,55.42 8.13,55.60 8.16,56.61 8.67,56.50 8.89,56.74 9.20,56.70 9.25,57.01 8.99,57.02 8.77,56.73 8.47,56.66 8.27,56.75 8.43,56.98 8.62,57.11 9.43,57.17 9.96,57.58 10.61,57.74 10.44,57.56 10.52,57.24 10.30,57.00 10.28,56.62 10.93,56.44 10.75,56.24 10.32,56.21 10.18,55.87 9.90,55.84 10.02,55.76 9.59,55.49 9.67,55.27 9.45,55.04 9.73,54.97 9.74,54.83
R|10.65,55.61 10.82,55.32 10.79,55.13 10.62,55.05 9.99,55.16 9.86,55.36 9.86,55.52 10.65,55.61
R|11.36,54.89 11.74,54.81 11.77,54.68 11.46,54.63 11.04,54.77 11.06,54.94 11.36,54.89
R|15.09,55.02 14.68,55.10 14.71,55.24 15.13,55.14 15.09,55.02
C|CZ|Czechia|Europe|15.38|49.88
R|18.83,49.51 18.16,49.26 18.09,49.07 17.76,48.89 17.14,48.84 16.95,48.60 16.54,48.80 16.06,48.75 14.99,49.00 14.92,48.77 14.69,48.60 14.19,48.58 12.68,49.41 12.39,49.74 12.51,49.90 12.09,50.30 12.28,50.18 12.55,50.39 12.94,50.41 13.56,50.70 14.37,50.90 14.28,51.03 14.55,50.99 14.72,50.81 14.98,50.89 14.99,51.01 16.01,50.61 16.36,50.62 16.21,50.42 16.64,50.10 16.99,50.24 16.88,50.43 17.42,50.25 17.70,50.31 17.63,50.12 18.56,49.88 18.83,49.51
C|CY|Cyprus|Asia|33.08|34.91
R|32.71,35.17 32.92,35.09 33.38,35.16 33.48,35.00 33.87,35.09 34.05,34.99 33.70,34.97 32.94,34.58 32.45,34.73 32.32,34.95 32.30,35.08 32.71,35.17
C|CU|Cuba|North America|-77.98|21.33
R|-81.84,23.16 -80.65,23.10 -80.36,22.94 -79.82,22.89 -79.28,22.41 -78.69,22.37 -77.64,21.80 -77.50,21.87 -77.14,21.64 -77.37,21.61 -77.25,21.48 -77.10,21.59 -76.87,21.33 -75.72,21.11 -75.60,20.99 -75.72,20.71 -74.88,20.65 -74.17,20.29 -74.15,20.17 -75.12,19.90 -75.15,20.01 -75.29,19.89 -76.16,19.99 -77.72,19.86 -77.10,20.41 -77.23,20.64 -78.12,20.76 -78.49,21.05 -78.73,21.59 -79.36,21.59 -80.23,21.87 -80.49,22.12 -81.04,22.07 -81.19,22.27 -81.28,22.11 -81.85,22.21 -82.08,22.39 -81.71,22.50 -81.84,22.67 -82.74,22.69 -83.38,22.22 -83.90,22.17 -84.03,21.94 -84.50,21.78 -84.50,21.93 -84.84,21.83 -84.33,22.07 -84.36,22.38 -84.04,22.67 -83.26,22.97 -81.84,23.16
R|-82.56,21.57 -82.96,21.44 -83.18,21.59 -82.97,21.59 -83.08,21.79 -82.99,21.94 -82.71,21.89 -82.56,21.57
C|HR|Croatia|Europe|16.37|45.81
R|13.58,45.52 14.37,45.48 14.57,45.66 14.79,45.48 15.34,45.47 15.28,45.73 15.65,45.86 15.61,46.17 16.23,46.37 16.32,46.53 16.75,46.42 17.81,45.79 18.36,45.75 18.91,45.93 18.84,45.84 19.06,45.51 19.00,45.40 19.40,45.19 19.14,45.20 19.09,44.93 18.94,44.87 18.66,45.08 17.81,45.08 16.92,45.28 16.53,45.22 16.29,45.01 16.03,45.19 15.79,45.18 15.74,44.77 16.10,44.52 16.30,44.12 17.27,43.45 17.65,43.01 17.59,42.94 16.90,43.39 15.99,43.52 15.19,44.17 15.12,44.26 15.47,44.27 14.98,44.60 14.85,45.08 14.55,45.30 14.31,45.34 13.86,44.84 13.63,45.11 13.58,45.52
R|18.44,42.56 18.52,42.43 17.82,42.80 17.05,43.01 17.80,42.90 18.44,42.56
C|CI|Côte d'Ivoire|Africa|-5.57|7.49
R|-7.99,10.16 -7.50,10.44 -7.36,10.26 -7.02,10.14 -6.95,10.34 -6.69,10.35 -6.65,10.66 -6.42,10.56 -6.43,10.67 -6.26,10.72 -6.24,10.26 -6.12,10.20 -5.56,10.44 -5.10,10.24 -4.97,9.93 -4.63,9.71 -4.33,9.65 -3.79,9.92 -3.22,9.90 -2.82,9.43 -2.70,9.48 -2.75,9.05 -2.51,8.21 -2.79,7.93 -3.24,6.65 -3.00,5.71 -2.79,5.60 -2.82,5.15 -3.17,5.20 -3.20,5.35 -3.35,5.13 -4.12,5.31 -4.61,5.24 -4.04,5.23 -4.90,5.14 -5.28,5.21 -5.37,5.15 -5.06,5.13 -5.91,5.01 -7.54,4.35 -7.45,5.84 -7.80,5.98 -7.89,6.23 -8.60,6.51 -8.30,6.98 -8.49,7.56 -8.23,7.56 -8.01,8.08 -8.26,8.25 -8.24,8.46 -7.68,8.41 -7.72,8.64 -7.95,8.79 -7.94,8.98 -7.78,9.08 -7.92,9.19 -7.90,9.42 -8.14,9.50 -8.16,9.97 -7.99,10.16
C|CR|Costa Rica|North America|-84.08|10.07
R|-82.56,9.58 -82.80,9.59 -82.94,9.45 -82.94,9.06 -82.73,8.92 -82.92,8.74 -82.86,8.45 -83.03,8.34 -82.88,8.07 -83.29,8.66 -83.47,8.71 -83.29,8.41 -83.60,8.48 -83.73,8.61 -83.61,8.80 -83.74,9.15 -84.58,9.57 -84.71,9.90 -85.03,10.12 -85.26,10.26 -84.89,9.82 -85.11,9.58 -85.31,9.81 -85.62,9.90 -85.85,10.29 -85.67,10.75 -85.91,10.90 -85.58,11.19 -84.91,10.95 -84.70,11.05 -84.35,10.98 -84.17,10.78 -83.92,10.74 -83.64,10.92 -83.35,10.32 -82.56,9.58
C|CD|Dem. Rep. Congo|Africa|23.46|-1.86
R|30.75,-8.19 28.90,-8.49 28.87,-8.79 28.40,-9.22 28.63,-9.83 28.64,-10.67 28.36,-11.48 28.48,-11.81 29.06,-12.35 29.49,-12.42 29.51,-12.23 29.80,-12.16 29.78,-13.44 29.55,-13.25 29.11,-13.40 28.55,-12.84 28.41,-12.52 27.53,-12.20 27.16,-11.58 26.82,-11.97 26.03,-11.89 25.35,-11.62 25.29,-11.21 24.38,-11.42 24.37,-11.13 23.97,-10.87 23.83,-11.01 22.56,-11.06 22.28,-11.19 22.18,-10.89 22.31,-10.69 22.27,-10.26 21.81,-9.47 21.91,-8.69 21.78,-7.31 20.61,-7.28 20.59,-6.92 19.88,-6.99 19.53,-7.14 19.34,-7.97 18.56,-7.94 17.58,-8.10 16.98,-7.26 16.70,-6.16 16.43,-5.90 13.00,-5.84 12.51,-6.00 12.21,-5.76 12.50,-5.70 12.45,-5.07 12.83,-4.74 13.14,-4.60 13.41,-4.84 13.66,-4.72 13.72,-4.45 13.94,-4.48 14.36,-4.30 14.41,-4.83 14.71,-4.88 15.99,-3.77 16.22,-3.03 16.22,-2.18 16.88,-1.23 17.75,-0.55 18.07,2.01 18.62,3.30 18.57,4.26 19.07,4.89 19.69,5.12 20.23,4.83 20.56,4.46 22.42,4.13 22.86,4.72 23.42,4.66 24.32,4.99 25.07,4.97 25.53,5.31 26.82,5.06 27.11,5.20 27.40,5.11 28.19,4.35 28.43,4.32 28.73,4.50 29.22,4.39 29.47,4.61 29.68,4.59 30.19,3.98 30.90,3.46 30.73,2.46 31.27,2.15 30.94,1.68 29.94,0.82 29.93,0.50 29.72,0.10 29.58,-1.39 29.20,-1.72 29.13,-2.20 28.86,-2.45 29.22,-3.05 29.21,-3.83 29.40,-4.45 29.32,-4.90 29.61,-5.72 29.48,-6.03 29.54,-6.31 29.71,-6.62 30.21,-7.04 30.75,-8.19
C|CG|Congo|Africa|15.90|0.14
R|11.13,-3.92 11.50,-3.52 11.69,-3.68 11.88,-3.67 11.93,-3.32 11.54,-2.84 11.61,-2.34 12.45,-2.33 12.43,-1.93 12.59,-1.83 12.79,-1.93 12.99,-2.31 13.46,-2.40 13.73,-2.14 13.99,-2.49 14.20,-2.35 14.16,-2.22 14.38,-1.89 14.47,-0.57 13.86,-0.20 13.95,0.35 14.32,0.62 14.43,0.90 14.18,1.37 13.85,1.42 13.22,1.25 13.17,1.79 13.29,2.16 14.58,2.20 14.90,2.01 15.74,1.91 16.06,1.68 16.08,2.11 16.47,2.83 16.61,3.51 17.44,3.68 18.16,3.50 18.50,3.60 18.62,3.30 18.07,2.01 17.75,-0.55 16.88,-1.23 16.22,-2.18 16.15,-3.46 15.87,-3.93 15.53,-4.09 14.71,-4.88 14.41,-4.83 14.36,-4.30 13.94,-4.48 13.72,-4.45 13.66,-4.72 13.41,-4.84 12.80,-4.43 12.38,-4.62 12.02,-5.00 11.78,-4.57 11.13,-3.92
C|KM|Comoros|Africa|43.32|-11.73
R|44.48,-12.08 44.50,-12.36 44.22,-12.17 44.48,-12.08
R|43.79,-12.31 43.86,-12.37 43.66,-12.34 43.63,-12.29 43.63,-12.25 43.70,-12.26 43.79,-12.31
R|43.47,-11.90 43.23,-11.75 43.30,-11.37 43.47,-11.90
C|CO|Colombia|South America|-73.17|3.37
R|-71.32,11.86 -71.96,11.67 -72.25,11.20 -72.69,10.84 -73.01,9.79 -73.37,9.19 -73.06,9.26 -72.80,9.11 -72.67,8.63 -72.39,8.29 -72.47,7.52 -72.21,7.37 -72.01,7.03 -71.13,6.99 -70.74,7.09 -70.13,6.95 -69.43,6.12 -67.86,6.29 -67.48,6.18 -67.47,5.93 -67.82,5.27 -67.86,4.51 -67.66,3.86 -67.31,3.42 -67.86,2.79 -67.62,2.79 -67.21,2.39 -66.88,1.36 -66.88,1.22 -67.08,1.19 -67.12,1.70 -67.40,2.12 -67.94,1.75 -68.19,1.99 -68.18,1.72 -69.85,1.71 -69.85,1.06 -69.31,1.05 -69.15,0.66 -69.47,0.73 -70.05,0.58 -70.07,-0.14 -69.63,-0.51 -69.40,-1.19 -69.97,-4.24 -70.34,-3.81 -70.74,-3.78 -70.10,-2.66 -70.97,-2.21 -71.40,-2.33 -71.75,-2.15 -72.22,-2.40 -72.94,-2.39 -73.15,-2.28 -73.20,-1.83 -73.50,-1.69 -73.66,-1.25 -74.25,-0.97 -74.42,-0.58 -74.80,-0.20 -75.78,0.09 -76.27,0.44 -76.49,0.24 -77.40,0.39 -77.70,0.84 -78.31,1.05 -79.03,1.62 -78.79,1.85 -78.58,1.77 -78.59,2.36 -78.07,2.51 -77.81,2.72 -77.08,3.91 -77.26,3.89 -77.28,4.06 -77.36,3.94 -77.41,4.25 -77.52,4.21 -77.29,4.72 -77.37,5.32 -77.53,5.54 -77.25,5.78 -77.47,6.18 -77.37,6.58 -77.90,7.23 -77.76,7.70 -77.54,7.57 -77.20,7.97 -77.48,8.50 -77.39,8.64 -76.79,7.93 -76.77,8.31 -76.92,8.57 -76.28,8.99 -76.03,9.37 -75.64,9.45 -75.54,10.21 -75.71,10.14 -75.45,10.61 -74.84,11.11 -74.33,11.00 -74.52,10.86 -74.40,10.77 -74.14,11.32 -73.31,11.30 -72.28,11.89 -72.14,12.19 -71.71,12.42 -71.26,12.34 -71.14,12.05 -71.32,11.86
C|CN|China|Asia|106.34|32.50
R|107.97,21.51 107.76,21.66 107.35,21.61 106.97,21.92 106.66,21.98 106.55,22.50 106.78,22.78 106.15,22.97 105.84,22.92 105.28,23.35 104.86,23.14 104.69,22.82 104.37,22.70 104.14,22.80 103.94,22.54 103.62,22.78 103.49,22.59 103.30,22.76 102.98,22.45 102.47,22.75 102.13,22.38 101.71,22.49 101.52,22.25 101.74,21.83 101.73,21.16 101.25,21.20 101.08,21.76 100.60,21.47 100.15,21.48 99.94,21.76 99.92,22.03 99.17,22.15 99.51,22.96 98.86,23.19 98.68,23.91 98.84,24.12 98.21,24.11 97.56,23.91 97.71,24.23 97.53,24.63 97.74,24.87 97.82,25.25 98.01,25.29 98.14,25.57 98.33,25.59 98.66,25.86 98.56,26.07 98.69,26.19 98.74,26.70 98.65,27.57 98.45,27.66 98.30,27.55 98.10,28.14 97.66,28.50 97.54,28.51 97.32,28.22 96.60,28.46 96.28,28.41 96.58,28.76 96.44,29.05 96.14,28.92 96.12,29.08 96.36,29.25 96.04,29.45 95.39,29.04 94.62,29.31 93.76,28.73 93.25,28.63 93.12,28.40 92.65,28.09 92.66,27.95 91.98,27.73 91.63,27.76 91.64,27.92 91.27,28.08 91.02,27.97 89.90,28.29 89.48,28.06 88.89,27.32 88.75,27.52 88.80,28.01 88.62,28.09 87.62,27.82 87.14,27.84 86.61,28.10 86.41,27.93 86.14,28.11 85.99,27.91 85.68,28.28 85.12,28.32 85.16,28.59 84.80,28.56 84.23,28.91 84.10,29.22 83.58,29.18 83.16,29.61 82.22,30.06 82.04,30.33 81.42,30.34 81.11,30.04 80.68,30.41 80.19,30.57 80.15,30.79 79.39,31.06 79.11,31.40 78.76,31.30 78.74,31.96 78.39,32.52 78.70,32.60 78.92,32.36 79.22,32.50 79.14,33.17 78.80,33.50 78.73,34.01 78.97,34.30 78.28,34.65 78.01,35.25 78.04,35.48 77.09,35.55 76.63,35.73 76.55,35.89 76.18,35.81 75.91,36.05 75.97,36.38 75.84,36.65 75.42,36.74 75.35,36.91 74.38,37.14 75.12,37.39 74.89,37.60 74.84,38.40 74.28,38.66 74.03,38.54 73.80,38.61 73.63,39.45 73.91,39.58 73.84,39.80 73.99,40.04 74.83,40.33 74.84,40.48 75.11,40.45 75.56,40.63 75.68,40.31 76.26,40.43 76.32,40.35 76.91,41.02 78.12,41.08 78.36,41.37 78.74,41.56 80.24,42.04 80.17,42.67 80.54,42.87 80.39,43.04 80.79,43.16 80.36,44.10 80.36,44.55 80.48,44.71 79.87,44.88 81.69,45.35 81.94,45.16 82.52,45.13 82.61,45.42 82.32,45.59 83.03,47.19 84.02,46.97 84.67,46.97 84.79,46.83 85.48,47.06 85.66,47.25 85.53,47.92 85.69,48.31 86.55,48.53 86.72,48.70 86.75,49.01 87.05,49.11 87.81,49.16 87.87,49.00 87.74,48.88 88.06,48.71 87.98,48.56 88.52,48.38 88.58,48.22 89.05,48.00 89.48,48.03 90.31,47.68 91.03,46.57 90.91,46.27 91.00,46.04 90.66,45.53 90.88,45.20 93.52,44.94 94.71,44.35 95.35,44.28 95.33,44.04 95.53,43.95 95.86,43.28 96.30,42.93 96.39,42.72 97.21,42.79 99.47,42.57 99.98,42.68 101.50,42.54 102.16,42.16 103.07,42.01 103.71,41.75 104.50,41.88 104.50,41.66 104.98,41.60 106.77,42.29 109.44,42.46 110.40,42.77 111.01,43.34 111.93,43.71 111.40,44.37 111.62,44.83 111.90,45.06 112.41,45.06 112.71,44.88 113.59,44.75 114.08,44.97 114.56,45.39 115.68,45.46 116.20,45.74 116.56,46.29 117.33,46.36 117.44,46.59 117.74,46.52 118.84,46.76 119.33,46.61 119.87,46.67 119.90,46.86 119.71,47.15 118.50,47.98 117.77,47.99 117.35,47.65 116.76,47.87 116.23,47.86 115.90,47.69 115.62,47.87 115.53,48.13 115.79,48.25 115.82,48.58 116.68,49.82 117.87,49.51 118.45,49.84 119.26,50.07 119.35,50.28 119.16,50.41 120.07,51.60 120.75,52.10 120.66,52.57 120.07,52.63 120.09,52.79 120.99,53.28 123.31,53.56 124.81,53.13 125.08,53.20 125.65,53.04 126.34,52.36 126.92,51.10 127.31,50.71 127.34,50.35 127.59,50.21 127.55,49.80 128.00,49.57 128.70,49.60 129.07,49.37 129.50,49.39 130.20,48.89 130.55,48.86 130.55,48.60 130.80,48.34 130.73,48.02 130.96,47.71 132.48,47.71 133.02,48.06 134.29,48.37 134.67,48.25 134.57,48.02 134.75,47.72 134.17,47.30 134.20,47.13 133.87,46.50 133.86,46.25 133.51,45.88 133.44,45.60 133.19,45.49 133.11,45.13 132.94,45.03 131.85,45.33 131.45,44.98 130.98,44.84 131.26,44.07 131.17,43.70 131.26,43.38 131.07,42.90 130.42,42.73 130.58,42.62 130.53,42.54 130.25,42.74 130.24,42.89 129.90,43.00 129.70,42.45 129.31,42.41 128.92,42.04 128.05,41.99 128.29,41.61 128.15,41.39 127.18,41.53 126.95,41.77 126.72,41.72 125.99,40.90 124.89,40.46 124.27,39.92 123.65,39.88 122.84,39.60 121.98,39.05 121.68,39.00 121.65,38.87 121.16,38.73 121.11,38.92 121.68,39.11 121.63,39.22 121.82,39.39 121.28,39.38 121.27,39.54 121.52,39.64 121.52,39.84 121.80,39.95 122.26,40.50 121.83,40.97 121.73,40.85 121.17,40.90 120.48,40.23 119.39,39.75 118.98,39.18 118.30,39.07 118.04,39.23 117.78,39.13 117.55,38.69 117.66,38.42 118.01,38.18 118.94,38.04 119.09,37.70 118.95,37.33 119.29,37.14 119.76,37.16 120.26,37.68 120.75,37.83 121.64,37.46 122.06,37.53 122.67,37.40 122.45,37.07 122.52,36.95 122.34,36.83 121.93,36.96 121.05,36.61 120.81,36.63 120.90,36.44 120.71,36.41 120.64,36.13 120.39,36.05 120.33,36.23 120.18,36.20 120.09,36.12 120.28,35.98 119.43,35.30 119.17,34.85 120.27,34.27 120.87,33.02 120.85,32.66 121.34,32.43 121.45,32.15 121.83,31.90 121.87,31.70 121.76,31.70 120.97,31.87 120.52,32.11 120.04,31.94 120.72,31.98 120.79,31.82 121.66,31.32 121.83,31.06 121.88,30.92 121.42,30.79 120.90,30.39 120.45,30.39 120.19,30.24 120.49,30.30 120.63,30.13 121.26,30.30 121.68,29.98 122.08,29.87 121.51,29.48 121.89,29.63 121.97,29.49 121.92,29.14 121.72,29.26 121.45,29.13 121.68,28.95 121.54,28.93 121.66,28.85 121.48,28.64 121.61,28.29 121.27,28.22 121.15,28.33 120.96,28.04 120.75,28.01 120.83,27.89 120.59,27.58 120.61,27.41 120.28,27.10 120.04,26.63 119.88,26.61 119.82,26.85 119.71,26.73 119.59,26.78 119.88,26.33 119.46,26.05 119.14,26.12 119.33,25.95 119.62,26.00 119.54,25.59 119.62,25.39 119.18,25.45 119.29,25.23 118.98,25.21 118.91,24.93 118.64,24.84 118.66,24.62 118.09,24.63 118.01,24.48 117.84,24.47 118.06,24.25 117.63,23.84 117.47,23.84 117.37,23.59 117.29,23.71 117.08,23.58 116.91,23.65 116.86,23.45 116.63,23.35 116.70,23.28 116.47,22.95 115.64,22.85 115.50,22.72 115.20,22.82 114.85,22.62 114.65,22.76 114.55,22.53 114.02,22.51 113.62,22.86 113.62,23.13 113.52,23.10 113.33,22.91 113.55,22.59 113.55,22.23 113.15,22.07 113.09,22.21 112.95,21.91 112.81,21.94 112.59,21.78 112.36,21.98 112.30,21.74 111.94,21.85 111.60,21.56 111.02,21.51 110.57,21.21 110.41,21.34 110.15,20.94 110.37,20.84 110.31,20.67 110.51,20.52 110.34,20.29 109.88,20.36 109.97,20.45 109.66,20.92 109.93,21.48 109.69,21.52 109.57,21.69 109.54,21.54 109.15,21.43 109.10,21.59 108.77,21.63 108.48,21.90 108.50,21.63 108.32,21.69 108.25,21.56 107.97,21.51
R|110.89,19.99 111.01,19.66 110.64,19.29 110.45,18.75 110.07,18.45 109.52,18.22 108.70,18.54 108.67,19.30 109.28,19.76 109.18,19.77 109.26,19.88 110.17,20.05 110.59,19.98 110.65,20.14 110.89,19.99
C|MO|Macao|Asia|113.56|22.13
R|113.48,22.20 113.49,22.24 113.53,22.25 113.55,22.22 113.48,22.20
C|HK|Hong Kong|Asia|114.10|22.45
R|114.02,22.51 114.27,22.54 114.34,22.40 114.27,22.30 113.94,22.36 114.02,22.51
R|114.23,22.21 114.21,22.20 114.14,22.27 114.13,22.29 114.19,22.30 114.25,22.26 114.23,22.21
R|114.00,22.21 113.84,22.24 114.04,22.33 114.00,22.21
C|CL|Chile|South America|-72.32|-38.15
R|-70.42,-18.35 -69.93,-18.21 -69.80,-17.99 -69.85,-17.70 -69.51,-17.51 -69.31,-17.94 -69.09,-18.05 -68.97,-18.97 -68.46,-19.43 -68.70,-19.72 -68.56,-19.97 -68.76,-20.09 -68.76,-20.42 -68.48,-20.63 -68.56,-20.90 -68.20,-21.30 -67.88,-22.82 -67.19,-22.82 -67.01,-23.00 -67.36,-24.03 -68.25,-24.39 -68.56,-24.75 -68.38,-25.09 -68.59,-25.42 -68.41,-26.15 -68.59,-26.47 -68.32,-26.97 -68.85,-27.15 -69.17,-27.92 -69.66,-28.41 -69.83,-29.10 -70.03,-29.32 -69.96,-30.08 -69.84,-30.18 -69.96,-30.36 -70.15,-30.36 -70.31,-31.02 -70.52,-31.15 -70.59,-31.57 -70.25,-31.96 -70.36,-32.08 -70.02,-32.88 -70.08,-33.20 -69.82,-33.28 -69.85,-34.22 -70.05,-34.30 -70.39,-35.15 -70.56,-35.25 -70.42,-35.52 -70.40,-36.06 -71.06,-36.52 -71.19,-36.84 -71.17,-37.76 -70.85,-38.54 -70.95,-38.74 -71.40,-38.94 -71.54,-39.60 -71.72,-39.64 -71.66,-40.02 -71.82,-40.18 -71.70,-40.34 -71.94,-40.79 -71.91,-41.65 -71.75,-42.05 -72.11,-42.25 -72.14,-42.58 -72.10,-43.07 -71.75,-43.24 -71.90,-43.35 -71.68,-43.93 -71.82,-44.38 -71.21,-44.44 -71.16,-44.56 -71.26,-44.76 -72.06,-44.77 -72.04,-44.90 -71.60,-44.98 -71.35,-45.23 -71.51,-45.51 -71.75,-45.58 -71.75,-45.84 -71.63,-45.95 -71.88,-46.16 -71.70,-46.65 -71.94,-46.83 -71.90,-47.20 -72.35,-47.49 -72.52,-47.88 -72.29,-48.23 -72.61,-48.52 -72.61,-48.79 -73.03,-49.01 -73.14,-49.30 -73.46,-49.31 -73.58,-49.58 -73.50,-50.13 -73.15,-50.74 -72.51,-50.61 -72.34,-50.68 -72.30,-51.30 -72.41,-51.54 -71.97,-51.96 -69.96,-52.01 -68.46,-52.29 -69.24,-52.21 -69.62,-52.46 -70.80,-52.77 -71.00,-53.78 -71.30,-53.88 -72.17,-53.63 -72.41,-53.35 -71.94,-53.23 -71.83,-53.40 -71.89,-53.52 -71.79,-53.48 -71.74,-53.23 -71.29,-53.03 -71.16,-52.89 -71.23,-52.81 -71.39,-52.76 -72.28,-53.13 -72.55,-53.46 -73.05,-53.24 -72.73,-52.76 -72.45,-52.81 -72.12,-52.65 -71.51,-52.61 -72.71,-52.54 -73.12,-53.07 -73.65,-52.84 -73.24,-52.71 -73.12,-52.49 -73.59,-52.69 -74.01,-52.64 -74.26,-52.10 -73.83,-52.23 -73.68,-52.08 -73.26,-52.16 -72.80,-51.95 -72.57,-52.20 -72.71,-52.36 -72.52,-52.26 -72.62,-52.01 -72.49,-51.85 -72.54,-51.71 -73.17,-51.45 -72.60,-51.80 -73.52,-52.04 -73.75,-51.80 -74.20,-51.68 -73.93,-51.62 -73.94,-51.27 -74.81,-51.06 -75.09,-50.68 -74.69,-50.66 -74.78,-50.47 -74.64,-50.36 -74.37,-50.49 -74.14,-50.82 -73.81,-50.94 -73.62,-50.65 -73.65,-50.49 -73.98,-50.83 -74.20,-50.61 -74.19,-50.49 -73.95,-50.51 -74.63,-50.19 -74.33,-49.97 -73.96,-49.99 -74.32,-49.78 -74.29,-49.60 -73.84,-49.61 -74.09,-49.43 -73.93,-49.02 -74.22,-49.50 -74.37,-49.40 -74.34,-48.60 -74.01,-48.48 -74.47,-48.46 -74.58,-48.00 -73.39,-48.15 -73.61,-47.99 -73.72,-47.66 -73.94,-47.93 -74.23,-47.97 -74.65,-47.70 -74.53,-47.57 -74.24,-47.68 -74.13,-47.59 -74.48,-47.43 -74.16,-47.18 -74.15,-46.97 -74.31,-46.79 -74.45,-46.77 -74.51,-46.89 -75.01,-46.74 -74.98,-46.51 -75.54,-46.70 -75.43,-46.93 -75.71,-46.71 -74.92,-46.16 -75.07,-45.87 -74.16,-45.77 -74.12,-45.50 -73.96,-45.40 -73.83,-45.45 -74.02,-46.06 -74.39,-46.22 -73.97,-46.15 -73.88,-45.85 -73.74,-45.81 -73.71,-46.07 -73.95,-46.53 -73.85,-46.57 -73.59,-45.90 -73.76,-45.70 -73.73,-45.48 -73.27,-45.35 -72.93,-45.45 -73.44,-45.24 -73.40,-45.10 -73.36,-44.98 -72.74,-44.73 -72.68,-44.59 -72.66,-44.44 -73.27,-44.17 -73.22,-43.90 -73.07,-43.86 -73.00,-43.63 -73.08,-43.32 -72.76,-43.04 -72.85,-42.67 -72.77,-42.51 -72.63,-42.51 -72.77,-42.26 -72.63,-42.20 -72.41,-42.39 -72.50,-41.98 -72.82,-41.91 -72.36,-41.65 -72.32,-41.50 -72.54,-41.69 -72.95,-41.51 -73.24,-41.78 -73.74,-41.74 -73.62,-41.58 -73.86,-41.45 -73.98,-40.97 -73.67,-39.96 -73.41,-39.79 -73.23,-39.22 -73.52,-38.51 -73.46,-38.04 -73.66,-37.70 -73.66,-37.34 -73.60,-37.19 -73.22,-37.17 -73.12,-36.69 -72.59,-35.76 -72.62,-35.59 -72.22,-35.10 -72.00,-34.17 -71.66,-33.65 -71.74,-33.10 -71.45,-32.66 -71.71,-30.63 -71.67,-30.33 -71.40,-30.14 -71.32,-29.65 -71.52,-28.93 -71.19,-28.38 -70.65,-26.33 -70.71,-25.78 -70.45,-25.25 -70.57,-24.64 -70.39,-23.57 -70.59,-23.26 -70.56,-23.06 -70.33,-22.85 -70.09,-21.49 -70.16,-19.71 -70.42,-18.35
R|-68.63,-52.65 -68.65,-54.85 -69.49,-54.86 -69.72,-54.71 -70.50,-54.81 -71.90,-54.60 -71.80,-54.43 -71.08,-54.44 -70.80,-54.33 -70.70,-54.49 -70.31,-54.53 -70.86,-54.11 -70.87,-53.88 -70.64,-53.82 -70.70,-53.73 -70.53,-53.63 -70.38,-53.99 -70.63,-54.01 -70.54,-54.14 -70.17,-54.38 -69.74,-54.31 -69.25,-54.56 -69.04,-54.41 -69.99,-54.11 -70.15,-53.89 -70.09,-53.72 -69.36,-53.42 -70.33,-53.38 -70.44,-53.09 -70.13,-52.94 -70.38,-52.75 -69.94,-52.82 -69.41,-52.49 -69.17,-52.67 -68.79,-52.58 -68.63,-52.65
R|-67.08,-55.15 -67.34,-55.29 -67.49,-55.18 -68.07,-55.22 -68.30,-54.98 -67.25,-54.98 -67.08,-55.15
R|-73.77,-43.35 -74.39,-43.23 -74.21,-42.88 -74.04,-41.80 -73.53,-41.90 -73.42,-42.19 -73.53,-42.31 -73.47,-42.47 -73.79,-42.59 -73.44,-42.94 -73.75,-43.16 -73.77,-43.35
R|-74.48,-49.15 -74.46,-49.69 -74.59,-50.01 -74.76,-50.01 -74.88,-49.73 -74.72,-49.42 -74.96,-49.53 -75.07,-49.85 -75.55,-49.79 -75.52,-49.62 -75.34,-49.63 -75.31,-49.49 -75.47,-49.36 -75.09,-49.27 -75.21,-49.15 -74.95,-48.96 -74.90,-48.73 -74.55,-48.77 -74.48,-49.15
R|-75.51,-48.76 -75.62,-48.76 -75.65,-48.59 -75.52,-48.33 -75.56,-48.07 -75.39,-48.02 -75.16,-48.62 -75.51,-48.76
R|-74.39,-52.92 -73.65,-53.07 -73.14,-53.35 -74.27,-53.08 -74.71,-52.77 -74.39,-52.92
R|-74.57,-48.59 -74.92,-48.63 -75.25,-48.03 -74.83,-47.85 -74.57,-48.59
R|-72.92,-53.48 -72.88,-53.58 -72.48,-53.59 -72.21,-53.81 -72.41,-54.00 -72.84,-54.13 -72.96,-54.07 -72.76,-53.86 -73.04,-53.83 -73.08,-54.00 -73.21,-53.99 -73.31,-53.73 -73.85,-53.55 -73.45,-53.41 -72.92,-53.48
R|-74.82,-51.63 -74.78,-51.82 -74.54,-51.97 -74.69,-52.28 -74.85,-52.27 -75.11,-51.79 -74.82,-51.63
R|-69.70,-54.92 -68.46,-54.96 -68.40,-55.04 -68.61,-55.16 -68.28,-55.26 -68.05,-55.64 -68.87,-55.45 -68.89,-55.24 -69.19,-55.17 -69.36,-55.30 -69.18,-55.47 -69.41,-55.44 -69.98,-55.15 -69.88,-54.88 -69.70,-54.92
R|-71.39,-54.03 -71.02,-54.11 -71.14,-54.37 -71.47,-54.23 -71.95,-54.30 -72.21,-54.05 -72.00,-53.88 -71.39,-54.03
R|-73.74,-44.39 -74.00,-44.59 -73.75,-45.27 -74.10,-45.33 -74.09,-45.20 -74.62,-44.65 -74.50,-44.47 -74.10,-44.39 -73.99,-44.14 -73.70,-44.27 -73.74,-44.39
R|-72.99,-44.78 -73.23,-44.86 -73.40,-44.77 -73.45,-44.64 -73.26,-44.35 -72.78,-44.51 -72.99,-44.78
R|-75.11,-48.84 -75.39,-49.16 -75.64,-49.20 -75.49,-49.08 -75.64,-48.94 -75.58,-48.86 -75.11,-48.84
R|-74.56,-51.28 -74.62,-51.40 -75.05,-51.40 -75.29,-51.63 -75.15,-51.28 -74.56,-51.28
R|-75.05,-50.30 -75.45,-50.34 -75.33,-50.01 -74.88,-50.11 -74.84,-50.20 -75.05,-50.30
R|-74.31,-45.69 -74.69,-45.66 -74.50,-45.29 -74.31,-45.17 -74.23,-45.61 -74.31,-45.69
R|-70.99,-54.87 -70.80,-54.97 -70.42,-54.91 -70.30,-55.11 -70.48,-55.18 -71.20,-54.89 -71.41,-54.93 -71.41,-54.84 -70.99,-54.87
C|TD|Chad|Africa|18.65|15.14
R|23.98,19.50 23.97,15.72 23.11,15.70 22.93,15.53 22.93,15.16 22.67,14.72 22.38,14.55 22.54,14.16 22.11,13.80 22.23,13.33 21.83,12.79 21.93,12.68 22.35,12.66 22.59,11.58 22.92,11.34 22.86,10.92 22.49,11.00 21.77,10.64 21.68,10.29 20.34,9.13 18.96,8.94 18.89,8.84 19.11,8.66 18.56,8.05 17.65,7.98 16.78,7.55 16.55,7.87 15.96,7.51 15.48,7.52 15.55,7.79 15.12,8.56 14.33,9.20 13.98,9.69 14.24,9.98 15.65,10.01 15.13,10.65 15.03,11.11 15.08,11.85 14.85,12.50 14.46,13.02 14.06,13.08 13.61,13.70 13.45,14.38 14.37,15.75 15.47,16.91 15.74,19.90 15.96,20.35 15.59,20.73 15.61,20.95 15.18,21.52 14.98,23.00 15.98,23.45 23.98,19.50
C|CF|Central African Rep.|Africa|20.91|6.99
R|24.15,8.67 24.29,8.29 24.85,8.14 25.20,7.81 25.28,7.43 26.36,6.64 26.31,6.46 26.51,6.07 27.14,5.72 27.40,5.11 27.07,5.20 26.82,5.06 25.53,5.31 25.07,4.97 24.32,4.99 23.42,4.66 22.86,4.72 22.42,4.13 20.56,4.46 20.23,4.83 19.81,5.09 19.50,5.13 19.07,4.89 18.59,4.35 18.61,3.48 18.47,3.62 18.16,3.50 17.49,3.69 16.61,3.51 16.47,2.83 16.18,2.27 16.06,2.91 15.13,3.83 15.06,4.28 14.73,4.60 14.56,5.28 14.62,5.87 14.44,6.09 14.74,6.28 15.48,7.52 15.96,7.51 16.55,7.87 16.78,7.55 17.65,7.98 18.56,8.05 19.11,8.66 18.89,8.89 19.15,9.02 20.34,9.13 20.63,9.30 21.68,10.29 21.71,10.57 22.04,10.82 22.49,11.00 22.86,10.92 23.65,9.82 23.62,9.34 23.47,9.11 23.54,8.82 24.15,8.67
C|CV|Cabo Verde|Africa|-23.64|15.07
R|-25.17,16.95 -25.31,16.94 -25.34,17.09 -25.03,17.18 -24.98,17.09 -25.17,16.95
R|-23.44,15.01 -23.71,14.96 -23.75,15.33 -23.44,15.01
R|-24.89,16.82 -25.09,16.83 -24.94,16.92 -24.89,16.82
R|-22.92,16.24 -22.69,16.17 -22.71,16.04 -22.96,16.05 -22.92,16.24
R|-24.31,14.86 -24.44,14.83 -24.50,14.98 -24.33,15.02 -24.31,14.86
R|-24.09,16.62 -24.32,16.49 -24.40,16.62 -24.09,16.62
R|-22.89,16.66 -22.92,16.61 -22.98,16.70 -22.99,16.81 -22.93,16.84 -22.90,16.84 -22.89,16.66
R|-23.18,15.14 -23.21,15.32 -23.12,15.27 -23.18,15.14
C|CA|Canada|North America|-101.91|60.32
R|-132.66,54.13 -132.30,54.10 -132.17,53.96 -132.53,53.65 -132.19,53.68 -132.13,54.03 -131.67,54.14 -132.01,53.27 -132.52,53.19 -132.75,53.31 -132.43,53.35 -132.85,53.51 -133.10,54.01 -133.05,54.16 -132.66,54.13
R|-131.75,53.20 -131.63,52.92 -131.97,52.88 -131.46,52.70 -131.59,52.58 -131.26,52.42 -131.32,52.30 -131.14,52.29 -131.22,52.15 -132.17,52.78 -132.26,52.93 -132.14,53.00 -132.55,53.14 -131.75,53.20
R|-127.20,50.64 -125.48,50.32 -124.83,49.53 -124.00,49.22 -123.28,48.46 -123.57,48.32 -124.87,48.65 -125.14,48.80 -124.85,49.03 -124.81,49.21 -124.93,49.01 -125.49,48.93 -125.83,49.09 -125.64,49.19 -125.95,49.25 -125.94,49.40 -126.55,49.42 -126.54,49.59 -126.13,49.67 -126.53,49.72 -126.90,49.94 -127.11,49.88 -127.25,50.14 -127.35,50.05 -127.47,50.16 -127.86,50.13 -127.91,50.45 -127.49,50.40 -127.47,50.58 -128.06,50.50 -128.35,50.70 -128.30,50.79 -127.92,50.86 -127.20,50.64
R|-130.03,55.89 -130.10,56.11 -131.82,56.59 -131.87,56.79 -132.10,56.86 -132.03,57.03 -132.34,57.08 -132.23,57.20 -133.40,58.41 -134.94,59.29 -135.05,59.58 -135.48,59.79 -136.32,59.60 -136.25,59.53 -136.47,59.46 -136.58,59.15 -137.44,58.90 -137.59,59.23 -139.19,60.08 -139.08,60.34 -139.68,60.33 -139.97,60.18 -141.00,60.30 -141.00,69.65 -139.18,69.52 -137.87,69.09 -135.26,68.68 -135.43,68.84 -135.89,68.93 -135.58,69.03 -135.91,69.11 -135.69,69.31 -135.29,69.31 -135.14,69.47 -134.46,69.48 -134.41,69.68 -133.88,69.51 -134.17,69.25 -133.16,69.43 -132.92,69.63 -132.40,69.66 -132.57,69.70 -132.49,69.74 -131.14,69.91 -130.67,70.13 -129.94,70.09 -129.68,70.19 -129.54,70.11 -129.65,70.00 -130.83,69.65 -131.94,69.53 -132.69,69.26 -133.38,68.89 -133.20,68.74 -133.30,68.85 -132.58,68.85 -132.74,68.92 -132.72,69.08 -131.92,69.29 -131.79,69.43 -131.32,69.36 -131.06,69.45 -130.97,69.21 -130.12,69.72 -128.90,69.97 -129.16,69.80 -129.05,69.70 -128.85,69.75 -128.28,70.11 -127.68,70.26 -128.17,70.42 -127.99,70.57 -127.23,70.30 -126.68,69.78 -126.25,69.55 -125.52,69.35 -125.17,69.43 -125.36,69.63 -125.20,69.83 -124.77,69.99 -124.99,70.03 -124.56,70.15 -124.44,70.11 -124.41,69.77 -124.12,69.69 -124.48,69.43 -124.34,69.36 -123.53,69.39 -123.21,69.54 -123.03,69.81 -122.07,69.82 -117.23,68.91 -116.06,68.84 -116.24,68.97 -115.81,68.99 -114.99,68.85 -113.96,68.40 -114.10,68.27 -114.77,68.27 -115.13,68.13 -115.43,67.90 -115.13,67.82 -112.50,67.68 -110.99,67.79 -110.07,67.99 -109.63,67.73 -109.04,67.69 -108.85,67.42 -108.61,67.60 -107.99,67.26 -107.91,67.16 -107.99,67.10 -108.50,67.09 -107.26,66.40 -107.71,66.74 -107.75,66.96 -107.16,66.88 -107.96,67.82 -107.76,67.91 -107.80,68.04 -106.42,68.20 -106.40,68.32 -105.75,68.59 -106.46,68.52 -106.61,68.36 -107.62,68.33 -107.73,68.17 -108.26,68.15 -108.72,68.30 -108.31,68.61 -106.16,68.92 -105.69,68.83 -105.38,68.41 -104.65,68.23 -104.49,68.06 -103.47,68.12 -102.32,67.74 -101.55,67.69 -100.46,67.84 -98.92,67.73 -98.41,67.81 -98.70,67.97 -98.63,68.07 -97.93,67.71 -97.45,67.62 -97.16,67.73 -97.21,67.86 -97.74,67.98 -98.19,67.92 -98.65,68.36 -98.22,68.32 -97.79,68.39 -97.93,68.52 -97.41,68.50 -96.98,68.26 -96.43,68.31 -96.72,68.04 -95.97,68.25 -96.37,67.51 -96.14,67.27 -95.72,67.32 -95.78,67.18 -95.42,67.16 -95.42,67.01 -96.42,67.05 -95.79,66.62 -95.74,66.69 -96.04,66.94 -95.40,66.95 -95.26,67.26 -95.65,67.74 -95.46,68.02 -94.74,68.07 -93.45,68.62 -93.64,68.63 -93.68,68.89 -93.85,69.00 -94.06,68.78 -94.60,68.80 -94.08,69.12 -94.26,69.15 -94.25,69.31 -93.62,69.42 -93.75,69.23 -93.43,69.38 -93.53,69.48 -94.27,69.46 -94.63,69.65 -94.82,69.58 -95.96,69.80 -96.55,70.21 -96.30,70.51 -95.88,70.55 -95.99,70.62 -95.89,70.69 -96.26,70.64 -96.55,70.81 -96.45,71.24 -96.06,71.41 -95.56,71.34 -95.41,71.49 -95.84,71.60 -95.20,71.90 -94.61,71.99 -94.31,71.76 -93.75,71.74 -93.76,71.64 -93.03,71.34 -92.88,71.07 -92.98,70.85 -92.36,70.63 -92.05,70.30 -91.76,70.33 -91.56,70.18 -92.32,70.24 -92.51,70.10 -91.98,70.04 -92.89,69.67 -92.31,69.67 -91.91,69.53 -91.20,69.64 -91.44,69.53 -90.42,69.46 -90.89,69.27 -91.24,69.29 -90.48,68.88 -90.57,68.47 -90.25,68.27 -89.90,68.49 -89.67,69.01 -89.28,69.26 -89.06,69.27 -88.04,68.81 -87.83,68.30 -88.35,68.29 -88.31,67.95 -87.36,67.18 -86.56,67.48 -86.40,67.80 -85.95,68.07 -85.69,68.67 -84.87,68.77 -85.11,68.84 -84.86,69.07 -85.39,69.23 -85.51,69.85 -82.37,69.64 -82.75,69.49 -82.31,69.41 -82.23,69.25 -81.38,69.19 -81.33,69.12 -81.96,68.88 -81.25,68.74 -81.91,68.46 -82.55,68.45 -82.22,68.15 -82.01,68.19 -82.06,67.93 -81.29,67.50 -81.47,67.07 -83.41,66.37 -84.54,66.97 -84.85,67.03 -85.11,66.91 -84.74,66.93 -84.22,66.68 -83.83,66.29 -83.87,66.21 -84.29,66.29 -84.63,66.21 -85.60,66.57 -86.71,66.52 -86.69,66.36 -85.96,66.12 -87.08,65.44 -87.45,65.34 -87.97,65.35 -89.75,65.94 -91.41,65.96 -91.04,65.83 -90.98,65.92 -89.92,65.78 -88.97,65.35 -87.03,65.20 -87.28,64.83 -88.11,64.18 -88.82,63.99 -89.20,64.11 -89.13,63.97 -89.62,64.03 -89.81,64.18 -90.04,64.14 -89.86,63.96 -90.17,63.98 -90.01,63.80 -90.15,63.69 -90.81,63.58 -91.98,63.82 -92.34,63.79 -93.70,64.15 -93.56,63.87 -93.27,63.84 -93.38,63.95 -92.16,63.69 -92.47,63.56 -91.84,63.70 -90.71,63.30 -90.78,62.97 -91.45,62.80 -92.36,62.82 -91.94,62.59 -92.55,62.55 -92.77,62.38 -92.53,62.17 -93.21,62.36 -92.91,62.22 -93.35,62.03 -93.33,61.93 -93.58,61.94 -93.31,61.77 -93.91,61.48 -93.89,61.34 -94.08,61.30 -94.07,61.14 -94.51,60.60 -94.76,60.50 -94.65,60.42 -94.79,59.95 -94.79,59.27 -94.96,59.07 -94.29,58.72 -94.33,58.30 -94.12,58.74 -93.18,58.73 -92.43,57.32 -92.80,56.92 -91.11,57.24 -90.59,57.22 -88.83,56.81 -88.08,56.47 -87.48,56.02 -85.68,55.60 -85.22,55.35 -85.37,55.08 -85.06,55.29 -83.91,55.31 -82.39,55.07 -82.22,54.81 -82.42,54.24 -82.14,53.82 -82.16,53.26 -82.29,53.03 -81.60,52.43 -81.83,52.22 -81.47,52.20 -80.66,51.76 -80.44,51.39 -80.85,51.12 -80.48,51.31 -80.10,51.28 -79.35,50.76 -79.71,51.12 -79.69,51.35 -79.30,51.62 -78.90,51.20 -78.73,51.50 -78.98,51.77 -78.45,52.26 -78.74,52.66 -78.72,52.86 -79.10,53.66 -78.95,53.83 -79.08,53.93 -79.00,54.00 -79.24,54.10 -79.15,54.17 -79.71,54.67 -77.78,55.29 -76.76,56.00 -76.53,56.50 -76.57,57.18 -76.89,57.76 -77.55,58.24 -78.51,58.65 -78.43,58.90 -77.76,59.38 -77.86,59.48 -77.73,59.68 -77.35,59.58 -77.49,59.68 -77.29,60.02 -77.59,60.09 -77.45,60.15 -77.68,60.43 -77.50,60.54 -77.79,60.64 -77.60,60.83 -78.18,60.82 -77.77,61.16 -77.74,61.44 -77.51,61.56 -78.02,61.83 -78.13,62.28 -77.37,62.57 -75.82,62.32 -75.68,62.25 -75.79,62.18 -75.34,62.31 -74.63,62.12 -74.65,62.21 -73.71,62.47 -72.69,62.12 -72.63,62.03 -72.77,61.84 -72.51,61.92 -72.23,61.83 -72.04,61.68 -72.22,61.59 -71.87,61.69 -71.64,61.62 -71.85,61.44 -71.65,61.41 -71.74,61.34 -71.42,61.16 -70.28,61.07 -69.99,60.86 -69.71,60.91 -69.62,61.05 -69.47,61.01 -69.40,60.85 -69.75,60.49 -69.67,60.08 -70.65,60.03 -69.73,59.92 -69.58,59.68 -69.68,59.34 -69.34,59.30 -69.53,58.87 -69.65,58.82 -69.78,58.96 -70.15,58.76 -69.79,58.69 -69.27,58.88 -68.70,58.90 -68.38,58.74 -68.23,58.48 -68.36,58.16 -69.04,57.90 -68.41,58.05 -68.02,58.49 -67.89,58.30 -68.06,58.14 -67.76,58.40 -67.68,57.99 -67.57,58.21 -66.72,58.49 -66.36,58.79 -66.09,58.66 -66.00,58.43 -65.92,58.57 -66.04,58.82 -65.72,59.02 -65.38,59.06 -65.70,59.21 -65.41,59.31 -65.48,59.47 -65.04,59.39 -65.41,59.54 -65.43,59.78 -65.03,59.77 -65.17,59.91 -64.82,60.33 -64.50,60.27 -64.42,60.17 -64.77,60.01 -64.28,60.06 -64.18,59.97 -64.23,59.74 -64.06,59.82 -63.75,59.51 -63.95,59.38 -63.78,59.28 -63.54,59.33 -63.42,59.19 -63.97,59.05 -63.25,59.07 -63.28,58.87 -63.05,58.88 -62.87,58.67 -63.54,58.33 -63.21,58.47 -62.59,58.47 -62.81,58.20 -63.26,58.01 -62.49,58.15 -62.31,57.97 -61.96,57.91 -61.97,57.61 -62.50,57.49 -61.92,57.42 -61.85,57.37 -61.98,57.25 -61.33,57.01 -61.37,56.68 -62.50,56.80 -61.74,56.53 -61.94,56.42 -61.43,56.36 -61.71,56.23 -61.36,56.22 -61.30,56.05 -61.45,56.00 -61.09,55.87 -60.74,55.94 -60.56,55.73 -60.34,55.78 -60.41,55.65 -60.19,55.48 -60.62,55.06 -59.76,55.31 -59.44,55.18 -59.84,54.81 -59.26,55.20 -59.00,55.15 -58.78,54.84 -58.40,54.77 -57.96,54.88 -57.40,54.59 -57.70,54.39 -58.44,54.23 -58.63,54.05 -59.82,53.83 -60.14,53.60 -60.40,53.65 -60.10,53.49 -60.33,53.27 -58.65,53.98 -57.94,54.09 -58.32,54.11 -58.31,54.20 -57.42,54.16 -57.13,53.79 -57.52,53.61 -57.33,53.47 -56.84,53.74 -56.52,53.77 -55.97,53.47 -55.80,53.21 -55.89,53.00 -55.80,52.64 -56.32,52.54 -55.75,52.47 -55.78,52.36 -56.01,52.39 -55.67,52.19 -56.98,51.46 -58.51,51.30 -60.08,50.25 -61.72,50.10 -61.92,50.23 -62.72,50.30 -66.50,50.21 -66.94,49.99 -67.37,49.35 -68.28,49.20 -69.67,48.20 -71.02,48.46 -69.78,48.10 -69.99,47.74 -71.27,46.80 -72.20,46.56 -72.98,46.21 -73.48,45.74 -74.04,45.50 -74.32,45.53 -73.97,45.35 -75.40,44.77 -76.46,44.06 -76.82,43.63 -78.85,43.58 -79.17,43.47 -78.92,42.91 -79.04,42.80 -80.25,42.37 -81.28,42.21 -82.44,41.67 -82.69,41.68 -83.03,41.83 -83.15,42.14 -82.55,42.62 -82.14,43.57 -82.55,45.35 -83.59,45.82 -83.47,45.99 -83.62,46.12 -83.98,46.08 -84.15,46.54 -84.56,46.46 -84.88,46.90 -88.38,48.30 -89.46,48.00 -90.92,48.21 -91.52,48.06 -92.01,48.30 -92.41,48.28 -92.50,48.44 -93.00,48.61 -93.71,48.53 -94.62,48.74 -94.85,49.30 -95.16,49.37 -95.16,48.99 -122.79,48.99 -122.92,49.07 -123.08,48.98 -123.23,49.26 -122.88,49.40 -123.28,49.34 -123.19,49.68 -123.53,49.40 -124.03,49.60 -123.99,49.74 -123.82,49.59 -123.58,49.68 -123.87,49.74 -123.83,50.14 -123.95,50.18 -123.87,50.07 -123.98,49.88 -124.28,49.77 -124.78,50.02 -125.06,50.42 -124.86,50.64 -124.86,50.87 -125.06,50.51 -125.48,50.50 -125.54,50.65 -125.64,50.47 -126.09,50.50 -126.45,50.59 -125.90,50.70 -126.51,50.68 -126.37,50.84 -126.52,50.87 -126.52,51.06 -126.63,50.92 -127.06,50.87 -127.71,51.15 -127.69,51.34 -127.42,51.61 -126.69,51.70 -127.34,51.71 -127.71,51.49 -127.87,51.78 -127.73,51.99 -127.86,51.99 -127.80,52.19 -127.24,52.40 -126.71,52.06 -127.19,52.46 -126.95,52.72 -127.02,52.84 -127.07,52.65 -127.83,52.25 -128.10,51.79 -128.36,52.16 -128.04,52.32 -127.94,52.55 -128.27,52.36 -128.05,52.91 -128.37,52.83 -128.52,53.14 -129.08,53.37 -129.17,53.53 -128.85,53.70 -128.91,53.56 -128.13,53.42 -127.93,53.27 -128.21,53.48 -128.68,53.55 -128.76,53.75 -128.53,53.86 -128.96,53.84 -129.21,53.64 -129.26,53.42 -129.56,53.25 -130.34,53.72 -130.04,54.13 -129.63,54.23 -130.08,54.18 -130.43,54.42 -130.35,54.66 -129.56,55.46 -129.80,55.56 -130.05,55.06 -130.03,55.89
R|-109.82,78.65 -109.36,78.49 -109.48,78.32 -113.29,78.33 -110.88,78.74 -109.82,78.65
R|-110.46,78.10 -109.62,78.06 -110.87,77.83 -110.12,77.72 -110.20,77.52 -110.68,77.45 -112.37,77.36 -113.16,77.53 -113.28,77.81 -112.30,78.01 -110.46,78.10
R|-115.55,77.36 -115.51,77.29 -116.33,77.14 -115.81,76.94 -116.25,76.90 -115.95,76.71 -117.00,76.53 -117.23,76.28 -117.99,76.41 -117.78,76.78 -117.88,76.81 -118.79,76.51 -118.62,76.37 -118.99,76.14 -119.58,76.33 -119.74,76.12 -119.53,76.00 -119.91,75.86 -120.41,75.83 -120.85,76.18 -121.21,75.98 -122.40,75.94 -122.64,76.01 -122.59,76.16 -122.90,76.13 -122.42,76.39 -121.56,76.45 -119.09,77.31 -116.84,77.34 -116.70,77.38 -117.04,77.47 -116.51,77.55 -115.55,77.36
R|-108.29,76.06 -107.72,76.00 -108.02,75.80 -107.22,75.89 -106.91,75.68 -106.69,75.81 -106.86,75.93 -106.68,76.02 -105.63,75.95 -105.48,75.70 -105.97,75.13 -107.06,74.93 -108.47,74.95 -108.83,75.06 -112.52,74.42 -113.67,74.45 -114.27,74.60 -114.31,74.72 -112.84,74.98 -111.67,75.02 -111.09,75.26 -113.71,75.07 -113.84,75.11 -113.85,75.26 -113.47,75.42 -114.02,75.43 -114.17,75.24 -114.51,75.28 -114.36,75.17 -114.45,75.09 -115.02,74.98 -115.41,75.11 -115.73,74.97 -116.48,75.17 -117.60,75.27 -117.26,75.46 -116.08,75.49 -115.14,75.68 -117.16,75.64 -116.80,75.77 -114.99,75.90 -116.66,75.96 -116.59,76.10 -116.21,76.19 -114.78,76.17 -115.82,76.27 -115.58,76.44 -115.00,76.50 -114.19,76.45 -113.82,76.21 -112.70,76.20 -111.87,75.94 -112.06,75.83 -111.55,75.82 -111.05,75.55 -109.09,75.51 -108.91,75.59 -108.94,75.70 -109.87,75.93 -109.43,76.11 -110.31,76.40 -109.34,76.76 -108.83,76.82 -108.47,76.74 -108.63,76.59 -108.12,76.23 -108.38,76.12 -108.29,76.06
R|-114.52,72.59 -113.58,72.65 -113.29,72.95 -112.75,72.99 -111.27,72.71 -111.36,72.57 -111.90,72.36 -111.68,72.30 -110.21,72.66 -110.20,72.76 -110.66,73.01 -110.01,72.98 -108.75,72.55 -108.19,71.72 -107.81,71.63 -107.31,71.89 -107.70,72.15 -108.24,73.15 -107.94,73.22 -108.03,73.35 -106.48,73.20 -105.42,72.79 -104.88,71.98 -104.39,71.58 -104.51,71.06 -103.58,70.63 -103.08,70.51 -103.05,70.66 -101.68,70.28 -101.56,70.14 -101.09,70.14 -100.91,69.81 -101.04,69.67 -101.48,69.85 -101.65,69.70 -102.23,69.84 -102.60,69.72 -102.62,69.55 -103.43,69.67 -103.05,69.47 -103.12,69.20 -102.15,69.49 -101.98,69.43 -102.05,69.26 -101.79,69.18 -101.86,69.02 -102.90,68.82 -105.11,68.92 -105.02,69.08 -106.14,69.16 -106.34,69.22 -106.42,69.41 -106.66,69.44 -107.44,69.00 -109.47,68.68 -113.13,68.49 -113.62,68.84 -113.69,69.20 -116.51,69.42 -117.10,69.80 -117.20,70.05 -114.59,70.31 -112.64,70.23 -111.63,70.31 -113.76,70.69 -117.59,70.63 -118.26,70.89 -118.38,70.97 -118.27,71.03 -115.30,71.49 -117.94,71.39 -118.23,71.47 -117.74,71.66 -118.58,71.65 -118.99,71.76 -118.94,71.99 -118.21,72.26 -118.48,72.43 -118.37,72.53 -116.57,73.05 -114.64,73.37 -114.30,73.33 -114.13,73.23 -114.05,72.96 -114.52,72.59
R|-119.74,74.11 -119.21,74.20 -119.12,74.02 -118.54,74.24 -117.51,74.23 -115.39,73.50 -119.08,72.64 -119.51,72.30 -120.18,72.21 -120.44,71.63 -120.62,71.51 -121.75,71.44 -123.10,71.09 -124.01,71.68 -125.30,71.97 -125.85,71.98 -125.63,72.25 -124.99,72.59 -124.97,72.84 -124.56,72.94 -124.80,73.13 -123.80,73.77 -124.19,73.90 -124.70,74.35 -121.50,74.55 -119.56,74.23 -119.74,74.11
R|-69.49,83.02 -66.42,82.93 -68.47,82.65 -64.98,82.90 -64.50,82.78 -63.64,82.81 -63.47,82.77 -63.64,82.71 -63.09,82.57 -63.25,82.45 -61.70,82.49 -61.30,82.40 -61.27,82.28 -63.59,81.85 -66.63,81.62 -66.91,81.49 -68.69,81.29 -65.74,81.49 -64.83,81.44 -68.63,80.68 -69.55,80.38 -70.71,80.54 -70.26,80.23 -72.06,80.12 -70.57,80.09 -71.36,79.91 -71.11,79.85 -71.39,79.76 -72.44,79.69 -74.39,79.87 -73.47,79.76 -73.20,79.60 -73.36,79.50 -75.50,79.41 -76.90,79.51 -75.60,79.24 -74.48,79.23 -74.53,79.05 -78.58,79.08 -77.88,78.94 -76.26,79.01 -74.43,78.72 -74.88,78.54 -76.42,78.51 -75.19,78.33 -75.97,77.99 -78.01,77.95 -78.08,77.52 -78.49,77.37 -80.57,77.31 -81.66,77.53 -81.28,77.37 -82.06,77.30 -81.84,77.21 -79.50,77.20 -79.22,76.94 -78.29,76.98 -78.00,76.85 -78.28,76.57 -80.69,76.18 -81.00,76.21 -80.83,76.37 -80.97,76.47 -81.72,76.49 -82.53,76.72 -82.23,76.47 -83.89,76.45 -84.22,76.68 -84.28,76.36 -85.14,76.30 -86.45,76.58 -86.68,76.38 -87.35,76.45 -87.49,76.59 -87.50,76.39 -88.40,76.41 -88.50,76.77 -88.61,76.65 -88.55,76.42 -89.57,76.49 -89.50,76.83 -88.40,77.10 -86.81,77.18 -87.94,77.60 -88.09,77.72 -87.76,77.84 -86.39,77.81 -85.59,77.46 -84.74,77.36 -83.61,77.44 -82.66,77.89 -82.60,77.99 -82.70,77.96 -83.78,77.53 -84.86,77.50 -85.29,77.56 -85.29,77.76 -85.55,77.93 -84.62,78.20 -84.22,78.18 -84.91,78.24 -84.78,78.53 -85.59,78.11 -86.22,78.08 -85.92,78.34 -86.91,78.13 -87.55,78.18 -87.49,78.42 -86.81,78.77 -85.00,78.91 -83.27,78.77 -81.75,78.98 -84.41,79.00 -84.57,79.07 -84.38,79.12 -83.58,79.05 -85.27,79.66 -86.42,79.85 -86.61,80.12 -86.50,80.26 -83.72,80.23 -81.69,79.69 -80.48,79.61 -80.12,79.67 -81.01,79.69 -82.99,80.32 -76.86,80.86 -78.72,80.95 -78.29,81.17 -76.89,81.43 -79.20,81.12 -79.76,80.84 -81.01,80.65 -82.88,80.58 -82.22,80.77 -85.15,80.52 -86.53,80.60 -86.60,80.66 -86.44,80.73 -85.25,80.99 -83.29,81.15 -85.78,81.04 -87.71,80.66 -89.06,80.83 -89.26,80.91 -89.17,80.94 -86.48,81.04 -84.94,81.29 -89.62,81.03 -89.95,81.17 -89.21,81.25 -89.67,81.33 -87.60,81.53 -90.30,81.40 -90.55,81.46 -89.82,81.63 -91.68,81.64 -90.94,81.83 -88.06,82.10 -87.02,81.96 -86.63,82.05 -85.04,81.98 -86.62,82.22 -84.90,82.45 -83.59,82.33 -82.63,82.08 -82.33,82.09 -82.75,82.20 -82.54,82.25 -79.42,81.85 -82.45,82.40 -81.68,82.52 -82.12,82.63 -80.86,82.57 -81.18,82.74 -81.01,82.78 -78.75,82.68 -79.83,82.82 -80.15,82.91 -79.89,82.94 -77.48,82.88 -76.01,82.54 -75.64,82.64 -77.12,83.01 -74.41,83.01 -72.66,82.72 -73.44,82.90 -72.81,83.08 -71.98,83.10 -70.94,82.90 -71.42,83.02 -71.08,83.08 -69.49,83.02
R|-95.48,77.79 -93.58,77.77 -93.13,77.66 -93.54,77.47 -95.99,77.48 -96.26,77.59 -96.19,77.70 -95.48,77.79
R|-93.54,75.03 -93.46,74.86 -93.57,74.67 -94.53,74.64 -96.60,75.03 -95.95,75.44 -94.88,75.63 -93.91,75.42 -93.50,75.14 -93.54,75.03
R|-100.00,73.95 -99.16,73.73 -97.67,73.89 -97.11,73.79 -97.00,73.67 -97.63,73.50 -97.27,73.39 -97.80,73.29 -98.43,72.96 -97.64,73.03 -97.08,72.76 -97.13,72.63 -96.54,72.70 -96.47,72.43 -96.80,72.32 -96.59,72.20 -96.77,72.05 -96.61,71.83 -97.58,71.63 -98.18,71.66 -98.32,71.85 -98.46,71.77 -98.20,71.44 -98.66,71.30 -99.17,71.37 -100.59,72.15 -101.72,72.31 -102.66,72.72 -102.55,72.98 -102.20,73.08 -101.92,73.06 -101.27,72.72 -100.48,72.77 -100.40,72.98 -100.13,72.91 -100.24,73.10 -100.54,73.20 -99.83,73.21 -100.37,73.36 -100.89,73.28 -101.52,73.49 -100.98,73.60 -100.52,73.45 -100.96,73.79 -99.99,73.80 -100.23,73.89 -100.00,73.95
R|-84.92,65.26 -84.50,65.46 -84.08,65.22 -82.05,64.64 -81.68,64.21 -81.89,64.02 -80.83,64.09 -80.57,63.93 -80.67,63.90 -80.26,63.80 -81.05,63.46 -82.38,63.71 -82.47,63.93 -83.30,64.14 -84.63,63.31 -85.39,63.12 -85.77,63.70 -87.15,63.59 -86.93,63.90 -86.25,64.14 -86.37,64.57 -86.07,65.53 -85.81,65.83 -85.55,65.92 -85.24,65.80 -85.11,65.62 -85.24,65.51 -84.92,65.26
R|-97.70,76.47 -97.74,76.34 -97.53,76.11 -97.65,75.98 -97.60,75.85 -97.89,75.76 -97.41,75.67 -97.34,75.42 -97.65,75.51 -97.88,75.42 -97.66,75.15 -98.07,75.20 -97.99,75.05 -100.29,75.03 -100.48,75.19 -100.15,75.25 -100.71,75.41 -99.19,75.70 -102.54,75.51 -102.80,75.60 -102.14,75.88 -100.97,75.80 -101.29,75.79 -101.51,75.92 -101.43,75.99 -101.82,76.04 -101.56,76.24 -102.14,76.28 -101.79,76.45 -99.87,75.92 -99.69,75.96 -100.11,76.12 -99.54,76.15 -100.41,76.24 -99.98,76.31 -100.82,76.44 -100.83,76.52 -99.81,76.63 -98.89,76.47 -99.02,76.61 -98.71,76.69 -97.70,76.47
R|-103.43,79.32 -102.91,79.23 -102.65,79.10 -102.73,78.97 -102.58,78.88 -102.39,79.01 -101.70,79.08 -101.04,78.94 -101.13,78.80 -100.01,78.73 -99.58,78.56 -99.85,78.44 -99.75,78.30 -99.00,78.00 -99.17,77.86 -99.96,77.79 -100.59,77.89 -101.07,78.19 -102.61,78.25 -102.73,78.37 -103.95,78.26 -104.76,78.35 -104.99,78.47 -104.91,78.55 -103.57,78.54 -104.02,78.63 -103.37,78.74 -104.19,78.78 -103.88,78.90 -104.15,78.99 -104.90,78.81 -104.97,78.86 -104.75,79.03 -105.57,79.06 -105.44,79.30 -103.43,79.32
R|-91.89,81.13 -90.64,80.59 -89.24,80.51 -89.13,80.44 -89.20,80.26 -88.86,80.17 -88.20,80.11 -88.61,80.26 -88.64,80.39 -88.52,80.42 -87.67,80.37 -87.63,80.19 -87.92,80.10 -87.20,80.04 -86.98,79.89 -87.30,79.58 -86.34,79.63 -86.01,79.48 -85.65,79.61 -85.04,79.28 -86.96,78.97 -87.62,78.68 -87.92,78.75 -87.95,78.92 -87.82,79.04 -88.04,79.00 -88.25,78.67 -87.98,78.54 -88.74,78.58 -88.61,78.39 -88.82,78.19 -90.04,78.61 -89.53,78.16 -90.30,78.33 -90.65,78.31 -90.33,78.18 -90.61,78.15 -92.68,78.39 -92.85,78.46 -92.73,78.49 -91.87,78.54 -93.27,78.61 -93.63,78.75 -93.16,78.78 -94.16,78.99 -91.30,79.37 -92.82,79.45 -93.93,79.29 -94.11,79.40 -95.10,79.29 -95.73,79.42 -95.66,79.53 -94.40,79.74 -95.86,79.67 -96.46,79.85 -96.77,80.14 -94.65,80.05 -94.26,80.19 -95.41,80.14 -96.39,80.32 -95.55,80.37 -96.15,80.55 -96.13,80.69 -95.93,80.72 -93.93,80.56 -95.51,80.84 -94.98,81.05 -93.29,81.10 -93.41,81.21 -94.19,81.24 -94.18,81.34 -93.03,81.35 -91.89,81.13
R|-94.29,76.91 -93.23,76.77 -93.20,76.67 -93.53,76.45 -93.00,76.62 -91.31,76.68 -90.54,76.50 -91.42,76.46 -89.28,76.30 -89.41,76.19 -91.41,76.22 -89.28,75.80 -89.26,75.70 -89.65,75.57 -88.92,75.45 -88.80,75.50 -88.85,75.62 -88.64,75.66 -88.20,75.51 -87.73,75.58 -87.54,75.48 -87.26,75.62 -85.95,75.40 -86.07,75.50 -85.97,75.53 -83.93,75.82 -82.15,75.83 -79.66,75.45 -79.51,75.26 -80.38,75.03 -79.40,74.92 -80.35,74.90 -80.15,74.80 -80.28,74.58 -81.94,74.47 -82.93,74.57 -83.12,74.69 -83.10,74.82 -83.52,74.90 -83.34,74.76 -83.53,74.59 -84.43,74.51 -85.06,74.61 -85.13,74.52 -85.44,74.60 -85.81,74.50 -88.42,74.49 -88.56,74.57 -88.34,74.78 -88.53,74.83 -88.85,74.69 -88.94,74.79 -89.19,74.74 -89.20,74.64 -89.56,74.55 -90.55,74.61 -90.97,74.72 -90.88,74.82 -91.13,74.65 -91.55,74.66 -91.96,74.79 -92.17,75.05 -92.08,75.12 -92.41,75.30 -92.07,75.66 -92.19,75.85 -93.09,76.35 -95.27,76.26 -96.04,76.49 -95.65,76.58 -96.88,76.74 -96.40,76.80 -96.77,76.89 -96.76,76.97 -95.85,77.07 -94.29,76.91
R|-96.20,78.53 -94.92,78.39 -95.33,78.23 -94.93,78.08 -96.99,77.81 -97.02,77.91 -97.66,78.09 -96.94,78.15 -98.05,78.33 -98.32,78.48 -98.06,78.56 -98.34,78.75 -97.38,78.78 -96.20,78.53
R|-93.17,74.16 -92.22,73.97 -91.09,74.01 -90.38,73.82 -91.55,73.24 -91.46,73.15 -92.12,72.75 -94.21,72.76 -93.53,72.50 -94.04,72.03 -95.19,72.03 -95.25,72.50 -95.60,72.88 -95.63,73.70 -94.70,73.66 -95.13,73.88 -94.97,74.04 -93.17,74.16
R|-97.44,69.64 -97.24,69.67 -96.30,69.34 -95.75,68.90 -95.27,68.83 -96.60,68.46 -97.47,68.54 -98.32,68.84 -99.44,68.92 -99.56,69.03 -99.46,69.13 -98.46,69.33 -98.55,69.57 -98.04,69.46 -98.29,69.63 -98.20,69.80 -97.79,69.86 -97.41,69.74 -97.44,69.64
R|-61.11,45.94 -60.87,45.98 -61.04,45.88 -61.06,45.70 -60.74,45.75 -60.46,45.97 -60.73,45.96 -60.30,46.31 -60.23,46.20 -59.87,46.16 -59.93,46.02 -59.83,45.97 -60.67,45.59 -61.28,45.57 -61.45,45.72 -61.41,46.17 -60.87,46.80 -60.49,47.01 -60.33,46.77 -60.49,46.27 -61.11,45.94
R|-67.12,45.17 -67.37,45.17 -67.47,45.28 -67.43,45.60 -67.80,45.73 -67.81,47.08 -68.24,47.35 -68.94,47.21 -69.05,47.43 -69.24,47.46 -70.01,46.71 -70.30,45.91 -70.87,45.27 -71.33,45.29 -71.52,45.01 -74.71,45.00 -73.56,45.43 -73.16,46.01 -72.11,46.55 -70.52,47.03 -69.47,47.97 -68.82,48.37 -66.60,49.13 -65.52,49.27 -64.84,49.19 -64.26,48.92 -64.21,48.81 -64.51,48.84 -64.25,48.69 -64.35,48.42 -65.26,48.02 -65.93,48.19 -66.70,48.02 -66.36,48.06 -65.85,47.91 -65.61,47.67 -65.00,47.85 -64.70,47.72 -64.91,47.37 -65.32,47.10 -64.83,47.06 -64.91,46.89 -64.54,46.24 -63.92,46.17 -63.83,46.11 -64.06,46.02 -63.70,45.86 -62.70,45.74 -62.75,45.65 -62.48,45.62 -61.96,45.87 -61.78,45.66 -61.49,45.69 -61.35,45.57 -61.28,45.44 -61.46,45.37 -61.03,45.29 -63.31,44.64 -63.60,44.68 -63.61,44.48 -64.00,44.64 -64.10,44.49 -64.29,44.55 -64.28,44.33 -65.48,43.52 -65.74,43.56 -65.89,43.80 -66.13,43.81 -66.19,44.14 -65.87,44.57 -66.09,44.50 -64.45,45.34 -64.14,45.02 -64.09,45.22 -63.37,45.36 -64.87,45.35 -64.31,45.84 -64.48,45.81 -64.63,45.95 -64.59,45.81 -64.78,45.64 -65.88,45.22 -66.11,45.32 -66.03,45.42 -66.44,45.10 -67.12,45.17
R|-55.46,51.54 -55.58,51.39 -56.03,51.33 -56.00,51.20 -55.82,51.19 -55.80,51.03 -56.73,50.01 -56.82,49.61 -56.18,50.11 -56.16,49.94 -55.50,49.98 -56.14,49.62 -55.87,49.67 -56.09,49.45 -55.38,49.49 -55.34,49.37 -55.23,49.51 -55.35,49.08 -54.50,49.53 -54.45,49.33 -53.96,49.44 -53.62,49.32 -53.57,49.14 -54.16,48.79 -53.85,48.81 -53.97,48.71 -53.71,48.66 -54.11,48.39 -53.03,48.63 -53.14,48.40 -53.87,48.02 -53.64,48.01 -53.86,47.79 -53.67,47.65 -53.28,48.00 -52.87,48.11 -53.15,47.73 -53.17,47.51 -52.95,47.55 -52.78,47.77 -52.65,47.55 -53.07,46.68 -53.59,46.64 -53.60,47.15 -54.01,46.84 -54.17,46.88 -53.85,47.44 -53.99,47.76 -54.19,47.86 -54.49,47.40 -54.47,47.55 -54.86,47.39 -55.32,46.91 -55.79,46.87 -55.95,46.93 -55.92,47.02 -55.49,47.16 -54.78,47.66 -55.37,47.66 -55.58,47.47 -56.13,47.50 -55.87,47.59 -55.86,47.82 -56.77,47.56 -58.34,47.73 -58.94,47.58 -59.26,47.63 -59.34,47.93 -58.33,48.52 -59.17,48.56 -58.84,48.75 -58.91,48.65 -58.72,48.60 -58.40,49.08 -57.99,48.99 -58.10,49.08 -57.98,49.23 -58.19,49.26 -58.21,49.39 -58.02,49.54 -57.79,49.49 -57.93,49.70 -57.43,50.51 -57.18,50.61 -57.30,50.70 -57.05,50.86 -57.04,51.01 -56.68,51.33 -56.03,51.57 -55.46,51.54
R|-86.59,71.01 -85.64,71.15 -85.09,71.15 -84.82,71.03 -84.70,71.63 -85.34,71.70 -85.91,71.99 -85.32,72.23 -84.28,72.04 -84.84,72.31 -84.62,72.38 -85.34,72.42 -85.65,72.72 -85.26,72.95 -84.26,72.80 -85.45,73.11 -84.42,73.46 -83.78,73.42 -83.90,73.53 -83.41,73.63 -81.61,73.70 -81.34,73.60 -81.15,73.31 -80.60,73.12 -80.59,72.93 -80.28,72.77 -81.23,72.31 -80.61,72.45 -80.94,72.21 -80.69,72.10 -80.92,72.07 -80.93,71.91 -80.18,72.21 -79.88,72.18 -80.11,72.33 -79.83,72.45 -79.00,72.27 -79.01,72.04 -78.59,71.88 -78.86,72.10 -78.70,72.35 -77.52,72.18 -78.29,72.36 -78.48,72.47 -78.42,72.57 -77.75,72.72 -76.89,72.72 -75.12,72.38 -75.05,72.23 -75.92,71.72 -75.15,72.06 -74.27,72.04 -74.32,71.84 -75.20,71.71 -74.70,71.68 -75.00,71.22 -74.49,71.65 -73.87,71.77 -73.71,71.72 -74.20,71.40 -73.71,71.59 -73.18,71.28 -73.28,71.54 -72.90,71.68 -71.64,71.52 -71.26,71.36 -71.22,71.24 -72.63,70.83 -71.74,71.05 -70.67,71.05 -70.64,70.90 -70.76,70.79 -71.89,70.43 -71.28,70.50 -71.43,70.13 -70.98,70.58 -70.56,70.74 -69.95,70.85 -69.17,70.76 -68.36,70.48 -70.06,70.04 -68.78,70.20 -69.01,69.98 -68.74,69.94 -68.23,70.11 -68.33,70.18 -68.06,70.32 -67.36,70.03 -67.17,69.80 -68.02,69.77 -69.25,69.51 -68.51,69.58 -67.24,69.46 -66.69,69.29 -66.80,69.15 -67.94,69.25 -69.04,69.10 -68.42,69.17 -67.83,69.07 -67.75,68.93 -67.88,68.78 -69.32,68.86 -68.21,68.70 -67.94,68.52 -66.74,68.46 -67.03,68.33 -66.83,68.22 -66.92,68.07 -66.73,68.13 -66.66,68.03 -66.63,68.21 -66.21,68.28 -66.27,68.04 -66.53,67.86 -66.44,67.83 -65.94,68.07 -65.97,67.96 -65.86,67.92 -65.51,67.97 -65.54,67.77 -65.40,67.67 -65.42,67.88 -64.92,68.03 -64.84,67.99 -65.02,67.79 -64.64,67.84 -63.85,67.57 -64.08,67.50 -64.01,67.35 -64.70,67.35 -63.84,67.26 -63.59,67.38 -63.04,67.24 -63.70,66.82 -62.96,66.95 -62.38,66.91 -62.12,67.05 -61.30,66.65 -61.53,66.56 -62.12,66.64 -61.58,66.41 -61.86,66.31 -62.55,66.41 -62.41,66.32 -62.53,66.23 -61.99,66.04 -62.62,66.02 -62.38,65.83 -62.66,65.64 -63.17,65.66 -63.46,65.85 -63.42,65.71 -63.65,65.66 -63.34,65.62 -63.36,65.23 -63.61,64.93 -63.90,65.11 -64.35,65.17 -64.27,65.40 -64.56,65.12 -65.40,65.76 -64.45,66.32 -65.00,66.08 -65.83,66.00 -65.86,66.09 -65.66,66.20 -66.06,66.13 -66.99,66.63 -67.08,66.53 -67.31,66.57 -67.23,66.31 -67.88,66.47 -67.18,66.03 -67.35,65.93 -67.83,65.97 -68.46,66.25 -68.75,66.20 -68.22,66.08 -68.19,65.87 -67.87,65.77 -67.94,65.56 -67.57,65.64 -67.12,65.44 -67.34,65.35 -66.83,65.07 -66.70,64.82 -66.64,65.00 -66.22,64.85 -66.30,64.78 -66.21,64.72 -65.94,64.89 -65.43,64.73 -65.27,64.63 -65.53,64.50 -65.07,64.44 -65.21,64.30 -65.58,64.29 -65.17,64.03 -64.68,64.03 -64.80,63.92 -64.58,63.90 -64.41,63.71 -64.56,63.68 -64.51,63.26 -64.66,63.25 -65.19,63.76 -65.07,63.26 -64.67,62.92 -65.16,62.93 -65.11,62.63 -66.22,63.11 -66.23,62.99 -66.41,63.03 -66.65,63.26 -66.70,63.07 -67.89,63.73 -67.76,63.42 -68.49,63.73 -68.91,63.70 -68.14,63.17 -67.68,63.09 -67.74,63.01 -66.64,62.60 -65.98,62.21 -66.13,62.10 -66.06,61.91 -66.32,61.87 -67.44,62.15 -68.63,62.28 -69.13,62.42 -69.60,62.77 -70.24,62.76 -71.11,63.00 -70.95,63.12 -71.35,63.07 -71.99,63.42 -71.38,63.58 -72.29,63.73 -72.17,63.89 -72.50,63.82 -73.45,64.40 -73.27,64.58 -73.91,64.58 -74.06,64.42 -74.13,64.61 -74.46,64.64 -74.68,64.83 -74.92,64.77 -74.64,64.56 -74.69,64.50 -75.72,64.52 -75.77,64.39 -76.86,64.24 -78.05,64.50 -78.20,64.66 -78.10,64.94 -77.36,65.20 -77.46,65.36 -77.33,65.45 -75.83,65.23 -75.52,65.06 -75.59,64.91 -75.45,64.84 -75.36,65.01 -75.80,65.30 -73.55,65.49 -73.75,65.77 -74.42,66.17 -73.03,66.73 -72.79,67.03 -72.22,67.25 -73.33,68.27 -73.28,68.36 -73.82,68.36 -73.82,68.69 -74.12,68.70 -73.99,68.55 -74.27,68.54 -74.89,68.81 -74.74,68.91 -74.95,68.96 -74.72,69.05 -76.59,68.70 -76.56,69.01 -75.95,69.03 -75.65,69.21 -76.46,69.47 -76.52,69.59 -76.23,69.66 -77.09,69.64 -76.86,69.78 -77.59,69.85 -77.77,70.24 -78.28,70.23 -79.07,70.60 -79.41,70.40 -78.93,70.29 -78.82,70.01 -79.52,69.89 -81.56,70.11 -80.92,69.85 -80.84,69.77 -80.92,69.73 -81.56,69.94 -82.29,69.84 -83.15,70.01 -85.78,70.04 -86.32,70.15 -86.50,70.35 -86.40,70.47 -87.84,70.25 -88.85,70.52 -89.46,71.06 -87.84,70.94 -87.14,71.01 -89.85,71.49 -90.03,71.95 -89.66,72.18 -89.86,72.25 -89.86,72.41 -89.36,72.80 -89.23,73.11 -87.72,73.72 -86.41,73.85 -85.01,73.78 -84.97,73.69 -86.09,73.26 -86.67,72.76 -86.32,72.46 -86.34,72.12 -86.22,71.90 -85.02,71.35 -86.59,71.01
R|-61.80,49.09 -63.04,49.22 -64.49,49.89 -64.13,49.94 -62.86,49.71 -61.82,49.28 -61.70,49.14 -61.80,49.09
R|-63.81,46.47 -63.68,46.56 -63.13,46.42 -62.02,46.42 -62.53,46.20 -62.53,45.98 -63.02,46.07 -62.89,46.12 -63.06,46.22 -62.98,46.32 -63.21,46.16 -63.64,46.23 -63.76,46.40 -64.11,46.43 -64.14,46.60 -64.39,46.64 -63.99,47.06 -64.09,46.78 -63.81,46.47
R|-82.00,62.95 -82.11,62.65 -83.02,62.21 -83.70,62.16 -83.91,62.43 -83.38,62.90 -82.00,62.95
R|-79.55,62.41 -79.27,62.19 -79.67,61.64 -79.82,61.59 -80.27,61.82 -80.26,62.11 -80.02,62.34 -79.55,62.41
R|-75.68,68.32 -75.08,68.17 -75.20,67.46 -75.78,67.28 -76.69,67.24 -77.00,67.27 -77.22,67.51 -77.23,67.85 -76.74,68.23 -75.68,68.32
R|-79.54,73.65 -78.29,73.67 -77.21,73.50 -76.09,72.88 -79.82,72.83 -80.18,73.22 -80.78,73.33 -80.85,73.72 -79.54,73.65
R|-80.73,52.75 -82.04,53.05 -81.85,53.19 -81.14,53.21 -80.77,52.92 -80.73,52.75
R|-78.94,56.27 -79.18,55.89 -79.27,55.92 -79.18,56.21 -79.50,55.87 -79.76,55.81 -79.54,56.13 -79.90,55.87 -80.01,55.91 -79.52,56.33 -79.46,56.54 -79.54,56.18 -79.27,56.60 -78.96,56.42 -78.94,56.27
R|-89.83,77.27 -90.99,77.33 -91.15,77.39 -91.18,77.56 -90.84,77.65 -90.17,77.59 -89.72,77.44 -89.83,77.27
R|-104.56,77.14 -105.22,77.18 -106.07,77.73 -105.29,77.64 -104.96,77.42 -104.54,77.34 -104.45,77.25 -104.56,77.14
R|-98.79,79.98 -98.79,79.79 -98.95,79.72 -100.00,79.88 -100.13,80.00 -99.73,80.14 -99.02,80.11 -98.79,79.98
R|-105.29,72.92 -106.95,73.51 -106.61,73.70 -105.51,73.77 -104.65,73.61 -104.56,73.54 -104.62,73.31 -105.29,72.92
R|-102.23,76.01 -102.01,75.94 -102.58,75.78 -103.31,75.76 -103.04,75.92 -103.77,75.89 -103.99,75.93 -103.80,76.04 -104.41,76.11 -102.73,76.31 -102.23,76.01
R|-104.02,76.58 -103.03,76.43 -104.36,76.33 -104.59,76.61 -104.07,76.67 -103.96,76.64 -104.02,76.58
R|-118.33,75.58 -119.39,75.62 -117.63,76.12 -117.50,76.08 -117.63,75.97 -118.33,75.58
R|-113.83,77.75 -114.61,77.77 -115.03,77.97 -114.33,78.08 -113.62,77.83 -113.83,77.75
R|-130.24,53.96 -130.38,53.84 -130.71,53.92 -130.45,54.09 -130.24,53.96
R|-129.85,53.17 -130.52,53.54 -130.39,53.62 -129.94,53.44 -129.75,53.24 -129.85,53.17
R|-128.55,52.94 -128.51,52.52 -128.68,52.29 -128.75,52.76 -128.90,52.67 -129.18,52.99 -129.03,53.28 -128.63,53.11 -128.55,52.94
R|-68.23,60.24 -68.37,60.31 -68.14,60.56 -67.82,60.45 -68.23,60.24
R|-70.34,62.55 -70.77,62.60 -71.22,62.87 -70.44,62.73 -70.34,62.55
R|-64.83,61.37 -65.43,61.65 -64.79,61.66 -64.67,61.59 -64.83,61.37
R|-79.06,75.93 -79.70,75.88 -79.01,76.15 -78.85,76.11 -79.06,75.93
R|-73.62,67.78 -74.48,67.80 -74.75,68.02 -74.38,68.09 -73.49,68.00 -73.41,67.79 -73.62,67.78
R|-77.88,63.47 -77.53,63.23 -77.94,63.11 -78.54,63.42 -77.88,63.47
R|-94.53,75.75 -94.90,75.93 -94.50,75.99 -94.30,75.79 -94.53,75.75
R|-96.78,72.94 -97.09,73.00 -97.07,73.13 -96.86,73.19 -96.60,73.07 -96.78,72.94
R|-98.27,73.87 -99.42,73.90 -97.80,74.11 -97.66,74.07 -97.75,74.01 -98.27,73.87
R|-74.88,68.35 -75.40,68.59 -75.29,68.69 -74.98,68.65 -74.80,68.46 -74.88,68.35
R|-76.68,63.39 -77.36,63.59 -77.13,63.68 -76.65,63.50 -76.68,63.39
R|-79.43,69.79 -79.36,69.71 -79.55,69.63 -80.05,69.63 -79.98,69.51 -80.79,69.69 -80.42,69.80 -79.43,69.79
R|-79.21,68.85 -79.39,68.94 -78.65,69.35 -78.23,69.30 -78.85,68.92 -79.21,68.85
R|-77.00,69.14 -77.32,69.19 -77.34,69.40 -76.68,69.38 -77.00,69.14
R|-86.91,70.11 -86.56,70.08 -86.73,69.98 -87.32,70.08 -86.91,70.11
R|-83.73,65.80 -83.23,65.72 -83.33,65.63 -84.12,65.77 -84.14,65.92 -84.47,66.09 -83.79,65.97 -83.73,65.80
R|-86.60,67.74 -86.89,67.84 -86.85,68.01 -86.96,68.10 -86.70,68.31 -86.42,68.18 -86.40,67.89 -86.60,67.74
R|-84.67,65.58 -85.10,65.76 -85.15,66.02 -84.76,65.86 -84.60,65.66 -84.67,65.58
R|-101.23,76.58 -101.61,76.60 -100.96,76.73 -100.27,76.73 -101.23,76.58
R|-101.69,77.70 -102.38,77.73 -102.47,77.87 -101.19,77.83 -101.00,77.74 -101.69,77.70
R|-89.73,76.51 -90.16,76.52 -90.56,76.75 -89.95,76.84 -89.70,76.74 -89.82,76.63 -89.73,76.51
R|-96.08,75.51 -96.86,75.37 -97.02,75.47 -96.37,75.65 -95.96,75.55 -96.08,75.51
R|-113.56,76.74 -114.84,76.79 -113.89,76.89 -113.52,76.83 -113.56,76.74
R|-104.12,75.04 -104.89,75.15 -104.47,75.41 -104.07,75.42 -103.64,75.16 -104.12,75.04
R|-100.22,68.81 -100.60,68.77 -100.61,68.99 -100.33,69.00 -100.18,68.90 -100.22,68.81
R|-95.51,69.57 -95.38,69.51 -95.50,69.35 -95.73,69.35 -95.76,69.56 -95.89,69.35 -95.99,69.39 -95.88,69.61 -95.51,69.57
R|-101.85,68.59 -102.31,68.68 -101.83,68.80 -101.72,68.72 -101.85,68.59
R|-107.90,67.40 -107.95,67.32 -108.15,67.43 -108.13,67.63 -107.99,67.62 -107.90,67.40
C|CM|Cameroon|Africa|12.47|4.59
R|8.56,4.76 9.00,5.92 9.78,6.76 10.14,7.00 10.21,6.89 10.48,6.89 10.61,7.06 11.01,6.74 11.11,6.46 11.24,6.45 11.86,7.12 11.77,7.27 12.02,7.59 12.23,8.28 12.40,8.60 12.78,8.82 12.93,9.43 13.20,9.56 13.27,10.04 13.70,10.87 13.98,11.21 14.56,11.49 14.62,12.15 14.52,12.30 14.20,12.38 14.06,13.08 14.46,13.02 14.85,12.50 15.08,11.85 15.03,11.11 15.13,10.65 15.65,10.01 14.24,9.98 13.98,9.69 14.33,9.20 15.12,8.56 15.56,7.74 14.76,6.32 14.43,6.04 14.62,5.87 14.56,5.28 14.71,4.67 15.06,4.28 15.06,3.95 16.06,2.91 16.18,2.27 16.07,2.02 16.14,1.72 15.60,1.95 14.90,2.01 14.58,2.20 13.29,2.16 13.22,2.26 11.56,2.30 11.35,2.30 11.33,2.17 9.98,2.17 9.80,2.30 9.92,3.24 9.67,3.54 9.77,3.62 9.64,3.61 9.56,3.80 9.74,3.85 9.69,4.06 9.48,4.07 9.43,3.92 9.00,4.09 8.92,4.55 8.66,4.67 8.69,4.55 8.57,4.53 8.56,4.76
C|KH|Cambodia|Asia|104.50|12.65
R|107.52,14.71 107.33,14.13 107.61,13.44 107.48,13.03 107.54,12.43 107.39,12.26 107.21,12.30 106.93,12.08 106.41,11.95 106.40,11.69 106.01,11.76 105.85,11.64 105.86,11.29 106.16,11.04 106.16,10.79 105.76,10.99 105.31,10.85 105.05,10.91 105.05,10.70 104.85,10.53 104.43,10.41 103.87,10.66 103.59,10.55 103.54,10.67 103.72,10.89 103.53,11.15 103.35,10.92 103.15,10.91 103.13,11.46 102.74,12.09 102.76,12.43 102.50,12.67 102.32,13.54 102.55,13.59 103.03,14.25 103.55,14.42 104.78,14.43 105.03,14.23 105.18,14.35 105.35,14.11 105.53,14.16 106.07,13.92 106.12,14.05 105.98,14.34 106.23,14.48 106.50,14.58 106.94,14.33 107.52,14.71
C|MM|Myanmar|Asia|95.80|21.57
R|100.12,20.32 99.89,20.42 99.46,20.36 99.49,20.15 99.07,20.10 98.92,19.77 98.02,19.75 97.82,19.46 97.75,18.59 97.37,18.52 97.63,18.29 97.71,17.80 98.44,16.98 98.66,16.33 98.89,16.35 98.59,16.05 98.56,15.37 98.19,15.20 98.20,14.98 99.14,13.72 99.12,13.03 99.41,12.55 99.61,11.78 98.76,10.66 98.70,10.19 98.56,10.03 98.46,10.68 98.68,10.99 98.74,11.59 98.88,11.72 98.64,11.74 98.70,12.23 98.60,12.25 98.68,12.35 98.58,13.16 98.20,13.98 98.11,13.71 98.10,14.16 97.91,14.65 98.02,14.65 97.81,14.86 97.71,15.88 97.58,16.02 97.73,16.57 97.38,16.52 97.20,17.10 96.85,17.40 96.91,17.03 96.77,16.71 96.43,16.50 96.19,16.77 96.32,16.44 95.76,16.17 95.39,15.72 95.30,15.76 95.35,16.10 95.18,15.83 94.94,15.82 94.89,16.18 94.66,15.90 94.70,16.51 94.44,16.09 94.22,16.02 94.59,17.57 94.25,18.74 94.07,18.89 94.04,19.29 93.93,18.90 93.49,19.37 93.82,19.24 94.00,19.44 93.61,19.78 93.71,19.91 93.25,20.07 93.13,19.86 93.00,20.07 93.07,20.38 92.88,20.15 92.79,20.21 92.85,20.41 92.71,20.56 92.72,20.30 92.38,20.72 92.18,21.29 92.33,21.44 92.60,21.27 92.57,21.98 92.69,22.13 92.96,22.00 93.15,22.23 93.08,22.72 93.39,23.34 93.33,24.06 94.13,23.88 94.71,25.05 94.58,25.32 95.13,26.04 95.13,26.60 96.19,27.26 96.73,27.33 97.10,27.12 96.88,27.59 97.34,27.94 97.32,28.22 97.60,28.52 98.10,28.14 98.30,27.55 98.45,27.66 98.65,27.57 98.74,26.70 98.69,26.19 98.56,26.07 98.66,25.86 98.33,25.59 98.14,25.57 98.01,25.29 97.82,25.25 97.74,24.87 97.58,24.77 97.53,24.49 97.71,24.23 97.56,23.91 98.21,24.11 98.84,24.12 98.68,23.91 98.86,23.19 99.51,22.96 99.19,22.13 99.92,22.03 99.94,21.76 100.21,21.46 100.60,21.47 101.13,21.74 101.08,21.47 100.76,21.31 100.54,20.99 100.62,20.86 100.25,20.73 100.12,20.32
C|BI|Burundi|Africa|29.92|-3.33
R|30.55,-2.40 30.43,-2.87 30.78,-2.98 30.79,-3.27 30.43,-3.59 29.95,-4.31 29.72,-4.46 29.40,-4.45 29.21,-3.83 29.22,-3.05 29.02,-2.80 29.06,-2.60 29.39,-2.81 29.70,-2.79 29.87,-2.72 29.93,-2.34 30.55,-2.40
C|BF|Burkina Faso|Africa|-1.36|12.67
R|0.90,10.99 0.49,10.95 -0.30,11.17 -0.63,10.93 -2.83,11.00 -2.91,10.59 -2.79,10.40 -2.77,9.42 -3.22,9.90 -3.79,9.92 -4.33,9.65 -4.63,9.71 -4.97,9.93 -5.10,10.24 -5.52,10.43 -5.49,11.04 -5.25,11.38 -5.29,11.83 -4.70,12.08 -4.43,12.34 -4.48,12.67 -4.23,12.79 -4.33,13.12 -4.15,13.31 -3.95,13.40 -3.53,13.18 -3.30,13.28 -3.25,13.66 -2.95,13.65 -2.87,13.95 -2.59,14.23 -2.11,14.17 -1.97,14.46 -0.67,15.07 0.22,14.91 0.16,14.50 0.38,14.25 0.43,13.97 0.62,13.70 1.20,13.36 0.99,13.36 0.99,13.04 1.56,12.64 2.07,12.71 2.21,12.54 2.06,12.36 2.39,11.90 2.29,11.69 1.98,11.42 1.43,11.45 0.90,10.99
C|BG|Bulgaria|Europe|25.16|42.51
R|28.01,41.97 27.53,41.92 27.24,42.09 26.62,41.96 26.32,41.72 26.11,41.73 26.14,41.39 25.92,41.31 25.25,41.24 24.49,41.56 22.92,41.34 23.00,41.74 22.84,41.99 22.34,42.31 22.52,42.44 22.47,42.84 22.71,42.88 22.98,43.19 22.50,43.52 22.40,43.97 22.71,44.24 23.03,44.08 22.87,43.95 22.92,43.83 25.50,43.67 26.22,44.01 27.09,44.17 28.59,43.74 28.47,43.39 28.13,43.40 27.93,43.19 27.89,42.75 27.48,42.47 28.01,41.97
C|BN|Brunei|Asia|114.55|4.45
R|115.14,4.90 115.29,4.35 115.11,4.39 115.05,4.58 115.03,4.90 115.14,4.90
R|115.03,4.90 114.75,4.72 114.84,4.39 114.65,4.04 114.06,4.59 114.42,4.66 115.00,5.02 115.03,4.90
C|BR|Brazil|South America|-49.56|-12.10
R|-66.88,1.22 -66.35,0.77 -65.68,0.98 -65.47,0.69 -65.10,1.11 -64.21,1.53 -64.01,1.93 -63.43,2.16 -63.39,2.41 -64.05,2.50 -64.22,3.59 -64.79,4.28 -64.58,4.14 -64.19,4.13 -64.02,3.93 -63.34,3.94 -62.86,3.59 -62.71,4.02 -61.82,4.20 -61.28,4.52 -61.00,4.54 -60.63,4.89 -60.74,5.20 -60.65,5.22 -60.14,5.24 -59.99,5.08 -60.15,4.53 -59.70,4.38 -59.74,4.23 -59.55,3.93 -59.85,3.59 -59.99,2.69 -59.76,2.27 -59.67,1.75 -58.86,1.20 -58.51,1.28 -58.34,1.59 -58.03,1.52 -57.98,1.65 -57.59,1.70 -57.12,2.01 -56.84,1.88 -55.96,1.86 -55.92,2.04 -56.14,2.26 -55.96,2.52 -55.73,2.41 -54.98,2.60 -54.66,2.33 -54.13,2.12 -53.77,2.35 -52.96,2.18 -52.65,2.43 -52.33,3.18 -51.46,4.31 -51.22,4.09 -50.71,2.13 -50.46,1.83 -49.96,1.66 -49.90,1.16 -50.76,0.22 -51.28,-0.09 -51.98,-1.37 -52.66,-1.55 -51.95,-1.59 -50.89,-0.94 -50.69,-1.76 -50.40,-2.02 -50.00,-1.83 -49.72,-1.93 -49.31,-1.73 -49.64,-2.66 -49.21,-1.92 -48.71,-1.49 -48.46,-1.61 -48.35,-1.48 -48.47,-1.39 -48.45,-1.15 -48.12,-0.74 -47.56,-0.67 -47.42,-0.77 -47.44,-0.65 -47.27,-0.65 -45.46,-1.36 -45.33,-1.72 -45.08,-1.47 -44.72,-1.73 -44.78,-1.80 -44.65,-1.75 -44.54,-2.05 -44.76,-2.27 -44.66,-2.37 -44.44,-2.17 -44.38,-2.37 -44.59,-2.57 -44.72,-3.20 -44.44,-2.94 -44.23,-2.47 -44.11,-2.49 -44.19,-2.81 -43.38,-2.38 -42.25,-2.79 -41.88,-2.75 -41.48,-2.92 -40.47,-2.80 -39.96,-2.86 -38.48,-3.72 -37.17,-4.91 -36.59,-5.10 -35.55,-5.13 -35.24,-5.57 -34.81,-7.29 -34.97,-8.41 -35.16,-8.93 -35.60,-9.54 -35.89,-9.69 -35.89,-9.85 -36.40,-10.48 -36.94,-10.82 -37.32,-11.38 -37.36,-11.25 -37.69,-12.10 -38.24,-12.84 -38.50,-12.96 -38.69,-12.62 -38.85,-12.79 -38.76,-12.91 -39.09,-13.59 -38.99,-13.62 -39.05,-14.04 -38.94,-14.03 -39.06,-14.65 -38.88,-15.86 -39.20,-17.18 -39.15,-17.70 -39.65,-18.25 -39.78,-19.57 -40.00,-19.74 -40.40,-20.57 -40.79,-20.91 -40.95,-21.24 -41.00,-22.00 -41.71,-22.31 -41.98,-22.58 -42.04,-22.95 -42.96,-22.97 -43.15,-22.73 -43.22,-22.99 -43.90,-23.10 -43.68,-23.01 -43.87,-22.91 -44.64,-23.06 -44.57,-23.27 -45.33,-23.60 -45.46,-23.80 -45.97,-23.80 -46.87,-24.24 -47.99,-25.04 -47.93,-25.17 -48.20,-25.42 -48.19,-25.31 -48.40,-25.27 -48.48,-25.44 -48.73,-25.37 -48.40,-25.60 -48.67,-25.84 -48.62,-26.18 -48.75,-26.27 -48.55,-27.20 -48.62,-28.08 -48.80,-28.58 -49.75,-29.36 -50.30,-30.43 -50.92,-31.26 -52.04,-32.11 -52.06,-31.83 -51.68,-31.77 -51.27,-31.48 -51.16,-31.12 -50.98,-31.09 -50.94,-30.90 -50.69,-30.70 -50.72,-30.43 -50.58,-30.44 -50.56,-30.25 -51.02,-30.37 -51.30,-30.03 -51.16,-30.36 -51.28,-30.75 -51.36,-30.67 -51.51,-31.10 -51.97,-31.38 -52.19,-31.89 -52.13,-32.17 -52.65,-33.14 -53.37,-33.74 -53.53,-33.66 -53.53,-33.17 -53.13,-32.74 -53.60,-32.40 -53.76,-32.06 -54.22,-31.86 -54.59,-31.49 -55.17,-31.28 -55.60,-30.85 -56.00,-31.08 -56.04,-30.78 -56.83,-30.11 -57.12,-30.14 -57.21,-30.28 -57.61,-30.19 -55.89,-28.37 -55.69,-28.38 -55.73,-28.20 -55.10,-27.87 -54.83,-27.55 -54.33,-27.42 -53.84,-27.12 -53.67,-26.23 -54.01,-25.58 -54.62,-25.58 -54.24,-24.05 -54.63,-23.81 -55.19,-24.02 -55.42,-23.95 -55.62,-22.67 -55.80,-22.35 -56.25,-22.26 -56.45,-22.08 -56.94,-22.27 -57.99,-22.05 -57.83,-21.00 -58.16,-20.16 -57.86,-19.98 -58.13,-19.74 -57.72,-19.04 -57.78,-18.91 -57.50,-18.21 -57.83,-17.51 -58.40,-17.23 -58.48,-16.70 -58.35,-16.28 -60.18,-16.27 -60.24,-15.48 -60.58,-15.10 -60.27,-15.09 -60.51,-13.79 -61.08,-13.49 -61.79,-13.53 -62.12,-13.16 -62.77,-13.00 -63.07,-12.67 -63.35,-12.68 -63.69,-12.48 -64.42,-12.44 -64.51,-12.25 -64.99,-11.98 -65.39,-11.25 -65.32,-11.02 -65.45,-10.51 -65.30,-10.15 -65.40,-9.71 -66.58,-9.90 -67.72,-10.68 -68.07,-10.70 -68.62,-11.11 -69.23,-10.96 -70.64,-11.01 -70.54,-9.44 -71.24,-9.97 -72.18,-10.00 -72.38,-9.51 -73.21,-9.41 -72.97,-8.99 -73.55,-8.35 -73.78,-7.94 -73.72,-7.78 -74.00,-7.56 -73.96,-7.38 -73.72,-7.31 -73.76,-6.91 -73.14,-6.47 -73.24,-6.10 -72.98,-5.63 -72.89,-5.12 -71.84,-4.50 -70.97,-4.35 -70.80,-4.17 -70.40,-4.15 -70.24,-4.30 -69.97,-4.30 -69.40,-1.19 -69.63,-0.51 -70.07,-0.14 -70.05,0.58 -69.47,0.73 -69.15,0.66 -69.31,1.05 -69.85,1.06 -69.85,1.71 -68.18,1.72 -68.19,1.99 -67.94,1.75 -67.40,2.12 -67.12,1.70 -67.08,1.19 -66.88,1.22
R|-49.63,-0.23 -49.12,-0.16 -48.39,-0.30 -48.83,-1.39 -49.04,-1.51 -49.17,-1.41 -49.23,-1.60 -49.51,-1.51 -49.59,-1.71 -49.81,-1.79 -50.07,-1.70 -50.51,-1.79 -50.76,-1.24 -50.58,-1.10 -50.80,-0.91 -50.65,-0.27 -50.25,-0.12 -49.63,-0.23
R|-49.74,0.27 -49.92,-0.02 -50.34,0.04 -50.27,0.23 -49.74,0.27
R|-50.43,0.14 -50.44,-0.01 -50.62,0.05 -50.61,0.20 -50.37,0.59 -50.43,0.14
R|-51.83,-1.43 -51.94,-1.45 -51.55,-0.65 -51.25,-0.54 -51.16,-0.67 -51.28,-1.02 -51.83,-1.43
C|BW|Botswana|Africa|24.18|-22.10
R|25.26,-17.79 25.24,-17.97 25.94,-18.94 26.17,-19.54 27.18,-20.10 27.28,-20.48 27.70,-20.53 27.67,-21.06 28.01,-21.55 29.03,-21.80 29.04,-22.02 29.36,-22.19 28.21,-22.69 27.76,-23.20 27.09,-23.58 26.84,-24.24 26.40,-24.61 25.91,-24.75 25.44,-25.71 24.75,-25.82 24.33,-25.74 23.39,-25.29 23.15,-25.29 22.88,-25.46 22.60,-26.13 21.69,-26.84 20.69,-26.82 20.63,-26.44 20.82,-26.16 20.79,-25.92 20.43,-25.15 19.98,-24.78 19.98,-22.00 20.97,-22.00 20.97,-18.32 23.22,-18.00 23.60,-18.46 24.24,-18.02 24.53,-18.05 24.91,-17.82 25.26,-17.79
C|BA|Bosnia and Herz.|Europe|18.07|44.09
R|19.35,44.88 19.12,44.36 19.58,44.04 19.25,43.97 19.48,43.60 18.95,43.53 19.03,43.29 18.85,43.35 18.44,42.97 18.55,42.64 18.44,42.56 17.59,42.94 17.65,43.01 17.27,43.45 16.30,44.12 16.10,44.52 15.74,44.77 15.82,45.20 16.29,45.01 16.53,45.22 16.92,45.28 17.81,45.08 18.66,45.08 18.84,44.88 19.35,44.88
C|BO|Bolivia|South America|-64.59|-16.67
R|-69.51,-17.51 -69.62,-17.20 -68.84,-16.34 -69.22,-16.15 -69.42,-15.64 -69.17,-15.24 -69.36,-14.80 -68.87,-14.17 -69.07,-13.68 -68.98,-12.88 -68.69,-12.50 -69.58,-10.95 -68.62,-11.11 -68.07,-10.70 -67.72,-10.68 -66.58,-9.90 -65.40,-9.71 -65.30,-10.15 -65.45,-10.51 -65.32,-11.02 -65.39,-11.25 -64.99,-11.98 -64.51,-12.25 -64.42,-12.44 -63.69,-12.48 -63.35,-12.68 -63.07,-12.67 -62.77,-13.00 -62.12,-13.16 -61.79,-13.53 -61.08,-13.49 -60.51,-13.79 -60.27,-15.09 -60.58,-15.10 -60.24,-15.48 -60.18,-16.27 -58.35,-16.28 -58.48,-16.70 -58.40,-17.23 -57.83,-17.51 -57.50,-18.21 -57.78,-18.91 -57.72,-19.04 -58.13,-19.74 -57.86,-19.98 -58.09,-20.15 -58.18,-19.82 -59.09,-19.29 -60.01,-19.30 -61.76,-19.65 -62.28,-20.56 -62.28,-21.07 -62.65,-22.23 -62.84,-22.00 -63.92,-22.03 -64.33,-22.83 -64.61,-22.23 -65.77,-22.10 -66.22,-21.80 -66.37,-22.11 -66.71,-22.22 -67.19,-22.82 -67.71,-22.89 -67.88,-22.82 -68.20,-21.30 -68.56,-20.90 -68.48,-20.63 -68.76,-20.42 -68.76,-20.09 -68.56,-19.97 -68.70,-19.72 -68.47,-19.41 -68.97,-18.97 -69.09,-18.05 -69.31,-17.94 -69.51,-17.51
C|BT|Bhutan|Asia|90.04|27.54
R|91.63,27.76 91.59,27.56 91.99,27.45 92.08,27.29 92.00,26.85 90.74,26.77 90.35,26.89 89.76,26.70 89.04,26.87 88.74,27.18 89.48,28.06 89.98,28.31 90.35,28.24 90.35,28.08 91.02,27.97 91.27,28.08 91.64,27.92 91.63,27.76
C|BJ|Benin|Africa|2.35|10.32
R|1.62,6.22 1.78,6.29 1.53,6.99 1.62,7.00 1.60,9.05 1.39,9.36 1.33,10.00 0.78,10.36 0.79,10.71 0.90,10.99 1.43,11.45 1.98,11.42 2.36,11.84 2.37,12.22 2.81,12.38 3.60,11.70 3.49,11.40 3.72,11.08 3.83,10.61 3.58,10.29 3.56,9.91 3.35,9.81 3.14,9.45 3.04,9.08 2.77,9.05 2.71,6.37 1.62,6.22
C|BZ|Belize|North America|-88.71|17.20
R|-89.16,17.81 -89.13,17.97 -88.81,17.97 -88.46,18.48 -88.30,18.47 -88.35,18.36 -88.13,18.35 -88.09,18.23 -88.27,17.61 -88.31,16.63 -88.89,15.89 -89.24,15.89 -89.16,17.81
C|BE|Belgium|Europe|4.80|50.79
R|4.23,51.39 5.03,51.47 5.21,51.28 5.83,51.13 5.64,50.84 6.24,50.60 6.18,50.52 6.36,50.32 6.12,50.12 5.98,50.17 5.74,49.92 5.88,49.64 5.82,49.55 5.51,49.51 4.87,49.79 4.82,50.15 4.55,49.96 4.18,49.96 4.17,50.25 3.69,50.31 3.60,50.48 3.27,50.53 3.11,50.78 2.84,50.71 2.60,50.88 2.52,51.10 3.23,51.35 3.90,51.21 4.23,51.39
C|BY|Belarus|Europe|28.42|53.82
R|31.76,52.10 31.08,52.08 30.76,51.90 30.53,51.60 30.63,51.36 30.54,51.27 30.16,51.48 29.35,51.38 29.10,51.63 28.73,51.43 28.18,51.61 27.70,51.48 27.69,51.57 27.30,51.60 27.14,51.75 25.79,51.92 24.36,51.87 23.98,51.59 23.71,51.64 23.61,51.52 23.65,52.04 23.18,52.29 23.92,52.77 23.48,53.94 24.32,53.89 25.46,54.29 25.51,54.16 25.75,54.16 25.55,54.33 25.86,54.92 26.78,55.27 26.46,55.34 26.59,55.67 27.05,55.83 27.58,55.80 28.12,56.15 28.79,55.94 29.03,56.02 29.38,55.94 29.48,55.68 30.23,55.85 30.91,55.57 30.81,55.31 30.98,55.05 30.80,54.78 31.15,54.63 31.07,54.49 31.40,54.20 31.83,54.03 31.75,53.81 32.45,53.69 32.47,53.55 32.71,53.42 32.14,53.09 31.42,53.20 31.26,53.02 31.56,52.76 31.58,52.31 31.76,52.10
C|BB|Barbados|North America|-59.57|13.16
R|-59.49,13.08 -59.61,13.10 -59.65,13.30 -59.43,13.15 -59.49,13.08
C|BD|Bangladesh|Asia|89.68|24.21
R|89.05,22.09 88.85,23.04 88.93,23.19 88.72,23.25 88.57,23.67 88.72,24.27 88.02,24.63 88.46,25.19 88.95,25.26 88.08,25.89 88.44,26.37 88.42,26.57 88.83,26.25 88.97,26.25 88.92,26.38 89.02,26.41 89.37,26.01 89.55,26.01 89.67,26.21 89.82,25.94 89.83,25.29 90.44,25.16 92.05,25.17 92.49,24.90 92.23,24.88 92.10,24.41 91.88,24.20 91.37,24.09 91.16,23.66 91.32,23.10 91.44,23.20 91.62,22.98 91.75,23.05 91.93,23.69 92.25,23.68 92.49,22.69 92.63,21.31 92.33,21.44 92.21,21.36 92.32,20.79 92.06,21.17 91.86,22.35 91.80,22.30 91.48,22.88 91.22,22.64 90.95,22.60 90.66,23.03 90.60,23.59 90.56,23.42 90.27,23.46 90.59,23.27 90.44,22.75 90.62,22.36 90.23,21.83 90.07,21.89 90.21,22.16 89.95,22.02 89.92,22.12 89.99,22.47 89.81,21.98 89.57,21.77 89.48,22.28 89.50,21.91 89.35,21.72 89.09,21.87 89.05,22.09
R|90.78,22.09 90.52,22.07 90.68,22.33 90.50,22.84 90.60,22.86 90.87,22.48 90.78,22.09
C|BH|Bahrain|Asia|50.55|26.06
R|50.61,25.88 50.57,25.81 50.47,25.97 50.47,26.23 50.59,26.24 50.61,25.88
C|BS|Bahamas|North America|-77.15|26.40
R|-77.66,24.25 -77.76,24.16 -77.56,24.14 -77.57,23.74 -77.77,23.75 -78.00,24.22 -77.66,24.25
R|-77.23,25.90 -77.40,26.02 -77.25,26.16 -77.24,26.56 -77.51,26.85 -77.94,26.90 -77.53,26.90 -77.07,26.53 -77.23,25.90
R|-73.03,21.19 -73.16,20.98 -73.68,20.98 -73.52,21.19 -73.24,21.15 -73.06,21.31 -73.03,21.19
R|-77.74,24.71 -77.75,24.46 -78.04,24.29 -78.15,24.49 -78.44,24.63 -78.24,24.65 -78.16,25.20 -77.74,24.71
R|-78.49,26.73 -77.92,26.69 -78.74,26.50 -78.99,26.69 -78.80,26.58 -78.60,26.80 -78.49,26.73
R|-77.35,25.01 -77.46,24.99 -77.56,25.03 -77.53,25.06 -77.45,25.08 -77.33,25.08 -77.27,25.04 -77.35,25.01
R|-74.06,22.72 -74.27,22.71 -74.31,22.84 -74.06,22.72
R|-74.43,24.07 -74.55,23.97 -74.53,24.11 -74.43,24.07
R|-74.21,22.21 -73.85,22.73 -73.84,22.54 -74.21,22.21
R|-76.65,25.49 -76.13,25.14 -76.17,24.65 -76.32,24.82 -76.21,24.82 -76.16,25.12 -76.37,25.31 -76.78,25.43 -76.71,25.56 -76.65,25.49
R|-75.66,23.45 -75.71,23.44 -75.78,23.47 -75.96,23.59 -76.04,23.60 -76.01,23.67 -75.95,23.65 -75.75,23.49 -75.66,23.45
R|-74.84,22.89 -75.22,23.17 -75.13,23.27 -75.32,23.67 -74.84,22.89
R|-75.31,24.20 -75.50,24.14 -75.41,24.27 -75.73,24.69 -75.31,24.20
R|-73.04,22.43 -72.75,22.33 -73.16,22.38 -73.04,22.43
R|-72.92,21.51 -73.05,21.46 -73.06,21.52 -72.99,21.56 -72.92,21.51
C|AZ|Azerbaijan|Asia|47.21|40.40
R|44.82,39.65 45.03,39.77 45.17,39.57 45.78,39.55 45.77,39.38 45.98,39.24 46.11,38.88 45.48,39.01 44.82,39.65
R|48.87,38.44 48.59,38.41 48.00,38.85 48.29,39.02 48.10,39.24 48.32,39.40 48.00,39.68 46.49,38.91 46.40,39.19 46.58,39.22 46.37,39.40 46.48,39.56 46.20,39.59 45.58,39.98 45.89,40.02 45.96,40.23 45.45,40.53 45.38,40.67 45.59,40.85 45.07,41.08 45.19,41.15 45.00,41.29 45.28,41.45 46.53,41.09 46.67,41.29 46.18,41.66 46.43,41.89 46.75,41.81 47.32,41.28 47.79,41.20 48.57,41.84 48.66,41.79 49.46,40.80 50.18,40.50 50.37,40.28 49.92,40.32 49.55,40.19 49.32,39.61 49.36,39.35 49.17,39.03 49.01,39.13 48.85,38.84 48.87,38.44
C|AT|Austria|Europe|14.13|47.52
R|9.53,47.27 9.63,47.47 9.52,47.52 9.75,47.58 10.18,47.28 10.44,47.55 11.04,47.39 12.19,47.62 12.21,47.72 12.69,47.67 13.01,47.48 13.05,47.66 12.90,47.72 12.95,47.89 12.76,48.08 12.81,48.16 13.37,48.36 13.49,48.58 13.72,48.54 13.81,48.77 14.05,48.60 14.69,48.60 14.92,48.77 14.99,49.00 16.88,48.70 16.87,48.39 17.15,48.01 17.07,47.71 16.42,47.67 16.68,47.54 16.44,47.40 16.46,47.02 16.04,46.84 15.96,46.68 14.89,46.61 14.55,46.40 12.48,46.67 12.15,46.94 12.17,47.08 11.24,46.98 10.93,46.77 10.35,46.98 10.13,46.85 9.58,47.06 9.53,47.27
C|AU|Australia|Oceania|134.05|-24.13
R|143.18,-11.95 143.11,-12.30 143.40,-12.64 143.55,-13.74 143.76,-14.35 143.96,-14.46 144.47,-14.23 144.65,-14.49 145.29,-14.94 145.43,-16.41 145.75,-16.88 145.91,-16.91 146.13,-17.64 146.03,-18.27 146.33,-18.55 146.38,-18.98 147.14,-19.39 147.42,-19.38 147.74,-19.77 148.76,-20.29 148.88,-20.48 148.73,-20.47 148.68,-20.58 149.45,-21.58 149.70,-22.44 149.82,-22.39 149.97,-22.55 150.02,-22.17 150.54,-22.56 150.62,-22.37 150.76,-22.58 150.84,-23.46 151.15,-23.78 151.83,-24.12 152.91,-25.43 152.92,-25.69 153.16,-25.96 153.12,-27.19 153.58,-28.24 153.62,-28.67 153.03,-30.56 152.94,-31.43 152.56,-32.05 152.47,-32.44 152.16,-32.76 151.81,-32.90 151.29,-33.58 151.28,-33.93 151.12,-34.01 151.23,-34.03 150.87,-34.50 150.80,-35.01 150.20,-35.83 149.93,-37.53 149.48,-37.77 147.88,-37.93 146.86,-38.66 146.22,-38.73 146.34,-38.89 146.47,-38.84 146.40,-39.15 146.16,-38.87 145.94,-38.90 145.79,-38.67 145.40,-38.54 145.54,-38.39 145.48,-38.24 145.29,-38.24 144.96,-38.50 144.72,-38.34 144.91,-38.34 145.12,-38.09 144.89,-37.90 144.40,-38.14 144.67,-38.21 143.54,-38.82 142.46,-38.39 141.72,-38.27 141.42,-38.36 141.01,-38.08 140.39,-37.90 139.78,-37.25 139.86,-36.66 139.73,-36.37 138.97,-35.58 139.29,-35.61 139.28,-35.38 138.52,-35.64 138.18,-35.61 138.51,-35.02 138.49,-34.76 138.09,-34.17 137.69,-35.14 136.88,-35.24 137.01,-34.92 137.39,-34.91 137.49,-34.16 137.93,-33.58 137.85,-33.20 137.99,-33.09 137.78,-32.58 137.79,-32.82 137.24,-33.63 136.43,-34.03 135.89,-34.66 135.97,-34.98 135.79,-34.86 135.65,-34.94 135.12,-34.59 135.22,-34.49 135.45,-34.58 135.22,-33.96 134.72,-33.26 134.30,-33.17 134.10,-32.75 134.23,-32.73 134.23,-32.55 133.67,-32.21 133.21,-32.18 132.76,-31.96 132.21,-32.01 131.14,-31.50 128.95,-31.70 127.32,-32.26 125.92,-32.30 124.76,-32.88 124.24,-33.02 123.51,-33.92 122.15,-33.99 122.06,-33.87 121.41,-33.83 119.85,-33.97 119.45,-34.37 118.90,-34.48 117.86,-35.05 116.52,-34.99 115.99,-34.80 115.57,-34.43 115.01,-34.26 114.99,-33.52 115.36,-33.64 115.68,-33.19 115.70,-31.69 115.08,-30.56 114.86,-29.14 114.17,-28.08 114.03,-27.35 113.18,-26.18 113.32,-26.24 113.36,-26.08 113.58,-26.56 113.84,-26.50 113.85,-26.33 113.40,-25.71 113.45,-25.60 113.71,-25.83 113.72,-26.13 113.85,-26.01 113.99,-26.32 114.09,-26.39 114.22,-26.29 114.21,-25.85 113.42,-24.44 113.49,-23.87 113.76,-23.42 113.80,-22.91 113.68,-22.64 114.02,-21.88 114.14,-21.91 114.14,-22.48 114.38,-22.34 114.71,-21.82 115.46,-21.49 116.71,-20.65 117.41,-20.72 118.75,-20.26 119.10,-20.00 119.59,-20.04 121.00,-19.60 121.34,-19.32 121.83,-18.48 122.35,-18.11 122.15,-17.55 122.26,-17.14 122.97,-16.44 123.56,-17.52 123.59,-17.03 123.83,-17.12 123.87,-16.92 123.49,-16.49 123.63,-16.42 123.61,-16.22 123.73,-16.19 123.86,-16.38 124.04,-16.26 124.77,-16.40 124.40,-16.30 124.65,-15.87 124.50,-15.97 124.38,-15.76 124.44,-15.49 124.56,-15.50 124.69,-15.27 125.06,-15.44 125.07,-15.31 124.91,-15.31 124.84,-15.16 125.04,-15.00 125.36,-15.12 125.18,-14.71 125.58,-14.48 125.63,-14.26 125.66,-14.53 125.82,-14.47 125.89,-14.62 126.02,-14.49 126.05,-13.98 126.26,-14.16 126.40,-14.02 126.57,-14.16 126.90,-13.74 127.46,-14.03 128.20,-14.75 128.07,-15.33 128.16,-15.23 128.25,-15.30 128.18,-15.04 128.58,-14.77 129.06,-14.88 129.22,-15.16 129.27,-14.87 129.63,-15.14 129.64,-14.85 129.85,-14.83 129.60,-14.65 129.70,-14.56 129.38,-14.39 129.71,-13.98 129.84,-13.57 130.26,-13.30 130.13,-13.15 130.17,-12.96 130.40,-12.69 130.62,-12.65 130.62,-12.43 130.87,-12.56 130.87,-12.37 131.29,-12.07 131.44,-12.28 132.25,-12.19 132.41,-12.30 132.51,-12.13 132.71,-12.12 132.67,-11.65 132.48,-11.49 132.07,-11.47 131.82,-11.30 131.96,-11.18 132.16,-11.31 132.33,-11.22 132.68,-11.51 132.96,-11.41 133.19,-11.71 134.42,-12.05 134.73,-11.98 135.03,-12.19 135.22,-12.22 135.92,-11.83 135.70,-12.21 136.01,-12.19 136.08,-12.42 136.26,-12.43 136.27,-12.13 136.54,-11.96 136.95,-12.35 136.54,-12.78 136.59,-13.00 136.46,-13.23 136.29,-13.14 135.93,-13.30 135.95,-13.93 135.41,-14.76 135.45,-14.92 136.29,-15.57 136.70,-15.69 136.78,-15.89 137.00,-15.88 137.70,-16.23 138.25,-16.72 139.01,-16.90 139.25,-17.33 140.04,-17.70 140.51,-17.62 140.83,-17.41 141.41,-16.07 141.63,-15.06 141.47,-13.80 141.65,-13.26 141.61,-12.94 141.92,-12.80 141.69,-12.35 141.87,-11.98 141.96,-12.05 142.17,-10.95 142.46,-10.71 142.61,-10.75 142.55,-10.87 142.84,-11.31 142.87,-11.82 143.18,-11.95
R|153.08,-25.75 152.98,-25.55 153.04,-25.19 153.23,-25.01 153.14,-24.81 153.26,-24.73 153.35,-25.06 153.08,-25.75
R|139.51,-16.57 139.16,-16.74 139.29,-16.47 139.60,-16.40 139.70,-16.51 139.51,-16.57
R|136.71,-13.80 136.89,-13.79 136.75,-14.07 136.95,-14.18 136.89,-14.29 136.34,-14.21 136.42,-13.86 136.66,-13.68 136.71,-13.80
R|130.46,-11.68 130.61,-11.82 130.04,-11.79 130.29,-11.34 130.46,-11.68
R|130.62,-11.38 131.27,-11.19 131.54,-11.44 130.95,-11.93 130.51,-11.62 130.37,-11.21 130.62,-11.38
R|137.60,-35.74 137.93,-35.73 138.12,-35.85 137.67,-35.90 137.45,-36.07 136.76,-36.03 136.54,-35.89 136.64,-35.75 137.33,-35.59 137.58,-35.62 137.60,-35.74
R|145.04,-40.79 145.28,-40.77 146.32,-41.16 146.72,-41.08 146.85,-41.17 146.99,-40.99 147.45,-41.00 147.97,-40.78 148.22,-40.85 148.34,-42.22 148.21,-41.97 148.02,-42.26 147.91,-42.66 147.98,-43.16 147.79,-43.22 147.65,-43.02 147.80,-42.93 147.57,-42.85 147.45,-43.03 147.30,-42.79 147.25,-43.22 147.00,-43.16 147.08,-43.28 146.87,-43.61 146.04,-43.55 145.99,-43.38 146.21,-43.32 145.87,-43.29 145.49,-42.93 145.20,-42.23 145.47,-42.49 145.52,-42.35 145.33,-42.15 145.23,-42.20 145.24,-42.02 144.77,-41.39 144.65,-40.98 144.72,-40.67 145.04,-40.79
R|143.93,-40.12 143.84,-39.90 144.00,-39.58 144.14,-39.95 143.93,-40.12
R|148.00,-39.76 148.30,-39.99 148.31,-40.17 148.11,-40.26 147.77,-39.87 148.00,-39.76
C|AU|Indian Ocean Ter.|Asia|105.67|-10.49
R|105.73,-10.49 105.70,-10.56 105.64,-10.53 105.58,-10.51 105.60,-10.46 105.71,-10.43 105.73,-10.49
R|96.84,-12.18 96.87,-12.19 96.85,-12.20 96.83,-12.18 96.83,-12.13 96.84,-12.18
R|96.92,-12.19 96.89,-12.19 96.92,-12.16 96.92,-12.19
C|HM|Heard I. and McDonald Is.|Seven seas (open ocean)|73.51|-53.10
R|73.71,-53.14 73.47,-53.18 73.25,-52.98 73.71,-53.14
C|NF|Norfolk Island|Oceania|167.95|-29.03
R|167.94,-29.02 167.99,-29.04 167.96,-29.10 167.94,-29.07 167.92,-29.08 167.91,-29.06 167.92,-29.03 167.91,-29.03 167.94,-29.02
C|AU|Ashmore and Cartier Is.|Oceania|123.59|-12.43
R|123.59,-12.43 123.60,-12.44 123.57,-12.43 123.57,-12.42 123.59,-12.43
C|AM|Armenia|Asia|44.80|40.46
R|44.77,39.70 44.29,40.04 43.67,40.13 43.57,40.48 43.72,40.72 43.44,41.11 45.00,41.29 45.19,41.15 45.07,41.08 45.59,40.85 45.38,40.64 45.97,40.17 45.89,40.02 45.58,39.98 46.20,39.59 46.48,39.56 46.37,39.40 46.58,39.22 46.40,39.19 46.49,38.91 46.11,38.88 45.75,39.56 45.46,39.49 45.15,39.58 45.03,39.77 44.77,39.70
C|AR|Argentina|South America|-64.17|-33.50
R|-57.61,-30.19 -57.87,-30.59 -57.81,-30.86 -58.05,-31.49 -57.99,-31.62 -58.19,-31.92 -58.17,-32.96 -58.42,-33.11 -58.55,-33.66 -58.39,-34.19 -58.53,-34.30 -58.28,-34.68 -57.55,-35.02 -57.17,-35.36 -57.38,-35.90 -57.08,-36.30 -56.72,-36.39 -56.73,-36.96 -57.55,-38.09 -58.18,-38.44 -59.83,-38.84 -61.11,-38.99 -61.85,-38.96 -62.33,-38.80 -62.30,-39.24 -62.05,-39.37 -62.18,-39.38 -62.08,-39.46 -62.13,-39.83 -62.29,-39.90 -62.40,-40.20 -62.25,-40.67 -62.40,-40.89 -62.96,-41.11 -63.62,-41.16 -64.87,-40.74 -65.07,-40.81 -65.15,-41.11 -64.99,-42.10 -64.54,-42.25 -64.57,-42.42 -64.42,-42.43 -64.10,-42.40 -64.06,-42.27 -64.23,-42.22 -63.80,-42.11 -63.63,-42.28 -63.62,-42.70 -64.03,-42.88 -64.49,-42.51 -64.97,-42.67 -65.03,-42.76 -64.32,-42.97 -64.84,-43.19 -65.25,-43.57 -65.27,-44.28 -65.65,-44.66 -65.64,-45.01 -66.19,-44.96 -66.94,-45.26 -67.60,-46.05 -67.51,-46.44 -66.78,-47.01 -65.85,-47.16 -65.78,-47.57 -66.23,-47.83 -65.81,-47.94 -67.47,-48.95 -67.68,-49.25 -67.78,-49.86 -67.91,-49.98 -68.26,-50.10 -68.67,-49.75 -68.66,-49.94 -68.98,-50.00 -68.60,-50.01 -68.42,-50.16 -68.94,-50.38 -69.15,-50.86 -69.36,-51.03 -69.20,-50.99 -69.06,-51.55 -69.47,-51.58 -68.97,-51.68 -68.39,-52.31 -69.96,-52.01 -71.97,-51.96 -72.41,-51.54 -72.30,-51.30 -72.34,-50.68 -72.51,-50.61 -73.15,-50.74 -73.50,-50.13 -73.58,-49.58 -73.46,-49.31 -73.14,-49.30 -73.03,-49.01 -72.61,-48.79 -72.61,-48.52 -72.29,-48.23 -72.52,-47.88 -72.35,-47.49 -71.90,-47.20 -71.94,-46.83 -71.70,-46.65 -71.88,-46.16 -71.63,-45.95 -71.75,-45.84 -71.75,-45.58 -71.51,-45.51 -71.35,-45.23 -71.60,-44.98 -72.04,-44.90 -72.06,-44.77 -71.26,-44.76 -71.16,-44.56 -71.21,-44.44 -71.82,-44.38 -71.68,-43.93 -71.90,-43.35 -71.75,-43.24 -72.15,-42.99 -72.11,-42.25 -71.75,-42.05 -71.91,-41.65 -71.93,-40.69 -71.71,-40.38 -71.82,-40.18 -71.66,-40.02 -71.72,-39.64 -71.54,-39.60 -71.40,-38.94 -70.86,-38.60 -71.17,-37.76 -71.19,-36.84 -71.06,-36.52 -70.40,-36.06 -70.42,-35.52 -70.56,-35.25 -70.39,-35.15 -70.05,-34.30 -69.85,-34.22 -69.82,-33.28 -70.08,-33.20 -70.02,-32.88 -70.34,-32.18 -70.25,-31.96 -70.59,-31.57 -70.55,-31.32 -70.52,-31.15 -70.31,-31.02 -70.17,-30.39 -69.96,-30.36 -69.84,-30.18 -69.96,-30.08 -70.03,-29.32 -69.83,-29.10 -69.66,-28.41 -69.17,-27.92 -68.85,-27.15 -68.32,-26.97 -68.59,-26.47 -68.41,-26.15 -68.60,-25.49 -68.38,-25.09 -68.56,-24.84 -68.51,-24.63 -68.25,-24.39 -67.36,-24.03 -67.01,-23.00 -67.19,-22.82 -66.71,-22.22 -66.37,-22.11 -66.22,-21.80 -65.77,-22.10 -64.61,-22.23 -64.33,-22.83 -63.92,-22.03 -62.84,-22.00 -61.93,-23.06 -61.03,-23.76 -59.89,-24.09 -59.19,-24.56 -57.96,-25.05 -57.64,-25.33 -57.57,-25.53 -58.11,-26.18 -58.19,-26.63 -58.62,-27.13 -58.60,-27.31 -58.17,-27.27 -56.44,-27.55 -56.16,-27.32 -55.71,-27.41 -55.43,-27.01 -55.14,-26.93 -54.83,-26.65 -54.62,-25.58 -54.01,-25.58 -53.67,-26.23 -53.84,-27.12 -54.33,-27.42 -54.83,-27.55 -55.10,-27.87 -55.73,-28.20 -55.69,-28.38 -55.89,-28.37 -57.61,-30.19
R|-68.65,-54.85 -68.63,-52.65 -68.24,-53.08 -68.43,-53.06 -68.49,-53.26 -68.16,-53.31 -68.01,-53.56 -67.29,-54.05 -66.24,-54.53 -65.18,-54.68 -65.47,-54.91 -66.51,-55.03 -68.65,-54.85
R|-64.55,-54.72 -63.82,-54.73 -64.64,-54.90 -64.76,-54.83 -64.55,-54.72
C|AG|Antigua and Barb.|North America|-61.79|17.35
R|-61.72,17.04 -61.89,17.10 -61.82,17.17 -61.72,17.04
R|-61.75,17.57 -61.76,17.55 -61.84,17.60 -61.87,17.70 -61.85,17.71 -61.78,17.69 -61.75,17.66 -61.75,17.57
C|AO|Angola|Africa|17.98|-12.18
R|13.07,-4.63 12.45,-5.07 12.50,-5.70 12.21,-5.76 12.02,-5.00 12.38,-4.62 12.80,-4.43 13.07,-4.63
R|23.97,-10.87 24.05,-11.41 23.88,-12.80 23.96,-12.99 21.98,-13.00 22.04,-16.26 22.15,-16.60 23.38,-17.64 20.75,-18.02 20.39,-17.89 18.96,-17.80 18.40,-17.40 14.02,-17.41 13.48,-17.04 13.10,-16.97 12.55,-17.21 11.74,-17.25 11.75,-15.83 12.02,-15.51 12.55,-13.44 12.98,-12.78 13.60,-12.29 13.79,-11.81 13.85,-11.05 13.00,-9.05 13.36,-8.69 13.38,-8.37 12.82,-6.95 12.30,-6.09 13.18,-5.86 16.43,-5.90 16.70,-6.16 16.98,-7.26 17.58,-8.10 18.56,-7.94 19.34,-7.97 19.53,-7.14 19.88,-6.99 20.59,-6.92 20.61,-7.28 21.78,-7.31 21.91,-8.69 21.81,-9.47 22.27,-10.26 22.23,-11.12 22.31,-11.20 22.56,-11.06 23.83,-11.01 23.97,-10.87
C|AD|Andorra|Europe|1.54|42.55
R|1.71,42.50 1.45,42.44 1.41,42.55 1.57,42.64 1.71,42.50
C|DZ|Algeria|Africa|2.81|27.40
R|8.58,36.94 8.60,36.83 8.21,36.52 8.35,36.37 8.25,35.80 8.39,35.20 8.25,34.73 7.51,34.08 7.50,33.83 7.73,33.27 8.11,33.06 8.33,32.54 9.04,32.07 9.52,30.23 9.31,30.12 9.81,29.18 9.92,27.79 9.75,27.33 9.88,26.63 9.42,26.15 10.00,25.33 10.26,24.59 11.51,24.31 11.97,23.52 7.48,20.87 5.84,19.48 3.26,19.01 3.11,19.15 3.26,19.41 3.13,19.85 1.75,20.33 1.61,20.56 1.17,20.82 1.15,21.10 -4.52,24.80 -8.68,27.29 -8.68,28.69 -8.27,28.98 -7.14,29.62 -6.64,29.57 -6.48,29.82 -5.45,29.96 -4.97,30.47 -3.67,30.96 -3.62,31.07 -3.83,31.20 -3.77,31.69 -3.02,31.83 -2.86,32.07 -1.23,32.11 -1.24,32.34 -1.07,32.47 -1.45,32.78 -1.68,33.32 -1.80,34.75 -2.22,35.10 -1.67,35.18 -0.43,35.86 -0.05,35.83 0.31,36.16 1.26,36.52 2.59,36.60 2.97,36.78 3.78,36.90 4.76,36.90 5.30,36.65 6.49,37.09 6.93,36.92 7.24,36.97 7.20,37.09 7.91,36.86 8.58,36.94
C|AL|Albania|Europe|20.11|40.65
R|19.34,41.87 19.28,42.17 19.70,42.65 19.79,42.48 20.06,42.55 20.52,42.17 20.49,41.27 20.71,40.93 20.93,40.90 21.03,40.62 20.66,40.12 20.31,39.98 20.38,39.80 20.21,39.65 20.00,39.71 19.85,40.04 19.32,40.41 19.46,40.41 19.34,40.66 19.46,40.93 19.44,41.42 19.58,41.64 19.58,41.79 19.34,41.87
C|AF|Afghanistan|Asia|66.50|34.16
R|66.52,37.35 67.70,37.23 68.07,36.95 68.91,37.33 69.30,37.12 69.49,37.55 70.19,37.58 70.21,37.92 70.88,38.46 71.26,38.31 71.28,37.92 71.58,37.91 71.43,37.13 71.67,36.70 72.66,37.03 72.90,37.27 73.38,37.46 73.72,37.42 73.65,37.24 74.35,37.42 74.89,37.23 74.73,37.29 74.37,37.16 74.54,37.02 74.04,36.83 73.12,36.87 72.25,36.73 71.23,36.12 71.19,36.04 71.57,35.55 71.62,35.18 70.97,34.53 71.10,34.37 71.05,34.05 70.65,33.95 69.89,34.01 70.26,33.29 69.50,33.02 69.24,32.43 69.28,31.94 68.87,31.63 68.60,31.80 68.16,31.80 67.58,31.51 67.74,31.34 67.45,31.23 66.83,31.26 66.35,30.80 66.24,30.11 66.31,29.97 66.18,29.84 65.10,29.56 64.39,29.54 64.10,29.39 63.57,29.50 62.48,29.41 60.84,29.86 61.81,30.91 61.66,31.38 60.82,31.50 60.83,32.25 60.56,33.06 60.92,33.51 60.51,33.64 60.49,34.09 60.64,34.31 60.89,34.32 60.73,34.52 61.08,34.86 61.26,35.62 61.62,35.43 61.98,35.44 62.31,35.17 62.69,35.26 63.06,35.45 63.13,35.85 64.01,36.01 64.51,36.34 64.82,37.13 65.55,37.25 65.77,37.57 66.52,37.35
C|AQ|Antarctica|Antarctica|35.89|-79.84
R|-45.72,-60.52 -45.17,-60.73 -45.94,-60.62 -45.93,-60.53 -45.72,-60.52
R|-57.02,-63.37 -56.83,-63.63 -57.12,-63.64 -57.15,-63.48 -57.46,-63.51 -58.26,-63.76 -59.01,-64.19 -58.80,-64.29 -58.91,-64.35 -58.79,-64.52 -59.55,-64.36 -59.65,-64.58 -59.96,-64.43 -61.06,-64.98 -61.70,-64.99 -61.58,-65.19 -61.95,-65.19 -62.15,-65.33 -61.76,-65.57 -61.99,-65.59 -62.29,-65.92 -61.84,-66.12 -60.62,-65.93 -60.74,-66.11 -61.01,-66.11 -60.90,-66.19 -61.03,-66.34 -61.43,-66.14 -61.68,-66.25 -61.76,-66.43 -62.12,-66.21 -62.68,-66.24 -62.75,-66.31 -62.54,-66.62 -62.63,-66.71 -63.26,-66.26 -63.75,-66.28 -63.65,-66.38 -64.08,-66.65 -63.75,-66.87 -64.69,-66.81 -64.88,-67.02 -64.79,-67.12 -65.03,-67.21 -64.82,-67.31 -65.50,-67.38 -65.42,-67.66 -65.60,-67.88 -65.47,-68.01 -65.64,-68.13 -64.83,-68.13 -65.45,-68.34 -65.00,-68.41 -65.24,-68.58 -65.16,-68.62 -64.08,-68.77 -64.17,-68.58 -63.92,-68.50 -62.93,-68.44 -63.71,-68.59 -63.75,-68.70 -63.34,-68.81 -63.46,-69.04 -62.59,-69.48 -62.41,-69.83 -61.96,-70.12 -62.01,-70.28 -62.22,-70.23 -62.38,-70.36 -61.50,-70.49 -61.70,-70.68 -61.99,-70.73 -61.96,-70.90 -61.31,-70.87 -60.96,-71.24 -61.96,-71.66 -61.21,-71.56 -61.00,-71.66 -61.04,-71.82 -62.26,-72.02 -60.72,-72.07 -60.73,-72.43 -61.28,-72.47 -61.29,-72.60 -60.53,-72.67 -60.38,-73.01 -60.01,-72.94 -59.96,-73.03 -60.12,-73.28 -60.56,-73.21 -60.90,-73.32 -62.01,-73.15 -61.64,-73.50 -61.08,-73.54 -60.79,-73.71 -61.09,-73.93 -61.55,-73.90 -61.84,-74.03 -61.04,-74.12 -61.84,-74.29 -60.78,-74.24 -60.70,-74.31 -61.01,-74.48 -62.24,-74.44 -61.86,-74.78 -62.37,-74.95 -62.71,-74.74 -63.18,-74.68 -63.20,-74.91 -63.92,-75.00 -63.34,-75.03 -63.23,-75.15 -64.28,-75.29 -63.30,-75.35 -63.36,-75.45 -66.37,-76.01 -69.30,-76.35 -70.21,-76.67 -71.80,-76.75 -75.27,-76.58 -77.19,-76.63 -77.29,-76.70 -77.17,-76.83 -75.75,-77.40 -72.85,-77.59 -72.88,-77.69 -73.49,-77.97 -74.81,-78.18 -80.60,-77.75 -81.58,-77.85 -77.43,-78.43 -77.55,-78.66 -77.87,-78.75 -80.29,-78.82 -82.61,-78.41 -83.78,-77.98 -83.23,-78.40 -83.71,-78.40 -83.60,-78.61 -81.66,-79.10 -80.89,-79.50 -80.53,-79.51 -80.49,-79.32 -80.15,-79.27 -76.22,-79.39 -76.03,-79.63 -76.56,-79.90 -79.66,-80.00 -78.18,-80.17 -76.41,-80.09 -75.71,-80.38 -75.08,-80.86 -73.03,-80.92 -70.69,-80.63 -69.77,-80.96 -68.59,-80.97 -68.14,-81.13 -65.57,-81.46 -62.35,-81.58 -62.17,-81.64 -62.54,-81.68 -65.62,-81.73 -64.14,-81.87 -66.13,-81.95 -65.84,-81.99 -65.91,-82.18 -65.71,-82.28 -64.92,-82.37 -60.53,-82.20 -62.74,-82.53 -61.92,-82.98 -61.22,-82.99 -61.20,-83.10 -61.59,-83.34 -61.43,-83.40 -59.52,-83.46 -55.80,-82.48 -53.99,-82.20 -50.65,-81.98 -46.26,-81.95 -46.05,-82.16 -46.52,-82.45 -45.04,-82.44 -43.67,-82.27 -41.13,-81.21 -38.77,-80.88 -37.21,-81.06 -35.97,-80.89 -35.33,-80.65 -31.31,-80.45 -31.02,-80.31 -29.53,-80.18 -23.57,-79.96 -23.41,-79.86 -24.30,-79.77 -29.95,-79.60 -30.21,-79.49 -30.18,-79.30 -30.32,-79.16 -30.65,-79.12 -32.99,-79.23 -34.20,-79.11 -36.24,-78.77 -36.18,-78.47 -35.51,-78.04 -34.55,-77.73 -34.08,-77.43 -32.61,-77.14 -32.06,-77.16 -28.93,-76.37 -24.27,-75.77 -18.30,-75.43 -18.75,-75.24 -17.44,-74.38 -15.67,-74.41 -14.57,-73.94 -14.61,-73.85 -16.22,-73.92 -15.94,-73.76 -16.52,-73.64 -16.44,-73.43 -15.60,-73.10 -14.16,-73.10 -14.00,-73.00 -14.30,-72.73 -13.21,-72.79 -11.50,-72.41 -10.96,-71.90 -11.01,-71.76 -12.15,-71.61 -12.35,-71.39 -11.93,-71.29 -10.83,-71.55 -10.52,-71.30 -10.03,-71.13 -10.33,-71.02 -10.27,-70.94 -9.23,-71.17 -8.65,-71.67 -7.71,-71.55 -7.59,-71.22 -7.87,-70.94 -7.75,-70.84 -5.94,-70.71 -5.59,-70.86 -6.08,-71.15 -6.12,-71.33 -2.61,-71.32 -2.01,-71.43 -1.07,-71.27 -0.54,-71.71 0.54,-71.27 1.91,-71.00 7.40,-70.49 7.68,-70.36 8.52,-70.47 9.14,-70.18 10.97,-70.69 11.70,-70.77 12.93,-70.21 12.63,-70.07 13.07,-70.05 13.30,-70.23 13.82,-70.34 15.81,-70.32 16.38,-70.15 16.71,-70.40 18.12,-70.54 18.43,-70.29 19.01,-70.21 19.20,-70.29 19.03,-70.67 19.41,-70.92 21.07,-70.84 21.70,-70.26 22.37,-70.48 22.28,-70.70 22.98,-70.81 23.41,-70.72 23.80,-70.40 24.02,-70.41 24.39,-70.54 24.39,-70.70 24.76,-70.89 26.50,-71.02 30.00,-70.30 31.38,-70.23 32.62,-70.00 32.99,-69.62 32.90,-69.38 32.57,-69.07 32.64,-68.87 33.47,-68.67 34.19,-68.70 34.22,-68.79 33.77,-69.02 33.81,-69.10 34.60,-69.09 35.36,-69.68 36.59,-69.64 37.11,-69.81 37.79,-69.73 38.89,-70.17 38.86,-70.01 39.71,-69.43 39.86,-68.97 40.22,-68.80 42.41,-68.35 42.96,-68.10 46.40,-67.62 46.32,-67.40 46.56,-67.27 47.35,-67.36 47.12,-67.57 47.49,-67.73 48.21,-67.70 48.37,-67.99 48.65,-67.79 48.63,-67.52 49.22,-67.23 48.71,-67.22 48.47,-67.04 49.25,-66.94 50.01,-67.18 50.55,-67.19 50.52,-66.82 50.24,-66.60 50.33,-66.44 51.88,-66.02 53.67,-65.86 55.29,-65.95 56.36,-66.37 57.00,-66.47 57.19,-66.61 56.99,-66.70 56.15,-66.63 56.48,-66.86 55.80,-67.20 56.15,-67.26 56.76,-67.07 57.63,-67.01 58.74,-67.23 59.25,-67.48 60.48,-67.39 62.69,-67.65 63.70,-67.51 68.33,-67.89 69.56,-67.76 69.60,-68.04 69.98,-68.46 69.53,-68.74 69.63,-69.23 68.91,-69.37 68.88,-69.47 69.19,-69.65 69.08,-69.87 68.18,-69.84 67.27,-70.27 67.94,-70.42 69.02,-70.33 69.25,-70.43 69.19,-70.70 68.87,-71.04 68.04,-71.39 67.43,-72.00 66.89,-72.95 66.50,-73.13 67.32,-73.30 67.97,-73.09 67.97,-72.75 68.42,-72.52 69.55,-72.37 71.28,-71.62 71.46,-71.15 71.77,-70.80 72.76,-70.40 72.82,-70.10 73.32,-69.85 73.94,-69.74 74.57,-69.88 75.64,-69.85 76.11,-69.49 77.82,-69.07 78.49,-68.63 78.56,-68.39 79.04,-68.18 82.02,-67.69 83.30,-67.60 84.49,-67.11 85.71,-67.16 87.98,-66.79 89.70,-66.82 92.07,-66.51 94.09,-66.69 94.84,-66.50 95.54,-66.63 97.10,-66.50 97.72,-66.61 98.26,-66.47 98.86,-66.67 99.37,-66.65 100.89,-66.36 101.38,-65.97 102.67,-65.87 107.17,-66.47 109.46,-66.91 110.62,-66.52 110.59,-66.31 110.91,-66.08 113.10,-65.80 113.71,-65.93 114.34,-66.36 115.31,-66.56 115.64,-66.77 115.27,-67.03 113.99,-67.21 113.91,-67.37 114.03,-67.44 116.71,-67.05 118.71,-67.17 120.19,-66.97 118.92,-67.32 119.13,-67.37 121.49,-67.09 122.18,-66.86 123.97,-66.61 124.82,-66.69 125.40,-66.42 125.87,-66.36 126.66,-66.50 126.87,-66.76 127.54,-67.05 128.43,-67.12 129.24,-67.04 129.74,-66.47 130.58,-66.21 131.83,-66.24 133.44,-66.08 134.18,-66.28 134.40,-66.48 135.35,-66.13 136.55,-66.44 137.34,-66.35 138.27,-66.56 141.97,-66.81 142.69,-67.01 143.73,-66.88 143.91,-67.09 144.35,-67.02 144.62,-67.14 143.98,-67.86 145.13,-67.63 145.98,-67.62 146.83,-67.96 146.90,-68.12 146.80,-68.27 147.09,-68.37 148.46,-68.47 150.94,-68.36 151.07,-68.38 151.14,-68.76 151.29,-68.82 151.56,-68.69 153.08,-68.86 153.71,-68.73 153.78,-68.35 153.91,-68.32 155.52,-69.02 157.48,-69.31 157.93,-69.18 159.78,-69.52 160.13,-69.73 160.21,-69.97 161.04,-70.32 161.42,-70.83 162.19,-71.04 162.29,-70.97 162.02,-70.44 162.67,-70.30 163.35,-70.62 164.00,-70.64 164.40,-70.51 167.57,-70.81 168.17,-71.18 170.16,-71.63 170.44,-71.42 170.86,-71.87 170.22,-71.95 170.03,-72.12 169.95,-72.40 170.26,-72.37 170.21,-72.57 168.43,-72.38 169.83,-72.73 169.55,-73.05 169.03,-73.20 168.38,-73.07 167.16,-73.15 166.45,-72.94 166.83,-73.22 167.71,-73.39 165.86,-73.59 166.11,-73.74 165.35,-73.88 165.13,-73.38 164.81,-73.40 164.75,-73.56 164.98,-73.93 164.78,-74.03 165.41,-74.56 163.74,-74.56 163.40,-74.38 163.17,-74.60 162.60,-74.82 162.53,-75.17 162.41,-75.24 160.91,-75.33 162.19,-75.47 162.24,-75.62 162.82,-75.85 162.44,-76.15 162.73,-76.23 162.82,-76.46 162.67,-76.57 162.76,-76.75 162.45,-76.96 163.09,-77.03 163.61,-77.39 163.77,-77.70 164.42,-77.88 164.43,-78.04 163.98,-78.22 164.63,-78.32 165.42,-78.04 165.66,-78.31 167.06,-78.52 167.05,-78.69 166.12,-78.57 164.63,-78.60 162.64,-78.90 161.67,-78.54 161.50,-78.68 161.95,-79.03 160.87,-79.05 160.48,-79.20 160.65,-79.43 159.98,-79.59 160.35,-79.69 159.90,-79.86 160.39,-79.88 160.56,-80.01 158.77,-80.29 158.57,-80.42 160.64,-80.45 160.52,-80.58 160.83,-80.73 160.26,-80.79 160.72,-80.91 160.72,-81.20 160.47,-81.34 163.60,-82.12 161.17,-82.41 161.28,-82.49 163.01,-82.53 164.75,-82.35 167.12,-82.80 167.30,-82.99 167.60,-83.05 168.09,-82.97 168.61,-83.07 168.24,-83.23 167.67,-83.23 168.11,-83.36 171.04,-83.45 171.92,-83.64 179.40,-84.21 180.00,-84.35 180.00,-90.00 -180.00,-90.00 -180.00,-84.35 -171.70,-84.54 -167.49,-84.83 -156.46,-85.19 -157.45,-84.91 -156.62,-84.84 -165.14,-84.41 -163.77,-84.32 -164.69,-84.15 -164.01,-84.02 -164.08,-83.95 -165.54,-83.76 -167.80,-83.79 -169.17,-83.45 -174.07,-82.90 -174.24,-82.79 -173.07,-82.92 -171.82,-82.85 -168.42,-83.23 -165.62,-83.22 -164.45,-83.47 -163.11,-83.33 -162.20,-83.52 -159.44,-83.54 -157.43,-83.35 -157.03,-83.23 -157.68,-83.13 -155.46,-82.98 -153.01,-82.45 -154.72,-81.94 -153.96,-81.70 -157.03,-81.32 -156.53,-81.16 -148.12,-80.90 -148.02,-80.84 -149.15,-80.72 -149.21,-80.60 -150.58,-80.35 -150.22,-80.15 -148.32,-80.07 -148.43,-79.93 -148.13,-79.91 -148.18,-79.78 -151.05,-79.46 -152.09,-79.24 -152.14,-79.12 -154.52,-79.05 -156.11,-78.74 -156.47,-78.64 -156.21,-78.56 -154.29,-78.26 -157.27,-78.20 -158.29,-77.95 -158.50,-77.78 -158.23,-77.50 -158.21,-77.16 -158.00,-77.09 -157.14,-77.24 -156.21,-77.11 -154.81,-77.13 -153.91,-77.23 -153.46,-77.42 -151.72,-77.43 -149.72,-77.80 -148.16,-77.46 -148.74,-77.34 -148.84,-77.28 -148.78,-77.12 -147.57,-77.33 -146.93,-77.26 -146.07,-77.49 -145.60,-77.46 -145.81,-77.27 -145.52,-77.20 -145.97,-77.07 -145.63,-76.95 -145.75,-76.75 -146.78,-76.51 -149.65,-76.37 -148.32,-76.10 -145.44,-76.41 -146.38,-76.10 -146.32,-76.02 -143.57,-75.56 -142.33,-75.49 -140.87,-75.75 -141.22,-75.55 -139.69,-75.21 -137.62,-75.08 -136.65,-75.16 -136.23,-74.84 -135.36,-74.69 -133.80,-74.85 -132.05,-74.77 -129.79,-74.89 -127.02,-74.70 -121.54,-74.75 -119.68,-74.65 -118.34,-74.38 -115.22,-74.49 -114.62,-73.90 -113.51,-74.09 -113.75,-74.37 -113.33,-74.45 -113.90,-74.64 -114.11,-74.98 -111.70,-74.79 -111.58,-74.75 -111.79,-74.57 -111.70,-74.50 -111.81,-74.27 -111.18,-74.19 -110.31,-74.37 -110.23,-74.54 -110.53,-74.84 -111.46,-75.13 -111.36,-75.22 -109.27,-75.19 -106.62,-75.34 -104.90,-75.12 -103.12,-75.10 -101.71,-75.13 -101.04,-75.42 -98.75,-75.32 -98.56,-75.19 -98.73,-75.14 -100.47,-74.87 -100.01,-74.66 -100.12,-74.52 -101.25,-74.49 -101.72,-74.02 -102.86,-73.78 -102.80,-73.65 -102.41,-73.62 -100.72,-73.76 -98.90,-73.61 -100.44,-73.35 -102.91,-73.29 -103.38,-72.82 -103.11,-72.72 -102.36,-72.76 -102.27,-72.83 -102.41,-72.99 -98.21,-73.02 -96.39,-73.30 -95.24,-73.22 -94.25,-73.31 -92.83,-73.16 -90.92,-73.32 -90.43,-73.24 -90.27,-73.12 -90.30,-72.98 -89.34,-72.89 -89.13,-72.69 -88.78,-72.68 -88.19,-72.79 -88.56,-73.12 -88.42,-73.23 -87.40,-73.19 -86.79,-73.36 -85.80,-73.19 -84.98,-73.50 -82.18,-73.86 -81.31,-73.74 -81.16,-73.63 -81.26,-73.31 -81.18,-73.25 -80.34,-73.41 -80.61,-73.08 -80.44,-72.94 -79.52,-73.09 -78.96,-73.31 -78.79,-73.51 -76.85,-73.46 -76.76,-73.57 -77.05,-73.84 -75.29,-73.64 -74.00,-73.70 -72.93,-73.45 -69.28,-73.17 -67.67,-72.83 -66.83,-72.09 -67.46,-71.53 -67.50,-71.06 -67.69,-70.69 -68.40,-70.02 -68.47,-69.64 -68.71,-69.43 -67.37,-69.41 -66.97,-69.16 -67.02,-69.03 -67.39,-68.86 -67.13,-68.77 -67.04,-68.45 -66.79,-68.24 -67.15,-68.02 -66.68,-67.56 -67.54,-67.53 -67.49,-67.11 -67.03,-66.95 -66.90,-67.26 -66.50,-67.29 -66.50,-66.69 -66.31,-66.59 -65.77,-66.62 -65.68,-66.40 -65.77,-66.29 -65.62,-66.14 -65.17,-66.12 -65.27,-65.99 -64.51,-65.96 -64.65,-65.75 -63.82,-65.53 -64.05,-65.42 -64.07,-65.28 -63.76,-65.03 -63.06,-65.14 -63.12,-64.94 -62.53,-64.83 -62.50,-64.66 -62.24,-64.75 -61.63,-64.60 -60.86,-64.07 -57.39,-63.23 -57.08,-63.26 -57.02,-63.37
R|-45.22,-78.81 -43.54,-78.90 -42.94,-79.58 -43.07,-79.89 -43.74,-80.00 -43.49,-80.10 -43.53,-80.19 -49.19,-80.64 -49.77,-80.78 -54.16,-80.87 -54.35,-80.76 -54.35,-80.57 -53.39,-80.11 -52.30,-80.14 -50.40,-79.51 -50.29,-79.43 -50.38,-79.34 -50.73,-79.28 -50.50,-78.95 -50.24,-78.83 -50.38,-78.78 -50.22,-78.61 -49.08,-78.05 -46.83,-77.79 -44.59,-78.04 -43.81,-78.29 -43.85,-78.53 -45.21,-78.69 -45.35,-78.79 -45.22,-78.81
R|-59.73,-80.34 -59.83,-80.73 -60.58,-80.95 -62.67,-80.83 -63.14,-80.59 -64.27,-80.75 -66.77,-80.29 -66.38,-80.22 -65.98,-80.38 -61.63,-80.34 -61.19,-80.26 -61.60,-80.21 -61.68,-80.02 -60.58,-79.74 -59.71,-79.88 -59.79,-80.10 -59.32,-80.20 -59.73,-80.34
R|-70.05,-69.19 -70.08,-69.31 -69.71,-69.32 -69.42,-69.58 -68.31,-70.91 -68.24,-71.82 -68.54,-72.16 -69.21,-72.53 -70.54,-72.66 -72.78,-72.58 -73.09,-72.41 -72.74,-72.28 -70.87,-72.37 -70.21,-72.23 -71.66,-72.25 -71.90,-72.12 -71.03,-72.03 -70.82,-71.91 -71.82,-71.82 -72.34,-71.63 -72.93,-71.92 -73.78,-71.85 -73.54,-72.02 -74.00,-72.17 -74.79,-72.06 -75.38,-71.83 -75.34,-71.65 -75.10,-71.56 -74.39,-71.64 -74.43,-71.46 -74.24,-71.39 -73.48,-71.58 -73.38,-71.53 -73.62,-71.40 -73.47,-71.32 -72.21,-71.34 -72.99,-71.19 -72.71,-71.07 -71.72,-71.15 -71.19,-70.98 -70.38,-70.95 -69.87,-71.13 -69.88,-70.88 -70.92,-70.79 -71.19,-70.66 -70.33,-70.36 -69.62,-70.40 -70.33,-70.16 -71.12,-70.20 -71.73,-70.05 -71.88,-69.91 -71.74,-69.42 -72.14,-69.18 -72.06,-69.00 -71.87,-68.94 -70.42,-68.79 -70.11,-68.96 -70.05,-69.19
R|-98.09,-71.91 -98.17,-72.12 -97.92,-72.12 -97.82,-71.92 -97.58,-71.88 -97.47,-72.00 -97.58,-72.10 -97.35,-72.19 -96.87,-71.85 -96.12,-71.90 -96.98,-72.22 -95.61,-72.07 -95.58,-72.41 -96.08,-72.45 -96.05,-72.58 -98.41,-72.55 -102.31,-72.08 -100.22,-71.83 -99.78,-72.04 -98.62,-71.76 -98.09,-71.91
R|-120.56,-73.76 -120.27,-73.99 -120.99,-74.16 -121.00,-74.33 -122.29,-74.40 -122.94,-74.30 -122.76,-74.22 -122.88,-74.10 -122.62,-73.97 -123.35,-73.84 -123.01,-73.67 -120.56,-73.76
R|-126.33,-73.29 -125.74,-73.41 -125.26,-73.67 -125.86,-73.78 -124.54,-73.74 -124.04,-73.88 -124.15,-73.94 -123.80,-74.08 -123.84,-74.23 -125.09,-74.18 -126.24,-73.89 -126.58,-73.67 -127.21,-73.72 -127.43,-73.45 -127.27,-73.30 -126.33,-73.29
R|-159.05,-79.81 -160.30,-79.84 -161.87,-79.70 -163.71,-79.44 -164.28,-79.25 -164.13,-79.00 -163.26,-78.72 -162.39,-78.76 -159.68,-79.40 -159.05,-79.69 -159.05,-79.81
R|167.08,-77.32 169.35,-77.52 168.52,-77.68 167.39,-77.65 166.73,-77.85 166.22,-77.52 166.63,-77.38 166.41,-77.25 166.51,-77.19 166.99,-77.19 167.08,-77.32
R|-31.12,-79.80 -30.84,-79.77 -30.78,-79.65 -29.61,-79.91 -30.42,-80.01 -31.82,-79.85 -32.00,-79.73 -31.68,-79.63 -31.12,-79.80
R|-33.93,-79.32 -36.60,-79.28 -35.53,-79.09 -33.93,-79.32
R|-70.33,-79.68 -71.69,-79.57 -71.78,-79.44 -71.45,-79.13 -67.48,-78.36 -66.73,-78.38 -69.25,-79.21 -69.69,-79.44 -69.73,-79.62 -70.33,-79.68
R|-57.85,-64.05 -57.48,-63.96 -57.22,-64.22 -57.41,-64.30 -57.29,-64.37 -58.21,-64.37 -58.30,-64.31 -58.02,-64.24 -58.15,-64.10 -58.44,-64.11 -58.27,-63.92 -57.83,-63.80 -57.85,-64.05
R|-55.53,-63.17 -55.16,-63.20 -55.08,-63.32 -55.16,-63.35 -55.83,-63.30 -56.38,-63.44 -56.51,-63.33 -56.04,-63.16 -55.53,-63.17
R|-57.98,-61.91 -57.64,-62.02 -58.47,-62.14 -58.56,-62.24 -59.00,-62.21 -58.68,-62.01 -57.98,-61.91
R|-63.18,-64.47 -63.28,-64.57 -62.84,-64.57 -63.74,-64.83 -64.27,-64.70 -63.49,-64.26 -63.23,-64.32 -63.18,-64.47
R|-62.33,-64.42 -62.78,-64.48 -62.50,-64.25 -62.61,-64.12 -62.45,-64.01 -62.06,-64.14 -62.33,-64.42
R|-67.99,-67.47 -68.82,-67.75 -69.14,-67.52 -68.42,-66.85 -67.83,-66.62 -67.68,-66.71 -67.93,-66.84 -67.97,-67.03 -67.69,-67.15 -68.24,-67.37 -67.99,-67.47
R|-73.71,-70.64 -73.55,-70.72 -73.69,-70.79 -74.81,-71.01 -76.27,-71.13 -76.51,-70.99 -76.25,-70.86 -75.13,-70.75 -74.95,-70.59 -74.59,-70.79 -74.40,-70.58 -73.71,-70.64
R|-74.99,-69.73 -74.44,-69.95 -74.67,-70.13 -75.80,-70.04 -75.68,-69.88 -74.99,-69.73
R|-74.35,-73.10 -74.67,-73.28 -74.37,-73.46 -74.57,-73.61 -75.90,-73.33 -76.10,-73.15 -75.28,-73.05 -75.73,-72.88 -75.38,-72.82 -74.34,-72.92 -74.22,-73.00 -74.35,-73.10
R|-91.16,-73.18 -91.51,-73.20 -91.36,-72.91 -91.67,-72.62 -90.81,-72.61 -90.90,-72.82 -90.78,-72.99 -91.16,-73.18
R|167.64,-78.14 166.28,-78.31 166.01,-78.10 166.86,-78.20 167.50,-77.99 167.64,-78.14
R|100.98,-65.68 100.27,-65.60 100.55,-65.41 100.88,-65.38 101.26,-65.53 100.98,-65.68
R|26.86,-70.38 26.36,-70.43 26.01,-70.37 25.95,-70.26 26.30,-70.07 26.60,-70.08 26.86,-70.38
R|-5.89,-70.55 -6.16,-70.61 -6.44,-70.45 -5.97,-70.42 -5.89,-70.55
R|-3.28,-70.53 -3.50,-70.49 -3.17,-70.31 -2.68,-70.38 -2.74,-70.51 -3.28,-70.53
R|-66.17,-80.08 -67.81,-79.55 -66.01,-79.62 -65.58,-79.77 -65.50,-79.95 -66.17,-80.08
R|-67.26,-79.45 -68.55,-79.44 -67.71,-79.21 -67.07,-79.27 -67.26,-79.45
R|-55.17,-61.22 -55.30,-61.25 -55.39,-61.07 -54.67,-61.12 -55.17,-61.22
R|-62.00,-69.72 -62.57,-69.18 -62.24,-69.18 -61.82,-69.38 -62.00,-69.72
R|-60.62,-62.56 -59.85,-62.61 -60.22,-62.75 -60.38,-62.62 -61.06,-62.68 -61.15,-62.59 -60.80,-62.48 -60.62,-62.56
R|-71.99,-69.70 -72.78,-69.65 -72.96,-69.53 -72.46,-69.45 -71.99,-69.70
R|-95.03,-72.67 -95.22,-72.60 -94.57,-72.47 -94.43,-72.61 -95.03,-72.67
R|-104.54,-73.17 -104.88,-73.20 -105.13,-72.99 -104.97,-72.94 -104.54,-73.17
R|-119.55,-74.11 -119.91,-74.08 -119.66,-73.99 -119.80,-73.81 -118.88,-73.88 -119.55,-74.11
R|-127.37,-74.62 -127.92,-74.54 -128.13,-74.33 -127.23,-74.43 -127.15,-74.48 -127.37,-74.62
R|-161.99,-83.12 -163.05,-83.10 -163.80,-82.84 -162.41,-82.90 -161.64,-83.03 -161.99,-83.12
R|-160.47,-81.59 -163.95,-81.39 -162.46,-81.31 -160.47,-81.59
R|169.84,-73.60 169.48,-73.54 169.78,-73.32 169.96,-73.51 169.84,-73.60
R|96.61,-66.04 97.02,-66.16 96.39,-66.22 96.31,-66.19 96.40,-66.08 96.61,-66.04
R|103.40,-65.45 103.18,-65.45 103.11,-65.31 102.76,-65.17 103.14,-65.19 103.40,-65.45
R|85.82,-66.95 85.65,-66.98 85.31,-66.78 85.81,-66.77 85.94,-66.89 85.82,-66.95
R|72.00,-70.63 71.66,-70.50 71.65,-70.34 71.80,-70.26 72.07,-70.52 72.00,-70.63
R|16.22,-70.01 15.56,-69.86 15.91,-69.73 16.57,-69.72 16.22,-70.01
R|3.04,-70.60 2.58,-70.53 3.19,-70.39 3.22,-70.52 3.04,-70.60
R|1.30,-70.26 1.16,-70.38 0.95,-70.09 1.41,-70.04 1.46,-70.14 1.30,-70.26
R|-2.53,-70.77 -2.09,-70.82 -2.78,-71.17 -2.80,-70.98 -3.01,-70.85 -3.57,-70.70 -2.53,-70.77
R|4.53,-70.48 4.18,-70.45 4.07,-70.29 4.50,-70.25 4.62,-70.37 4.53,-70.48
R|-20.61,-73.89 -20.64,-74.15 -20.42,-74.32 -20.49,-74.49 -20.82,-74.45 -21.17,-74.13 -22.04,-74.11 -21.13,-73.94 -20.69,-73.63 -20.52,-73.71 -20.61,-73.89
R|-60.74,-70.71 -60.90,-70.69 -60.94,-70.53 -60.45,-70.54 -60.74,-70.71
R|-65.85,-65.84 -66.18,-65.87 -66.15,-65.77 -65.97,-65.57 -65.64,-65.55 -65.85,-65.84
R|-67.35,-67.77 -67.69,-67.76 -67.74,-67.66 -67.25,-67.60 -67.15,-67.65 -67.35,-67.77
R|-73.88,-73.36 -74.13,-73.28 -73.83,-73.11 -73.54,-73.12 -73.88,-73.36
R|-116.74,-74.17 -117.40,-74.12 -116.38,-73.87 -116.15,-73.91 -116.74,-74.17
R|-131.07,-74.58 -132.16,-74.43 -131.76,-74.32 -130.98,-74.41 -131.07,-74.58
R|-145.24,-75.71 -146.15,-75.57 -145.76,-75.51 -145.24,-75.71
R|-146.61,-76.96 -147.08,-76.99 -147.12,-76.87 -146.24,-76.88 -146.16,-76.95 -146.61,-76.96
R|-148.60,-77.01 -149.01,-77.02 -149.24,-76.99 -149.30,-76.92 -149.24,-76.90 -148.51,-76.95 -148.44,-76.98 -148.47,-77.00 -148.60,-77.01
R|-149.33,-76.72 -148.32,-76.77 -148.98,-76.85 -149.47,-76.76 -149.33,-76.72
R|-150.40,-77.37 -151.51,-77.27 -151.02,-77.22 -150.40,-77.37
R|-153.93,-80.03 -154.35,-80.03 -154.94,-79.97 -155.04,-79.90 -155.75,-79.83 -155.67,-79.77 -154.54,-79.94 -154.03,-79.99 -153.93,-80.03
R|-149.23,-77.12 -150.79,-76.98 -149.87,-76.88 -149.23,-77.12
R|-157.99,-82.10 -158.99,-81.78 -157.83,-82.03 -157.99,-82.10
C|SX|Sint Maarten|North America|-63.07|18.04
R|-63.12,18.07 -63.01,18.07 -63.01,18.05 -63.02,18.02 -63.09,18.04 -63.12,18.07
C|TV|Tuvalu|Oceania|179.21|-8.51
R|179.21,-8.52 179.20,-8.53 179.20,-8.47 179.21,-8.52
